sourceId,sourceFen,setupMove,playableFen,solutionMoves,rating,difficulty,popularity,ratingDeviation,numberOfPlays,themes,reviewStatus,inclusionReason
09IGa,r3kb1r/ppp1pppp/2n5/4q3/6P1/3P1B1P/PPP2P2/R1BQK1R1 w Qkq - 1 12,d1e2,r3kb1r/ppp1pppp/2n5/4q3/6P1/3P1B1P/PPP1QP2/R1B1K1R1 b Qkq - 2 12,c6d4 e2e5 d4f3 e1e2 f3e5,2008,hard,100,75,1153,advantage fork long middlegame sacrifice,approved,"Approved hard Fork puzzle with popularity 100, 1153 plays, and rating deviation 75"
0Jalw,8/ppq1r1k1/2nR2pp/3Q1p2/2B5/1Pp3P1/P4P1P/6K1 b - - 3 33,e7e1,8/ppq3k1/2nR2pp/3Q1p2/2B5/1Pp3P1/P4P1P/4r1K1 w - - 4 34,g1g2 e1e8 d6d7 c7d7 d5d7,1488,medium,100,75,4780,crushing endgame fork long,approved,"Approved medium Fork puzzle with popularity 100, 4780 plays, and rating deviation 75"
0LjER,8/7p/2k2pp1/4p3/4K1P1/2P2P2/7P/8 b - - 0 32,c6c5,8/7p/5pp1/2k1p3/4K1P1/2P2P2/7P/8 w - - 1 33,g4g5 f6g5 e4e5 g5g4 f3g4,2052,hard,99,75,1110,crushing deflection endgame long pawnEndgame,approved,"Approved hard Deflection puzzle with popularity 99, 1110 plays, and rating deviation 75"
0Ozbu,2rr3k/1bq2p1p/p3pNp1/4B3/8/1B2R3/PP4PP/R5K1 b - - 0 26,c7c6,2rr3k/1b3p1p/p1q1pNp1/4B3/8/1B2R3/PP4PP/R5K1 w - - 1 27,f6d5 h8g8 d5e7 g8f8 e7c6,2013,hard,100,75,1093,advantage discoveredAttack fork long middlegame,approved,"Approved hard Fork puzzle with popularity 100, 1093 plays, and rating deviation 75"
0Svc3,2R2r1k/6p1/p6p/1p1r4/8/4QP2/P2q1P1P/2R3K1 b - - 1 26,f8c8,2r4k/6p1/p6p/1p1r4/8/4QP2/P2q1P1P/2R3K1 w - - 0 27,c1c8 d5d8 e3d2,1384,easy,100,76,4486,crushing endgame pin short,approved,"Approved easy Pin puzzle with popularity 100, 4486 plays, and rating deviation 76"
0Y9P3,7k/4R3/3p4/5Kp1/4P2p/6r1/8/8 b - - 1 42,h4h3,7k/4R3/3p4/5Kp1/4P3/6rp/8/8 w - - 0 43,f5g6 g3f3 e7e8 f3f8 e8f8,1426,medium,100,75,4720,endgame exposedKing long mate mateIn3 rookEndgame,approved,"Approved medium Mate puzzle with popularity 100, 4720 plays, and rating deviation 75"
0b02Q,8/8/3p2k1/1P1P2pp/4q3/6PK/1P1Q3P/8 w - - 0 47,b5b6,8/8/1P1p2k1/3P2pp/4q3/6PK/1P1Q3P/8 b - - 0 47,g5g4 h3h4 e4e7 d2g5 e7g5,1480,medium,100,76,3815,endgame long mate mateIn3 queenEndgame,approved,"Approved medium Mate puzzle with popularity 100, 3815 plays, and rating deviation 76"
0bg6I,3R4/3k2P1/1p2p3/p1p3K1/8/8/8/r7 b - - 4 49,d7d8,3k4/6P1/1p2p3/p1p3K1/8/8/8/r7 w - - 0 50,g7g8q d8d7 g8g7 d7c6 g7a1,1358,easy,100,75,4066,advancedPawn crushing endgame exposedKing fork long promotion,approved,"Approved easy Fork puzzle with popularity 100, 4066 plays, and rating deviation 75"
0hH95,2k5/pp1n1p2/2p5/3p1Qpn/3P3r/2P1PP1N/PP1N2Pq/R4K2 w - - 3 25,f5g5,2k5/pp1n1p2/2p5/3p2Qn/3P3r/2P1PP1N/PP1N2Pq/R4K2 b - - 0 25,h4h3 g2h3 h5g3 g5g3 h2g3,2115,hard,99,75,1051,advantage long middlegame sacrifice,approved,"Approved hard Sacrifice puzzle with popularity 99, 1051 plays, and rating deviation 75"
0iVzE,2Rr2k1/pQ4p1/4p2p/5pq1/3r1n2/4N3/PP3PPP/5RK1 b - - 2 22,d4d7,2Rr2k1/pQ1r2p1/4p2p/5pq1/5n2/4N3/PP3PPP/5RK1 w - - 3 23,b7d7 d8c8 d7c8,1368,easy,100,74,5027,advantage middlegame pin short,approved,"Approved easy Pin puzzle with popularity 100, 5027 plays, and rating deviation 74"
0lBW3,1R3b1r/p2pkp1p/6pP/3bPP2/3N4/2r5/P1P5/4KR2 b - - 0 24,g6f5,1R3b1r/p2pkp1p/7P/3bPp2/3N4/2r5/P1P5/4KR2 w - - 0 25,d4f5 e7e6 b8e8 f8e7 e8e7,1350,easy,100,76,4222,long mate mateIn3 middlegame,approved,"Approved easy Mate puzzle with popularity 100, 4222 plays, and rating deviation 76"
0ogxM,1B2r1k1/5ppp/1pp5/8/2P4P/3P2Pb/2Pn4/1R3RK1 w - - 1 27,f1e1,1B2r1k1/5ppp/1pp5/8/2P4P/3P2Pb/2Pn4/1R2R1K1 b - - 2 27,d2f3 g1f2 f3e1 b1e1 e8b8,2088,hard,99,76,1110,advantage endgame fork long,approved,"Approved hard Fork puzzle with popularity 99, 1110 plays, and rating deviation 76"
0pbrW,2Q5/4p3/3pk3/p3rqp1/1p6/1P6/PKP5/3R4 b - - 3 34,e6f6,2Q5/4p3/3p1k2/p3rqp1/1p6/1P6/PKP5/3R4 w - - 4 35,d1f1 f5f1 c8f8 f6g6 f8f1,2032,hard,98,78,1719,advantage endgame long pin sacrifice skewer,approved,"Approved hard Pin puzzle with popularity 98, 1719 plays, and rating deviation 78"
0uv4N,8/8/1k3p1p/p1p1b3/P1BrP3/1P2K2P/8/7R w - - 3 41,h1g1,8/8/1k3p1p/p1p1b3/P1BrP3/1P2K2P/8/6R1 b - - 4 41,d4c4 b3c4 e5d4 e3f4 d4g1,1372,easy,100,74,2825,clearance crushing endgame long sacrifice skewer,approved,"Approved easy Skewer puzzle with popularity 100, 2825 plays, and rating deviation 74"
0y4wp,8/8/4k3/1r6/4p2P/3p2P1/5P2/3R1K2 w - - 2 46,f2f3,8/8/4k3/1r6/4p2P/3p1PP1/8/3R1K2 b - - 0 46,b5f5 f1g2 f5f3,2127,hard,98,78,3478,advantage endgame master pin rookEndgame short,approved,"Approved hard Pin puzzle with popularity 98, 3478 plays, and rating deviation 78"
0ypij,r2k4/7R/p3p3/3pN3/1p2nP2/8/6P1/6K1 b - - 0 40,a6a5,r2k4/7R/4p3/p2pN3/1p2nP2/8/6P1/6K1 w - - 0 41,h7h8 d8e7 h8a8,1413,medium,100,75,2691,advantage endgame short skewer,approved,"Approved medium Skewer puzzle with popularity 100, 2691 plays, and rating deviation 75"
134eC,2r1r1k1/p4q1p/bp4pP/3R4/P1n3N1/4N3/4QPP1/2R3K1 b - - 0 28,f7d5,2r1r1k1/p6p/bp4pP/3q4/P1n3N1/4N3/4QPP1/2R3K1 w - - 0 29,g4f6 g8f7 f6d5,1165,easy,100,76,18134,advantage fork master middlegame short,approved,"Approved easy Fork puzzle with popularity 100, 18134 plays, and rating deviation 76"
13qOa,r7/ppp2p2/2kb1N2/4p1R1/P3Pp2/2PB4/1P3r2/2K5 b - - 0 25,f2f3,r7/ppp2p2/2kb1N2/4p1R1/P3Pp2/2PB1r2/1P6/2K5 w - - 1 26,d3b5 c6b6 f6d5 b6a5 b2b4 d6b4 c3b4,2185,hard,98,77,2105,endgame exposedKing mate mateIn4 veryLong,approved,"Approved hard Mate puzzle with popularity 98, 2105 plays, and rating deviation 77"
18GEz,2r4r/8/2R5/1p2p1pk/4P3/1BKP4/1PP4N/8 w - - 1 38,b3d5,2r4r/8/2R5/1p1Bp1pk/4P3/2KP4/1PP4N/8 b - - 2 38,c8c6 d5c6 h8c8,1449,medium,100,75,5206,advantage clearance endgame pin short,approved,"Approved medium Pin puzzle with popularity 100, 5206 plays, and rating deviation 75"
18V9o,2rq4/p2n1rpk/1p3n1p/5P2/3P4/2P1PNQ1/PP3P1P/2K3R1 b - - 6 22,f6g8,2rq2n1/p2n1rpk/1p5p/5P2/3P4/2P1PNQ1/PP3P1P/2K3R1 w - - 7 23,g3g6 h7h8 g6f7,1374,easy,100,77,4487,advantage fork middlegame short,approved,"Approved easy Fork puzzle with popularity 100, 4487 plays, and rating deviation 77"
1AvDn,6k1/P4pp1/1n5p/1Pqp4/3p4/5PQP/6PK/8 b - - 1 45,c5b5,6k1/P4pp1/1n5p/1q1p4/3p4/5PQP/6PK/8 w - - 0 46,g3b8 g8h7 a7a8q b6a8 b8b5,1390,easy,100,75,3897,advancedPawn crushing endgame long promotion,approved,"Approved easy Promotion puzzle with popularity 100, 3897 plays, and rating deviation 75"
1HcuU,r5rk/p1R3pp/4p3/8/3P1N2/6QP/Pn3PPK/1q2B3 b - - 1 28,b1e1,r5rk/p1R3pp/4p3/8/3P1N2/6QP/Pn3PPK/4q3 w - - 0 29,f4g6 h7g6 g3h4,1356,easy,100,76,5129,mate mateIn2 middlegame sacrifice short,approved,"Approved easy Sacrifice puzzle with popularity 100, 5129 plays, and rating deviation 76"
1W56a,3r3k/Qp2R1pp/2p3r1/7q/5p2/P1P2P1P/1P5K/6R1 w - - 1 30,a7f2,3r3k/1p2R1pp/2p3r1/7q/5p2/P1P2P1P/1P3Q1K/6R1 b - - 2 30,g6g1 h2g1 h5g5 g1h1 g5e7,2245,hard,98,77,2147,attraction crushing endgame fork long,approved,"Approved hard Fork puzzle with popularity 98, 2147 plays, and rating deviation 77"
1jEnT,4r3/1p4k1/2n5/p4pR1/5Q1K/PP1p1P2/7P/4rq2 b - - 0 45,g7f7,4r3/1p3k2/2n5/p4pR1/5Q1K/PP1p1P2/7P/4rq2 w - - 1 46,f4f5 f7e7 g5g7 e7d6 g7d7,2017,hard,99,75,2406,endgame exposedKing killBoxMate long mate mateIn3,approved,"Approved hard Mate puzzle with popularity 99, 2406 plays, and rating deviation 75"
1lOKk,3r4/8/p1P1k3/2K3pp/1P1Bp3/8/5P1P/8 b - - 4 47,g5g4,3r4/8/p1P1k3/2K4p/1P1Bp1p1/8/5P1P/8 w - - 0 48,c6c7 d8g8 c5c6,2069,hard,100,76,1041,advancedPawn advantage defensiveMove endgame short,approved,"Approved hard Advanced pawn tactics puzzle with popularity 100, 1041 plays, and rating deviation 76"
1tZVN,8/3B4/1B1k4/8/4pnp1/5n2/5P2/3K4 b - - 23 61,d6e5,8/3B4/1B6/4k3/4pnp1/5n2/5P2/3K4 w - - 24 62,b6c7 e5d4 c7f4,1167,easy,100,76,3376,crushing deflection endgame master short skewer,approved,"Approved easy Skewer puzzle with popularity 100, 3376 plays, and rating deviation 76"
1zx3Y,3Q2k1/5r1p/3p2p1/2p5/1p1qPp2/1P1P1P1R/r1P1K1P1/2R5 b - - 4 31,g8g7,3Q4/5rkp/3p2p1/2p5/1p1qPp2/1P1P1P1R/r1P1K1P1/2R5 w - - 5 32,h3h7 g7h7 c1h1 h7g7 d8h8,1381,easy,100,74,6270,attraction endgame long mate mateIn3 sacrifice,approved,"Approved easy Sacrifice puzzle with popularity 100, 6270 plays, and rating deviation 74"
22QXr,8/p3R3/2k1P3/5P2/1p1p3P/nPnR2P1/r7/4K3 w - - 0 45,d3d4,8/p3R3/2k1P3/5P2/1p1R3P/nPn3P1/r7/4K3 b - - 0 45,a3c2 e1d2 c2d4,1431,medium,100,76,3483,advantage discoveredAttack discoveredCheck endgame fork short,approved,"Approved medium Fork puzzle with popularity 100, 3483 plays, and rating deviation 76"
25Yhz,2r2r1k/1p1n1pR1/4p2p/pP1pP2N/P2P4/6Q1/1n1q2PP/5RK1 b - - 2 24,c8c1,5r1k/1p1n1pR1/4p2p/pP1pP2N/P2P4/6Q1/1n1q2PP/2r2RK1 w - - 3 25,g7h7 h8h7 g3g7,1439,medium,100,74,3650,attraction kingsideAttack mate mateIn2 middlegame sacrifice short,approved,"Approved medium Sacrifice puzzle with popularity 100, 3650 plays, and rating deviation 74"
25etE,r1b4k/pp1p2pB/4p3/2P4Q/1P6/P7/3K4/q5b1 b - - 4 28,a1f6,r1b4k/pp1p2pB/4pq2/2P4Q/1P6/P7/3K4/6b1 w - - 5 29,h7g6 h8g8 h5h7 g8f8 h7h8 f8e7 h8e8,1414,medium,100,75,6894,discoveredAttack discoveredCheck endgame mate mateIn4 veryLong,approved,"Approved medium Discovered attack puzzle with popularity 100, 6894 plays, and rating deviation 75"
29I6J,6k1/1b1Q1pp1/p3p2p/1pq5/7b/P4P1P/1P4P1/1B5K b - - 1 30,b7f3,6k1/3Q1pp1/p3p2p/1pq5/7b/P4b1P/1P4P1/1B5K w - - 0 31,d7e8 c5f8 b1h7 g8h7 e8f8,1431,medium,100,75,3900,advantage deflection endgame long,approved,"Approved medium Deflection puzzle with popularity 100, 3900 plays, and rating deviation 75"
2EBqD,8/8/P7/7p/6p1/6P1/5k2/7K w - - 1 57,h1h2,8/8/P7/7p/6p1/6P1/5k1K/8 b - - 2 57,h5h4 g3h4 g4g3 h2h3 g3g2,1358,easy,100,78,4019,advancedPawn crushing endgame long pawnEndgame,approved,"Approved easy Advanced pawn tactics puzzle with popularity 100, 4019 plays, and rating deviation 78"
2L3ID,2r4r/p1N3kp/p1qP2p1/3p4/6P1/5Q2/PPP4P/2K2R2 b - - 3 28,h8f8,2r2r2/p1N3kp/p1qP2p1/3p4/6P1/5Q2/PPP4P/2K2R2 w - - 4 29,c7e6 g7h8 f3f8 c8f8 f1f8,1591,medium,100,76,4095,deflection endgame fork long mate mateIn3,approved,"Approved medium Fork puzzle with popularity 100, 4095 plays, and rating deviation 76"
2LWHH,2r3k1/2q1Rpb1/2Np3p/3Q4/8/1P4K1/P7/8 b - - 2 38,c7c6,2r3k1/4Rpb1/2qp3p/3Q4/8/1P4K1/P7/8 w - - 0 39,d5f7 g8h8 f7g7,960,easy,100,76,4057,endgame mate mateIn2 short,approved,"Approved easy Mate puzzle with popularity 100, 4057 plays, and rating deviation 76"
2M9AE,1q2r2k/6pp/1r3p2/1PN5/3P4/1Q5P/5PP1/1R4K1 b - - 2 32,h7h6,1q2r2k/6p1/1r3p1p/1PN5/3P4/1Q5P/5PP1/1R4K1 w - - 0 33,c5d7 b6b5 d7b8 b5b3 b1b3,991,easy,100,76,8077,advantage endgame fork long,approved,"Approved easy Fork puzzle with popularity 100, 8077 plays, and rating deviation 76"
2RVn3,6k1/p1p4p/1p3np1/4b1q1/4Pp2/2P4P/PP3BP1/3Q2KN b - - 0 25,f6e4,6k1/p1p4p/1p4p1/4b1q1/4np2/2P4P/PP3BP1/3Q2KN w - - 0 26,d1d5 g8g7 d5e4,1451,medium,100,75,3296,advantage endgame fork short,approved,"Approved medium Fork puzzle with popularity 100, 3296 plays, and rating deviation 75"
2ctvT,1r4k1/5p1p/3p1QpP/3PP3/8/5RP1/1q4BK/q7 b - - 0 32,b2e5,1r4k1/5p1p/3p1QpP/3Pq3/8/5RP1/6BK/q7 w - - 0 33,f6f7 g8h8 f7f8 b8f8 f3f8,1403,medium,100,74,3581,endgame long mate mateIn3 sacrifice,approved,"Approved medium Sacrifice puzzle with popularity 100, 3581 plays, and rating deviation 74"
2g57m,7k/4N1bp/2P1q1p1/1p6/3p3Q/1P5P/6P1/6K1 b - - 0 32,g7f6,7k/4N2p/2P1qbp1/1p6/3p3Q/1P5P/6P1/6K1 w - - 1 33,e7g6 h8g7 h4h7 g7h7 g6f8 h7h6 f8e6,2088,hard,99,76,1080,attraction crushing endgame fork pin sacrifice veryLong,approved,"Approved hard Fork puzzle with popularity 99, 1080 plays, and rating deviation 76"
2gwzr,1k6/ppbn1r2/2pq2B1/3p3p/1P1P3Q/P1N3PP/5P2/4R1K1 b - - 0 26,d6g6,1k6/ppbn1r2/2p3q1/3p3p/1P1P3Q/P1N3PP/5P2/4R1K1 w - - 0 27,e1e8 c7d8 h4d8,1348,easy,100,76,5223,mate mateIn2 middlegame queensideAttack short,approved,"Approved easy Mate puzzle with popularity 100, 5223 plays, and rating deviation 76"
2ihZi,6k1/5pPp/4pK2/2b5/3p1P2/2pBn1P1/p1P1R3/6r1 b - - 0 39,a2a1q,6k1/5pPp/4pK2/2b5/3p1P2/2pBn1P1/2P1R3/q5r1 w - - 0 40,d3h7 g8h7 e2h2 h7g8 h2h8,1311,easy,100,76,4038,attraction endgame long mate mateIn3 sacrifice,approved,"Approved easy Sacrifice puzzle with popularity 100, 4038 plays, and rating deviation 76"
2ogzE,7r/2R3k1/8/6K1/8/8/8/8 b - - 72 78,g7g8,6kr/2R5/8/6K1/8/8/8/8 w - - 73 79,g5g6 g8f8 c7c8 f8e7 c8h8,1514,medium,100,75,2671,crushing endgame exposedKing long rookEndgame skewer,approved,"Approved medium Skewer puzzle with popularity 100, 2671 plays, and rating deviation 75"
2peWl,2r3k1/p5p1/2q2p2/4n3/b3P3/1P1P1P2/P1P4P/R1BK1RQ1 w - - 1 25,b3a4,2r3k1/p5p1/2q2p2/4n3/P3P3/3P1P2/P1P4P/R1BK1RQ1 b - - 0 25,c6c2 d1e1 e5d3,1425,medium,100,78,3632,cornerMate mate mateIn2 middlegame short,approved,"Approved medium Mate puzzle with popularity 100, 3632 plays, and rating deviation 78"
2vwtm,kb4r1/pp3p1p/2b2B2/1N1r3q/1P4p1/P3P1P1/2Q1BP1P/R3R1K1 w - - 1 23,b5d4,kb4r1/pp3p1p/2b2B2/3r3q/1P1N2p1/P3P1P1/2Q1BP1P/R3R1K1 b - - 2 23,h5h2 g1h2 d5h5 f6h4 h5h4 h2g1 h4h1,2083,hard,99,76,1317,attraction kingsideAttack mate mateIn4 middlegame pin sacrifice veryLong,approved,"Approved hard Pin puzzle with popularity 99, 1317 plays, and rating deviation 76"
2y11K,6k1/pppK4/4P3/3p2P1/4b3/2P1P3/PP3r2/8 b - - 4 57,g8f8,5k2/pppK4/4P3/3p2P1/4b3/2P1P3/PP3r2/8 w - - 5 58,e6e7 f8g7 e7e8q f2f7 d7e6,1428,medium,100,75,4895,advancedPawn advantage deflection endgame long promotion,approved,"Approved medium Deflection puzzle with popularity 100, 4895 plays, and rating deviation 75"
322Fx,r4rk1/2p2pp1/p6p/1p2R3/3P3q/1BP2Q1b/PP3b2/RNB4K w - - 0 17,e5h5,r4rk1/2p2pp1/p6p/1p5R/3P3q/1BP2Q1b/PP3b2/RNB4K b - - 1 17,h3g4 h5h4 g4f3 h1h2 f2h4,2002,hard,99,75,1415,advantage discoveredAttack discoveredCheck exposedKing fork long middlegame,approved,"Approved hard Fork puzzle with popularity 99, 1415 plays, and rating deviation 75"
35JUo,1k4r1/1pp5/8/p1q1p3/2Pn4/P4Q2/5RP1/5RK1 w - - 1 38,f3d5,1k4r1/1pp5/8/p1qQp3/2Pn4/P7/5RP1/5RK1 b - - 2 38,d4e2 g1h2 g8h8,1484,medium,100,79,3302,anastasiaMate endgame mate mateIn2 pin short,approved,"Approved medium Pin puzzle with popularity 100, 3302 plays, and rating deviation 79"
39ApR,2r4k/pp2PQ1p/2r3p1/P7/2B5/1P4PP/5PK1/q7 b - - 1 33,a1e5,2r4k/pp2PQ1p/2r3p1/P3q3/2B5/1P4PP/5PK1/8 w - - 2 34,f7f8 c8f8 e7f8q,1423,medium,100,74,3854,advancedPawn endgame mate mateIn2 promotion short,approved,"Approved medium Promotion puzzle with popularity 100, 3854 plays, and rating deviation 74"
3EHpM,r1b1kb1r/1pN2ppp/p1qp4/8/2Q4B/8/P1PK1P1P/8 b kq - 1 17,e8d7,r1b2b1r/1pNk1ppp/p1qp4/8/2Q4B/8/P1PK1P1P/8 w - - 2 18,c4f7 f8e7 f7e7,1456,medium,100,75,3882,mate mateIn2 middlegame short,approved,"Approved medium Mate puzzle with popularity 100, 3882 plays, and rating deviation 75"
3Fn7t,r4rk1/1p3ppp/p3n3/3NP1q1/8/P2Q1R2/1P4PP/R5K1 b - - 3 21,g5e5,r4rk1/1p3ppp/p3n3/3Nq3/8/P2Q1R2/1P4PP/R5K1 w - - 0 22,d5e7 g8h8 d3h7 h8h7 f3h3 e5h5 h3h5,1526,medium,100,79,3372,anastasiaMate attraction mate mateIn4 middlegame sacrifice veryLong,approved,"Approved medium Sacrifice puzzle with popularity 100, 3372 plays, and rating deviation 79"
3FtEG,7k/R7/1p3K2/2p4p/2P3pP/P1P3P1/6r1/8 b - - 0 38,g2g3,7k/R7/1p3K2/2p4p/2P3pP/P1P3r1/8/8 w - - 0 39,f6g6 g3f3 a7a8 f3f8 a8f8,1447,medium,100,75,3548,endgame exposedKing long mate mateIn3 rookEndgame,approved,"Approved medium Mate puzzle with popularity 100, 3548 plays, and rating deviation 75"
3K5pW,5Rk1/1p3p2/r3q3/2p5/1pP1p2p/1P2P3/PQ2bPP1/3R2K1 b - - 0 25,g8f8,5k2/1p3p2/r3q3/2p5/1pP1p2p/1P2P3/PQ2bPP1/3R2K1 w - - 0 26,b2h8 f8e7 h8d8,1433,medium,100,76,3624,endgame mate mateIn2 short,approved,"Approved medium Mate puzzle with popularity 100, 3624 plays, and rating deviation 76"
3KAfL,2k4q/5R1P/1p4P1/p1p5/8/6K1/P7/8 b - - 0 44,c8d8,3k3q/5R1P/1p4P1/p1p5/8/6K1/P7/8 w - - 1 45,g6g7 h8h7 f7f8 d8c7 g7g8q,1310,easy,100,76,3856,advancedPawn crushing endgame exposedKing long promotion queenRookEndgame,approved,"Approved easy Promotion puzzle with popularity 100, 3856 plays, and rating deviation 76"
3Udpb,r4r2/1b1qbp1k/2n1p2N/p1pnP1NP/1p1p4/P2P2P1/1PPQ1PB1/R3R1K1 b - - 4 20,h7h6,r4r2/1b1qbp2/2n1p2k/p1pnP1NP/1p1p4/P2P2P1/1PPQ1PB1/R3R1K1 w - - 0 21,g5f7 h6h7 d2h6 h7g8 h6g6,2080,hard,99,78,1160,doubleCheck exposedKing long mate mateIn3 middlegame,approved,"Approved hard Mate puzzle with popularity 99, 1160 plays, and rating deviation 78"
3auaH,2kr3r/ppp2ppp/8/3Pp3/1q1nB3/2R5/PP1Q1PPP/4K2R b K - 4 16,f7f5,2kr3r/ppp3pp/8/3Ppp2/1q1nB3/2R5/PP1Q1PPP/4K2R w K f6 0 17,c3c7 c8c7 d2b4,1445,medium,100,75,3461,advantage discoveredAttack middlegame queensideAttack short,approved,"Approved medium Discovered attack puzzle with popularity 100, 3461 plays, and rating deviation 75"
3bsA7,5Rrk/2p5/p2p2r1/1p5p/3bPQN1/1P1P3P/2q3P1/5R1K b - - 1 28,h5g4,5Rrk/2p5/p2p2r1/1p6/3bPQp1/1P1P3P/2q3P1/5R1K w - - 0 29,f8g8 h8g8 f4f7 g8h8 f7g6,2021,hard,99,76,1672,attraction crushing exposedKing fork long middlegame,approved,"Approved hard Fork puzzle with popularity 99, 1672 plays, and rating deviation 76"
3cwew,8/p6p/1p4k1/3p2p1/1P6/P3Q1P1/2q3K1/2B5 w - - 3 42,g2f3,8/p6p/1p4k1/3p2p1/1P6/P3QKP1/2q5/2B5 b - - 4 42,g5g4 f3g4 c2f5 g4h4 f5h5,2025,hard,99,75,1720,attraction endgame long mate mateIn3,approved,"Approved hard Mate puzzle with popularity 99, 1720 plays, and rating deviation 75"
3fVTm,8/2p2p2/p7/P1Nk4/1P6/3K1P1b/8/8 w - - 0 48,c5a6,8/2p2p2/N7/P2k4/1P6/3K1P1b/8/8 b - - 0 48,h3f1 d3d2 f1a6,1331,easy,100,76,3202,crushing endgame short skewer,approved,"Approved easy Skewer puzzle with popularity 100, 3202 plays, and rating deviation 76"
3lrmD,5r1k/1p4p1/6Bp/P3p3/4Q2N/4R1Pb/Pq3P1P/R5K1 w - - 0 27,a1e1,5r1k/1p4p1/6Bp/P3p3/4Q2N/4R1Pb/Pq3P1P/4R1K1 b - - 1 27,b2f2 g1h1 f2f1 e1f1 f8f1,1444,medium,100,74,4050,long mate mateIn3 middlegame pillsburysMate sacrifice,approved,"Approved medium Sacrifice puzzle with popularity 100, 4050 plays, and rating deviation 74"
3ptxX,7r/5rk1/4Q3/1R3pP1/3p1P2/3Pp1p1/2q1P3/5RK1 b - - 2 41,c2e2,7r/5rk1/4Q3/1R3pP1/3p1P2/3Pp1p1/4q3/5RK1 w - - 0 42,e6e5 g7h7 g5g6 h7g6 e5h8,2110,hard,99,76,1056,crushing deflection endgame exposedKing long,approved,"Approved hard Deflection puzzle with popularity 99, 1056 plays, and rating deviation 76"
3qUz7,8/p1r4p/2p1k1p1/3PN1B1/R1P2K1P/8/P5b1/6r1 b - - 0 38,c6d5,8/p1r4p/4k1p1/3pN1B1/R1P2K1P/8/P5b1/6r1 w - - 0 39,a4a6 c7c6 a6c6,886,easy,100,75,4163,endgame master mate mateIn2 pillsburysMate short,approved,"Approved easy Mate puzzle with popularity 100, 4163 plays, and rating deviation 75"
3uoHZ,7k/5Qp1/5b1p/pN2r3/Pn2q3/6P1/6PP/6RK b - - 12 38,e5e8,4r2k/5Qp1/5b1p/pN6/Pn2q3/6P1/6PP/6RK w - - 13 39,b5d6 e4e6 f7e8 e6e8 d6e8,1387,easy,100,74,4721,advantage fork long middlegame,approved,"Approved easy Fork puzzle with popularity 100, 4721 plays, and rating deviation 74"
3xco3,r2qk2r/pp1n1pb1/2ppp3/3n1p1p/3P3P/2N2PB1/PPPQB1P1/2KR2NR w kq - 0 12,g3f2,r2qk2r/pp1n1pb1/2ppp3/3n1p1p/3P3P/2N2P2/PPPQBBP1/2KR2NR b kq - 1 12,g7h6 d2h6 h8h6,1536,medium,100,75,3759,advantage opening pin short,approved,"Approved medium Pin puzzle with popularity 100, 3759 plays, and rating deviation 75"
426nd,r4r1k/2p2ppp/4pB2/n1PqP3/5P2/p5R1/PpQ2P1P/1K4R1 b - - 7 30,g7f6,r4r1k/2p2p1p/4pp2/n1PqP3/5P2/p5R1/PpQ2P1P/1K4R1 w - - 0 31,c2h7 h8h7 g3h3,1495,medium,100,75,3391,attraction kingsideAttack mate mateIn2 middlegame sacrifice short,approved,"Approved medium Sacrifice puzzle with popularity 100, 3391 plays, and rating deviation 75"
45Li2,1k5r/p1q3p1/QbP1p3/P7/4N1p1/8/5rP1/1R2R1K1 w - - 0 29,a5b6,1k5r/p1q3p1/QPP1p3/8/4N1p1/8/5rP1/1R2R1K1 b - - 0 29,f2g2 g1g2 c7h2 g2f1 h8f8 e4f2 h2f2,2136,hard,100,76,1020,attraction mate mateIn4 middlegame sacrifice veryLong,approved,"Approved hard Sacrifice puzzle with popularity 100, 1020 plays, and rating deviation 76"
4BGWl,4nr1k/7p/R2pBRpP/2pPp1Q1/2P5/7P/1rq5/6K1 b - - 0 30,f8f6,4n2k/7p/R2pBrpP/2pPp1Q1/2P5/7P/1rq5/6K1 w - - 0 31,g5f6 e8f6 a6a8 b2b8 a8b8 f6e8 b8e8,1499,medium,100,75,3422,mate mateIn4 middlegame sacrifice veryLong,approved,"Approved medium Sacrifice puzzle with popularity 100, 3422 plays, and rating deviation 75"
4IM6l,8/1pR5/pP6/P2p1p2/3Pn3/4Pkp1/8/5K2 w - - 0 48,c7f7,8/1p3R2/pP6/P2p1p2/3Pn3/4Pkp1/8/5K2 b - - 1 48,g3g2 f1g1 e4g3,2009,hard,100,76,1048,advancedPawn crushing defensiveMove endgame master short,approved,"Approved hard Advanced pawn tactics puzzle with popularity 100, 1048 plays, and rating deviation 76"
4KEcq,r1bq3r/pppp2pp/2n1kn2/2b1p1NQ/4P3/2N5/PPPP1PPP/R1B1K2R b KQ - 7 7,e6d6,r1bq3r/pppp2pp/2nk1n2/2b1p1NQ/4P3/2N5/PPPP1PPP/R1B1K2R w KQ - 8 8,c3b5 d6e7 h5f7,2048,hard,98,76,2594,mate mateIn2 opening short,approved,"Approved hard Mate puzzle with popularity 98, 2594 plays, and rating deviation 76"
4N8sM,6k1/2p2ppp/8/3Pp2n/3bP3/3B1R1P/2PQ1NPK/qr6 w - - 5 25,d2g5,6k1/2p2ppp/8/3Pp1Qn/3bP3/3B1R1P/2P2NPK/qr6 b - - 6 25,b1h1 f2h1 a1g1,2052,hard,100,76,1199,clearance mate mateIn2 middlegame sacrifice short,approved,"Approved hard Sacrifice puzzle with popularity 100, 1199 plays, and rating deviation 76"
4NwJW,8/r7/8/3p4/PR1P1B2/3b1kPK/4pP2/4R3 w - - 1 41,b4b3,8/r7/8/3p4/P2P1B2/1R1b1kPK/4pP2/4R3 b - - 2 41,a7h7 f4h6 h7h6,812,easy,100,78,8573,endgame mate mateIn2 short,approved,"Approved easy Mate puzzle with popularity 100, 8573 plays, and rating deviation 78"
4OXSo,3b4/1p4pk/p1bpR3/5p1q/2Q5/6PP/PPPB1P2/6K1 w - - 5 35,h3h4,3b4/1p4pk/p1bpR3/5p1q/2Q4P/6P1/PPPB1P2/6K1 b - - 0 35,h5d1 c4f1 d1d2,1200,easy,100,75,4460,crushing endgame fork short,approved,"Approved easy Fork puzzle with popularity 100, 4460 plays, and rating deviation 75"
4PMxS,8/1bqp2k1/4n3/6r1/1p5N/4Q2P/1P3PP1/4R2K b - - 12 33,c7d6,8/1b1p2k1/3qn3/6r1/1p5N/4Q2P/1P3PP1/4R2K w - - 13 34,e3g5 e6g5 h4f5 g7f6 f5d6,1478,medium,100,75,5157,advantage exposedKing fork long middlegame sacrifice,approved,"Approved medium Fork puzzle with popularity 100, 5157 plays, and rating deviation 75"
4V3TP,8/8/p3KP2/2p1n3/2Pb2kp/8/8/7R b - - 5 48,e5c4,8/8/p3KP2/2p5/2nb2kp/8/8/7R w - - 0 49,f6f7 d4g7 h1g1 g4f3 g1g7,1369,easy,100,75,3304,advancedPawn crushing endgame long skewer,approved,"Approved easy Skewer puzzle with popularity 100, 3304 plays, and rating deviation 75"
4X90I,1k2r3/4r1pp/2Q5/p1N5/3q4/8/PP3PPP/R4RK1 w - - 0 27,f1d1,1k2r3/4r1pp/2Q5/p1N5/3q4/8/PP3PPP/R2R2K1 b - - 1 27,d4d1 a1d1 e7e1 d1e1 e8e1,1251,easy,100,74,4455,backRankMate long mate mateIn3 middlegame sacrifice,approved,"Approved easy Sacrifice puzzle with popularity 100, 4455 plays, and rating deviation 74"
4kgup,6k1/p1pq2pp/1p1p2r1/8/2b4P/P1B2Q2/5RP1/6K1 b - - 1 37,d7e7,6k1/p1p1q1pp/1p1p2r1/8/2b4P/P1B2Q2/5RP1/6K1 w - - 2 38,f3a8 e7d8 a8d8,1357,easy,100,75,4103,endgame mate mateIn2 short,approved,"Approved easy Mate puzzle with popularity 100, 4103 plays, and rating deviation 75"
4pI19,8/1p6/p2p4/3Pn3/P1p2k1r/6NP/1P4K1/7R b - - 3 39,f4e3,8/1p6/p2p4/3Pn3/P1p4r/4k1NP/1P4K1/7R w - - 4 40,g3f5 e3e4 f5h4,1030,easy,100,75,8636,advantage endgame fork short,approved,"Approved easy Fork puzzle with popularity 100, 8636 plays, and rating deviation 75"
4sfvt,3r1k2/p2P1ppp/8/1p2R3/2p5/qP2Q1PP/6bK/8 b - - 0 33,g2c6,3r1k2/p2P1ppp/2b5/1p2R3/2p5/qP2Q1PP/7K/8 w - - 1 34,e5e8 d8e8 e3e8,1272,easy,100,77,5503,endgame mate mateIn2 short,approved,"Approved easy Mate puzzle with popularity 100, 5503 plays, and rating deviation 77"
4wVV5,8/3Pb3/1pB4p/1P6/6P1/4kp1K/8/8 w - - 0 59,h3g3,8/3Pb3/1pB4p/1P6/6P1/4kpK1/8/8 b - - 1 59,f3f2 c6g2 e3e2,2110,hard,99,77,1048,advancedPawn bishopEndgame crushing defensiveMove endgame short,approved,"Approved hard Advanced pawn tactics puzzle with popularity 99, 1048 plays, and rating deviation 77"
53Klw,5bk1/p1q2pp1/1p3P1Q/2p1P3/1P1r4/P7/7P/6RK b - - 0 40,c7e5,5bk1/p4pp1/1p3P1Q/2p1q3/1P1r4/P7/7P/6RK w - - 0 41,g1g7 f8g7 h6g7,1196,easy,100,75,4795,endgame mate mateIn2 short,approved,"Approved easy Mate puzzle with popularity 100, 4795 plays, and rating deviation 75"
54GHs,r7/1Q5k/p4Pp1/1p6/5Pq1/8/P4K1P/8 b - - 4 40,h7h6,r7/1Q6/p4Ppk/1p6/5Pq1/8/P4K1P/8 w - - 5 41,b7g7 h6h5 g7h7,1368,easy,100,75,4061,endgame mate mateIn2 short,approved,"Approved easy Mate puzzle with popularity 100, 4061 plays, and rating deviation 75"
56JlY,6k1/4Rpp1/2p1pN1B/4n2P/r1q5/5Q2/5PP1/6K1 b - - 1 27,g7f6,6k1/4Rp2/2p1pp1B/4n2P/r1q5/5Q2/5PP1/6K1 w - - 0 28,e7e8 g8h7 e8h8 h7h8 f3f6 h8g8 f6g7,2192,hard,99,79,1380,attraction endgame fork mate mateIn4 sacrifice veryLong,approved,"Approved hard Fork puzzle with popularity 99, 1380 plays, and rating deviation 79"
5ABUy,2kr4/2p1n3/3p3p/PQ1Pp3/4qp2/2P2N2/3R2rP/1R5K w - - 0 31,h1g2,2kr4/2p1n3/3p3p/PQ1Pp3/4qp2/2P2N2/3R2KP/1R6 b - - 0 31,d8g8 g2f2 e4e3 f2f1 e3f3,1558,medium,100,75,3992,advantage deflection long middlegame,approved,"Approved medium Deflection puzzle with popularity 100, 3992 plays, and rating deviation 75"
5H4ZV,8/7p/6p1/1P5k/1p3Q2/1P5P/2p3PK/3r4 b - - 2 48,c2c1q,8/7p/6p1/1P5k/1p3Q2/1P5P/6PK/2qr4 w - - 0 49,g2g4 h5h4 f4f6 g6g5 f6f2,2220,hard,99,77,1070,endgame long mate mateIn3,approved,"Approved hard Mate puzzle with popularity 99, 1070 plays, and rating deviation 77"
5QRFR,6r1/p2kb2R/1p2p3/3pP3/5r2/2P2NpP/PP4K1/3R4 w - - 0 28,d1d4,6r1/p2kb2R/1p2p3/3pP3/3R1r2/2P2NpP/PP4K1/8 b - - 1 28,f4f3 g2f3 g3g2,1223,easy,100,76,4252,advancedPawn advantage endgame master sacrifice short,approved,"Approved easy Sacrifice puzzle with popularity 100, 4252 plays, and rating deviation 76"
5Xpzn,2k3r1/1pq2p2/pB2p3/P2p1p1p/5b1P/2P1QPr1/1P5K/R5R1 w - - 0 26,b6c7,2k3r1/1pB2p2/p3p3/P2p1p1p/5b1P/2P1QPr1/1P5K/R5R1 b - - 0 26,g3g2 h2h1 g2h2,2009,hard,98,76,2145,collinearMove doubleCheck master mate mateIn2 middlegame short,approved,"Approved hard Mate puzzle with popularity 98, 2145 plays, and rating deviation 76"
5d1X1,8/p6k/3q4/4N2p/4P1Pn/5pQP/PP6/6K1 w - - 0 43,g3h4,8/p6k/3q4/4N2p/4P1PQ/5p1P/PP6/6K1 b - - 0 43,d6d1 g1f2 d1e2 f2g3 e2e1 g3f4 e1h4,2005,hard,98,74,1487,crushing deflection endgame exposedKing skewer veryLong,approved,"Approved hard Skewer puzzle with popularity 98, 1487 plays, and rating deviation 74"
5mYWI,4kr2/p4p2/4p3/4Pp1Q/q1pR1PPP/1pP5/1P6/2K5 w - - 0 33,h5g5,4kr2/p4p2/4p3/4PpQ1/q1pR1PPP/1pP5/1P6/2K5 b - - 1 33,a4a1 c1d2 a1b2 d2d1 b2c2 d1e1 c2c3,1295,easy,100,75,5426,crushing deflection endgame queensideAttack veryLong,approved,"Approved easy Deflection puzzle with popularity 100, 5426 plays, and rating deviation 75"
5qFMq,2r2b2/pp1b1k2/4pp2/3p1q2/1Q6/8/PP2BP1P/2RKR3 w - - 2 25,b4b7,2r2b2/pQ1b1k2/4pp2/3p1q2/8/8/PP2BP1P/2RKR3 b - - 0 25,c8c1 d1c1 f8h6 f2f4 h6f4 c1d1 f5b1,1564,medium,100,77,3997,attraction exposedKing mate mateIn4 middlegame veryLong,approved,"Approved medium Mate puzzle with popularity 100, 3997 plays, and rating deviation 77"
5rk8P,2k2r1r/pp5p/1b2p1pQ/3p4/1P3B2/2P3P1/P1q2P1P/R3R1K1 w - - 1 21,a1c1,2k2r1r/pp5p/1b2p1pQ/3p4/1P3B2/2P3P1/P1q2P1P/2R1R1K1 b - - 2 21,c2f2 g1h1 f2f3,1350,easy,100,74,5021,kingsideAttack mate mateIn2 middlegame short,approved,"Approved easy Mate puzzle with popularity 100, 5021 plays, and rating deviation 74"
5sZfD,3r1bk1/3P1p1p/5np1/pN6/4P3/P2Q1B2/1P3qPP/2R4K w - - 1 25,c1c2,3r1bk1/3P1p1p/5np1/pN6/4P3/P2Q1B2/1PR2qPP/7K b - - 2 25,f2e1 d3f1 e1f1,1062,easy,100,75,4737,kingsideAttack mate mateIn2 middlegame short,approved,"Approved easy Mate puzzle with popularity 100, 4737 plays, and rating deviation 75"
5vZqW,7Q/5p2/1K6/P7/5P2/8/r1kp4/8 w - - 1 52,h8h7,8/5p1Q/1K6/P7/5P2/8/r1kp4/8 b - - 2 52,c2c1 h7f7 a2b2 b6a7 d2d1q,2001,hard,99,77,1197,advancedPawn crushing defensiveMove endgame long promotion queenRookEndgame,approved,"Approved hard Promotion puzzle with popularity 99, 1197 plays, and rating deviation 77"
60MiX,8/4N3/4Bp2/8/1n3kPP/p6K/5P2/1b6 w - - 0 51,e7d5,8/8/4Bp2/3N4/1n3kPP/p6K/5P2/1b6 b - - 1 51,b4d5 e6d5 a3a2 d5a2 b1a2,2010,hard,99,76,1095,advancedPawn crushing endgame long,approved,"Approved hard Advanced pawn tactics puzzle with popularity 99, 1095 plays, and rating deviation 76"
616pP,2bk4/5q2/1Qp2r2/pp1p4/7P/8/PP3P1K/6R1 b - - 1 45,d8d7,2b5/3k1q2/1Qp2r2/pp1p4/7P/8/PP3P1K/6R1 w - - 2 46,g1g7 f7g7 b6a7 d7d6 a7g7,2035,hard,98,76,1589,advantage endgame long pin sacrifice skewer,approved,"Approved hard Pin puzzle with popularity 98, 1589 plays, and rating deviation 76"
62iQf,r4rk1/pp2ppBp/2p3p1/8/N1P3n1/1P2PKP1/P4P1q/R2Q1R2 b - - 1 16,g8g7,r4r2/pp2ppkp/2p3p1/8/N1P3n1/1P2PKP1/P4P1q/R2Q1R2 w - - 0 17,d1d4 e7e5 d4g4,1038,easy,100,76,13931,advantage fork middlegame short,approved,"Approved easy Fork puzzle with popularity 100, 13931 plays, and rating deviation 76"
62rXy,8/p3r3/4P1p1/8/2k3B1/P1ppK3/6P1/2R5 w - - 0 39,c1b1,8/p3r3/4P1p1/8/2k3B1/P1ppK3/6P1/1R6 b - - 1 39,c3c2 b1c1 c4c3,1360,easy,100,75,7221,advancedPawn crushing defensiveMove endgame short,approved,"Approved easy Advanced pawn tactics puzzle with popularity 100, 7221 plays, and rating deviation 75"
64kUP,4rr1k/1p1qb1p1/p1b1pn1p/4B1N1/2P5/1B5Q/PP4PP/4RRK1 w - - 0 22,g5e6,4rr1k/1p1qb1p1/p1b1Nn1p/4B3/2P5/1B5Q/PP4PP/4RRK1 b - - 0 22,d7e6 h3e6 e7c5 e5d4 c5d4,2034,hard,99,77,1097,advantage long middlegame sacrifice,approved,"Approved hard Sacrifice puzzle with popularity 99, 1097 plays, and rating deviation 77"
65lcQ,r1b3rk/pp4pp/1b6/4N3/8/2P1P1Q1/PP4PP/5K2 b - - 0 24,c8e6,r5rk/pp4pp/1b2b3/4N3/8/2P1P1Q1/PP4PP/5K2 w - - 1 25,e5g6 h7g6 g3h4,1432,medium,100,75,3309,endgame mate mateIn2 sacrifice short,approved,"Approved medium Sacrifice puzzle with popularity 100, 3309 plays, and rating deviation 75"
668Xn,5R2/pp1k4/2pn4/3p4/3P4/KP3N2/PP1r4/8 b - - 4 39,d2f2,5R2/pp1k4/2pn4/3p4/3P4/KP3N2/PP3r2/8 w - - 5 40,f3e5 d7e6 f8f2,998,easy,100,75,4077,crushing discoveredAttack endgame short,approved,"Approved easy Discovered attack puzzle with popularity 100, 4077 plays, and rating deviation 75"
6B1yS,2rq1rk1/pp3ppp/3b1n2/3p4/8/1NPbBQ1P/PP1N1PP1/2KR3R w - - 8 18,e3g5,2rq1rk1/pp3ppp/3b1n2/3p2B1/8/1NPb1Q1P/PP1N1PP1/2KR3R b - - 9 18,c8c3 b2c3 d6a3,1575,medium,100,77,3450,bodenMate mate mateIn2 middlegame queensideAttack sacrifice short,approved,"Approved medium Sacrifice puzzle with popularity 100, 3450 plays, and rating deviation 77"
6E3Ms,8/2R4p/4knpP/4p3/2p1P3/2P1K1p1/2P5/8 w - - 0 39,c7c4,8/7p/4knpP/4p3/2R1P3/2P1K1p1/2P5/8 b - - 0 39,f6g4 e3f3 g3g2 c4c6 e6d7,2051,hard,100,76,1007,advancedPawn crushing endgame long,approved,"Approved hard Advanced pawn tactics puzzle with popularity 100, 1007 plays, and rating deviation 76"
6HfOL,r4r2/1p2q1kp/p2p2p1/3Pp3/2P2p2/5P1R/PPQ2P2/1K4R1 b - - 0 25,a8c8,2r2r2/1p2q1kp/p2p2p1/3Pp3/2P2p2/5P1R/PPQ2P2/1K4R1 w - - 1 26,h3h7 g7h7 c2g6 h7h8 g1h1 e7h4 h1h4,1471,medium,100,75,3722,attraction endgame mate mateIn4 sacrifice veryLong,approved,"Approved medium Sacrifice puzzle with popularity 100, 3722 plays, and rating deviation 75"
6Qkjs,2q2r1k/3RR1p1/p6p/2pB2r1/2PpQ3/P4pP1/5Pb1/6K1 b - - 17 36,g5h5,2q2r1k/3RR1p1/p6p/2pB3r/2PpQ3/P4pP1/5Pb1/6K1 w - - 18 37,e4h7 h8h7 e7g7 h7h8 g7h7,1537,medium,100,75,3422,attraction kingsideAttack long mate mateIn3 middlegame pillsburysMate sacrifice,approved,"Approved medium Sacrifice puzzle with popularity 100, 3422 plays, and rating deviation 75"
6XKai,5b1k/pR4Qp/8/2p2p2/8/5P2/P1qr1P1P/4R1K1 b - - 0 29,f8g7,7k/pR4bp/8/2p2p2/8/5P2/P1qr1P1P/4R1K1 w - - 0 30,e1e8 g7f8 e8f8,912,easy,100,77,12811,endgame mate mateIn2 short,approved,"Approved easy Mate puzzle with popularity 100, 12811 plays, and rating deviation 77"
6Yt3F,8/7p/6pk/3rqp2/P1Q5/1P2p1P1/5P1P/2R3K1 w - - 0 38,c4f4,8/7p/6pk/3rqp2/P4Q2/1P2p1P1/5P1P/2R3K1 b - - 1 38,e5f4 g3f4 e3e2 c1e1 d5d1 g1g2 d1e1,1486,medium,100,75,4035,advancedPawn crushing endgame pin veryLong,approved,"Approved medium Pin puzzle with popularity 100, 4035 plays, and rating deviation 75"
6aKLW,3Q4/3N2p1/4p2p/1p3pk1/3q4/7P/6PK/8 b - - 3 43,g5g6,3Q4/3N2p1/4p1kp/1p3p2/3q4/7P/6PK/8 w - - 4 44,d7f8 g6f7 d8d4,1290,easy,100,75,8742,crushing discoveredAttack endgame short,approved,"Approved easy Discovered attack puzzle with popularity 100, 8742 plays, and rating deviation 75"
6balH,3q1r2/4bppk/1n2p2B/p2pP2Q/2r4P/5NR1/PP3PP1/R5K1 b - - 0 21,g7h6,3q1r2/4bp1k/1n2p2p/p2pP2Q/2r4P/5NR1/PP3PP1/R5K1 w - - 0 22,f3g5 e7g5 h4g5 d8g5 g3g5,1523,medium,100,75,3264,crushing long middlegame pin,approved,"Approved medium Pin puzzle with popularity 100, 3264 plays, and rating deviation 75"
6dXdJ,4r1k1/pp3p1p/2p2bpQ/3p4/6qP/2PB4/PPP3P1/2K2R2 w - - 0 20,f1f6,4r1k1/pp3p1p/2p2RpQ/3p4/6qP/2PB4/PPP3P1/2K5 b - - 0 20,e8e1 c1d2 g4d1,1260,easy,100,76,5692,endgame mate mateIn2 queensideAttack short,approved,"Approved easy Mate puzzle with popularity 100, 5692 plays, and rating deviation 76"
6hNqo,8/p4q2/2k5/8/3p4/1KPQ4/1P6/8 w - - 0 38,b3a4,8/p4q2/2k5/8/K2p4/2PQ4/1P6/8 b - - 1 38,f7a2 a4b4 a7a5,1647,medium,100,76,3297,endgame mate mateIn2 queenEndgame short,approved,"Approved medium Mate puzzle with popularity 100, 3297 plays, and rating deviation 76"
6jXP6,5r2/7k/7p/5q2/8/6PP/4Rp1K/5Q2 w - - 14 54,h2g2,5r2/7k/7p/5q2/8/6PP/4RpK1/5Q2 b - - 15 54,f5f3 g2h2 f3e2 f1e2 f2f1q,1348,easy,100,76,3860,advancedPawn crushing endgame long promotion,approved,"Approved easy Promotion puzzle with popularity 100, 3860 plays, and rating deviation 76"
6wJDV,2bk1Q2/8/4p3/p2pP3/P1p5/R1P5/1rB1qP1K/8 b - - 2 30,d8d7,2b2Q2/3k4/4p3/p2pP3/P1p5/R1P5/1rB1qP1K/8 w - - 3 31,f8d6 d7e8 c2g6,1246,easy,100,75,5240,endgame mate mateIn2 short,approved,"Approved easy Mate puzzle with popularity 100, 5240 plays, and rating deviation 75"
7Og0K,3rr1k1/p3qpp1/3b1n1p/1p2pRn1/4P3/1BP4P/PP1N1QP1/R1B3K1 b - - 4 20,g5e4,3rr1k1/p3qpp1/3b1n1p/1p2pR2/4n3/1BP4P/PP1N1QP1/R1B3K1 w - - 0 21,d2e4 f6e4 f5f7 e4f2 f7e7,2053,hard,99,76,1042,advantage discoveredAttack kingsideAttack long middlegame trappedPiece,approved,"Approved hard Discovered attack puzzle with popularity 99, 1042 plays, and rating deviation 76"
7RZ1H,4K3/p7/3k4/8/8/4Q3/P7/7q w - - 8 44,e3a7,4K3/Q7/3k4/8/8/8/P7/7q b - - 0 44,h1h8 e8f7 h8h7 f7f6 h7a7,1397,easy,100,75,2901,crushing endgame long queenEndgame skewer,approved,"Approved easy Skewer puzzle with popularity 100, 2901 plays, and rating deviation 75"
7STMD,r4k2/pR4Np/n4p2/4p3/8/5r2/P4P1P/4K1R1 b - - 3 24,a8b8,1r3k2/pR4Np/n4p2/4p3/8/5r2/P4P1P/4K1R1 w - - 4 25,g7e6 f8e8 g1g8,1378,easy,100,75,6818,endgame mate mateIn2 short,approved,"Approved easy Mate puzzle with popularity 100, 6818 plays, and rating deviation 75"
7Y0C7,r2qr1k1/1p3pp1/p1p2b1B/5P2/3pp1Q1/PP1P4/1P4PP/R4RK1 b - - 0 19,e4e3,r2qr1k1/1p3pp1/p1p2b1B/5P2/3p2Q1/PP1Pp3/1P4PP/R4RK1 w - - 0 20,h6g7 f6g7 f5f6 d8f6 f1f6,1404,medium,100,74,3585,advantage long middlegame pin sacrifice,approved,"Approved medium Pin puzzle with popularity 100, 3585 plays, and rating deviation 74"
7aqCB,2r3r1/ppp1k2N/4bp1n/5P2/2p3P1/2P5/P6P/2KRR3 b - - 0 21,h6g4,2r3r1/ppp1k2N/4bp2/5P2/2p3n1/2P5/P6P/2KRR3 w - - 0 22,e1e6 e7f7 d1d7,1188,easy,100,76,4267,master mate mateIn2 middlegame short,approved,"Approved easy Mate puzzle with popularity 100, 4267 plays, and rating deviation 76"
7kGPt,5rk1/pp4bp/4Rp2/1q6/6Q1/2P4N/P5PP/1r2R2K w - - 5 24,h3f4,5rk1/pp4bp/4Rp2/1q6/5NQ1/2P5/P5PP/1r2R2K b - - 6 24,b5f1 e1f1 b1f1,1441,medium,100,76,4464,backRankMate mate mateIn2 middlegame sacrifice short xRayAttack,approved,"Approved medium Sacrifice puzzle with popularity 100, 4464 plays, and rating deviation 76"
7rf3T,8/1R1R2b1/p4p1k/P5p1/6qp/2P3B1/1PB2PK1/4r3 w - - 0 40,d7g7,8/1R4R1/p4p1k/P5p1/6qp/2P3B1/1PB2PK1/4r3 b - - 0 40,h4h3 g2h2 e1h1 h2h1 g4f3 h1g1 f3g2,1522,medium,100,76,3734,attraction endgame master mate mateIn4 sacrifice veryLong,approved,"Approved medium Sacrifice puzzle with popularity 100, 3734 plays, and rating deviation 76"
7ssso,6k1/2K3pp/4P3/3p4/2p3P1/p6P/r1p1r3/2R1R3 b - - 2 43,e2e4,6k1/2K3pp/4P3/3p4/2p1r1P1/p6P/r1p5/2R1R3 w - - 3 44,e1e4 d5e4 e6e7,1447,medium,100,75,3437,advancedPawn crushing endgame rookEndgame short,approved,"Approved medium Advanced pawn tactics puzzle with popularity 100, 3437 plays, and rating deviation 75"
80zKV,3rQ1k1/pbp2pp1/1p1q3p/8/8/3B1P2/PP4PP/4R2K b - - 4 23,d8e8,4r1k1/pbp2pp1/1p1q3p/8/8/3B1P2/PP4PP/4R2K w - - 0 24,e1e8 d6f8 d3h7 g8h7 e8f8,1267,easy,100,76,4732,advantage endgame long pin,approved,"Approved easy Pin puzzle with popularity 100, 4732 plays, and rating deviation 76"
89OlB,8/8/8/r7/2P5/3P2k1/6p1/4R1K1 w - - 0 51,e1d1,8/8/8/r7/2P5/3P2k1/6p1/3R2K1 b - - 1 51,a5h5 d3d4 h5h1,1363,easy,100,75,4168,endgame mate mateIn2 quietMove rookEndgame short,approved,"Approved easy Mate puzzle with popularity 100, 4168 plays, and rating deviation 75"
8Axgi,r2q2k1/pp3Rp1/2nb2Qp/2p3N1/8/2PP4/P1P3PP/R5K1 b - - 4 20,d8g5,r5k1/pp3Rp1/2nb2Qp/2p3q1/8/2PP4/P1P3PP/R5K1 w - - 0 21,f7g7 g8h8 g7h7,1309,easy,100,75,7086,kingsideAttack master mate mateIn2 middlegame short,approved,"Approved easy Mate puzzle with popularity 100, 7086 plays, and rating deviation 75"
8D82m,4r2r/2R3Qp/p5p1/1p1p1p1k/7P/3q2PK/P4P2/1R6 b - - 4 28,d3b1,4r2r/2R3Qp/p5p1/1p1p1p1k/7P/6PK/P4P2/1q6 w - - 0 29,g7h7 h8h7 c7h7,1394,easy,100,75,4288,endgame mate mateIn2 sacrifice short,approved,"Approved easy Sacrifice puzzle with popularity 100, 4288 plays, and rating deviation 75"
8M4A6,8/p7/4k3/1PP2N1p/4NK2/8/8/6r1 w - - 1 45,c5c6,8/p7/2P1k3/1P3N1p/4NK2/8/8/6r1 b - - 0 45,g1f1 f4e3 f1f5,2089,hard,100,77,1094,crushing deflection endgame short skewer,approved,"Approved hard Skewer puzzle with popularity 100, 1094 plays, and rating deviation 77"
8MCl2,8/3Pk1p1/3p3p/3Pp2n/8/4pP2/6PN/5B1K w - - 0 34,f1b5,8/3Pk1p1/3p3p/1B1Pp2n/8/4pP2/6PN/7K b - - 1 34,e3e2 b5e2 h5g3 h1g1 g3e2,2076,hard,99,76,1227,advancedPawn advantage endgame fork long,approved,"Approved hard Fork puzzle with popularity 99, 1227 plays, and rating deviation 76"
8PYF2,r1br2kb/pp3p1p/4p2P/1B1pq1p1/8/2NQ4/PPP5/2KR1R2 b - - 6 24,a7a6,r1br2kb/1p3p1p/p3p2P/1B1pq1p1/8/2NQ4/PPP5/2KR1R2 w - - 0 25,f1f7 g8f7 d3h7 f7f6 d1f1 e5f4 f1f4,2051,hard,98,75,3636,advantage attraction deflection kingsideAttack middlegame sacrifice veryLong,approved,"Approved hard Deflection puzzle with popularity 98, 3636 plays, and rating deviation 75"
8Q3bm,8/p4k2/8/1p2R3/1B2p3/P2rP1P1/KR5p/7r w - - 0 46,e5e4,8/p4k2/8/1p6/1B2R3/P2rP1P1/KR5p/7r b - - 0 46,h1a1 a2a1 h2h1q a1a2 h1e4,1336,easy,100,75,5452,advancedPawn attraction crushing endgame fork long promotion,approved,"Approved easy Fork puzzle with popularity 100, 5452 plays, and rating deviation 75"
8RSFP,2r4k/pp4rp/4q2N/n2pP1B1/3P1P1P/Pn6/1P4K1/3Q1R2 b - - 0 32,g7g6,2r4k/pp5p/4q1rN/n2pP1B1/3P1P1P/Pn6/1P4K1/3Q1R2 w - - 1 33,f4f5 g6g5 h4g5,1490,medium,100,76,4123,advantage fork middlegame short,approved,"Approved medium Fork puzzle with popularity 100, 4123 plays, and rating deviation 76"
8SmOR,8/8/3pN3/1p1RnPK1/1k6/8/8/5r2 w - - 9 62,d5d6,8/8/3RN3/1p2nPK1/1k6/8/8/5r2 b - - 0 62,e5f7 g5f6 f7d6,1291,easy,100,78,4997,crushing endgame fork master short,approved,"Approved easy Fork puzzle with popularity 100, 4997 plays, and rating deviation 78"
8W6eO,rnb1k2r/pp3ppp/2p5/2bB4/7q/2NP2p1/PPP4P/R1BQK1NR w KQkq - 0 10,h2g3,rnb1k2r/pp3ppp/2p5/2bB4/7q/2NP2P1/PPP5/R1BQK1NR b KQkq - 0 10,h4g3 e1f1 g3f2,1249,easy,100,76,4056,master mate mateIn2 opening short,approved,"Approved easy Mate puzzle with popularity 100, 4056 plays, and rating deviation 76"
8apNf,1r6/p3ppkp/2pp1np1/7P/2BPPN2/q4P2/Nr1Q2P1/K2R3R w - - 4 24,d2c3,1r6/p3ppkp/2pp1np1/7P/2BPPN2/q1Q2P2/Nr4P1/K2R3R b - - 5 24,b2a2 c4a2 a3c3,1504,medium,100,74,4512,mate mateIn2 middlegame short,approved,"Approved medium Mate puzzle with popularity 100, 4512 plays, and rating deviation 74"
8feKb,1rr3k1/4qp1p/p4p2/3p4/P4Q2/6P1/2pRPP1P/2R3K1 b - - 1 24,b8b1,2r3k1/4qp1p/p4p2/3p4/P4Q2/6P1/2pRPP1P/1rR3K1 w - - 2 25,f4g4 g8h8 g4c8,1181,easy,100,76,4508,crushing endgame fork short,approved,"Approved easy Fork puzzle with popularity 100, 4508 plays, and rating deviation 76"
8g4h0,8/1pp2pk1/p7/P2Q1Pq1/1P2r3/2P1r2P/5R1K/5R2 w - - 0 33,f1g1,8/1pp2pk1/p7/P2Q1Pq1/1P2r3/2P1r2P/5R1K/6R1 b - - 1 33,e3h3 h2h3 e4h4,1459,medium,100,77,21229,attraction endgame mate mateIn2 sacrifice short,approved,"Approved medium Sacrifice puzzle with popularity 100, 21229 plays, and rating deviation 77"
8lHpT,n4rk1/4Qp1p/6p1/1pp5/5B2/4R1PK/q6P/8 b - - 1 28,a2d5,n4rk1/4Qp1p/6p1/1ppq4/5B2/4R1PK/7P/8 w - - 2 29,e7f8 g8f8 f4h6 f8g8 e3e8,2053,hard,99,77,2671,attraction endgame long mate mateIn3 pillsburysMate sacrifice,approved,"Approved hard Sacrifice puzzle with popularity 99, 2671 plays, and rating deviation 77"
8t67f,8/4b3/4p3/4N3/2K2p1k/7P/1P6/8 w - - 1 42,e5g6,8/4b3/4p1N1/8/2K2p1k/7P/1P6/8 b - - 2 42,h4g3 g6e7 f4f3,2012,hard,99,76,1077,crushing defensiveMove endgame master sacrifice short,approved,"Approved hard Sacrifice puzzle with popularity 99, 1077 plays, and rating deviation 76"
8tmXa,8/8/3N2P1/2n1p3/8/2p2k2/P2p1P2/3K4 w - - 0 49,g6g7,8/6P1/3N4/2n1p3/8/2p2k2/P2p1P2/3K4 b - - 0 49,c5d3 g7g8q d3f2 d1c2 d2d1q,2026,hard,99,77,1597,advancedPawn crushing endgame exposedKing knightEndgame long promotion,approved,"Approved hard Promotion puzzle with popularity 99, 1597 plays, and rating deviation 77"
94YM7,2r1k2r/p5p1/3p1pb1/8/3QP3/1P4BP/NPq5/K6R b k - 1 29,c2e4,2r1k2r/p5p1/3p1pb1/8/3Qq3/1P4BP/NP6/K6R w k - 0 30,h1e1 e4e1 g3e1,1329,easy,100,74,4683,advantage middlegame pin short,approved,"Approved easy Pin puzzle with popularity 100, 4683 plays, and rating deviation 74"
9Ajox,3r2k1/pQ2rp2/3bq1pB/2pn3p/8/2P2N1P/PP3PP1/R2R2K1 w - - 1 25,b7d5,3r2k1/p3rp2/3bq1pB/2pQ3p/8/2P2N1P/PP3PP1/R2R2K1 b - - 0 25,d6h2 g1h2 d8d5,1350,easy,100,76,6181,advantage discoveredAttack middlegame short,approved,"Approved easy Discovered attack puzzle with popularity 100, 6181 plays, and rating deviation 76"
9B1Pa,2R5/5Npk/5n1p/3p4/r2P2PP/5PK1/8/8 b - - 0 36,a4d4,2R5/5Npk/5n1p/3p4/3r2PP/5PK1/8/8 w - - 0 37,c8h8 h7g6 f7e5,2021,hard,100,79,1260,endgame mate mateIn2 short,approved,"Approved hard Mate puzzle with popularity 100, 1260 plays, and rating deviation 79"
9BDTK,r2q2rk/pb3p1p/1p1ppp1B/n6Q/3P4/P2BP3/2P2PPP/R4RK1 w - - 4 17,h6f4,r2q2rk/pb3p1p/1p1ppp2/n6Q/3P1B2/P2BP3/2P2PPP/R4RK1 b - - 5 17,g8g2 g1h1 g2g5 f2f3 g5h5,1411,medium,100,75,5098,crushing discoveredAttack discoveredCheck kingsideAttack long middlegame,approved,"Approved medium Discovered attack puzzle with popularity 100, 5098 plays, and rating deviation 75"
9C5Q9,8/8/5P2/6p1/3p1kP1/p1bK4/P7/8 b - - 0 53,f4g4,8/8/5P2/6p1/3p2k1/p1bK4/P7/8 w - - 0 54,d3c4 c3e1 f6f7 d4d3 f7f8q,2079,hard,99,79,1062,advancedPawn bishopEndgame crushing endgame long promotion,approved,"Approved hard Promotion puzzle with popularity 99, 1062 plays, and rating deviation 79"
9CCou,r3rk2/pp5Q/2pq1b2/6Np/2bP2pP/8/PPP3P1/2K2R2 b - - 1 26,e8e7,r4k2/pp2r2Q/2pq1b2/6Np/2bP2pP/8/PPP3P1/2K2R2 w - - 2 27,h7h8 c4g8 f1f6 d6f6 h8f6,2018,hard,99,75,1024,advantage exposedKing fork long middlegame pin,approved,"Approved hard Fork puzzle with popularity 99, 1024 plays, and rating deviation 75"
9G0yd,2k1r3/pp2q3/2p1p1Q1/2P3P1/4p3/8/PPP4r/1K1R4 b - - 0 30,e7c5,2k1r3/pp6/2p1p1Q1/2q3P1/4p3/8/PPP4r/1K1R4 w - - 0 31,g6e8 c8c7 e8d8,1421,medium,100,76,3834,endgame hangingPiece mate mateIn2 short,approved,"Approved medium Mate puzzle with popularity 100, 3834 plays, and rating deviation 76"
9H9La,2r5/3bk1pp/4nb2/pp6/4R3/1B6/PP4PP/1K1R4 b - - 3 24,a5a4,2r5/3bk1pp/4nb2/1p6/p3R3/1B6/PP4PP/1K1R4 w - - 0 25,d1d7 e7d7 b3e6 d7c7 e6c8,1449,medium,100,75,3631,advantage attraction exposedKing long middlegame skewer,approved,"Approved medium Skewer puzzle with popularity 100, 3631 plays, and rating deviation 75"
9JESM,r3k2r/ppp1q2p/6N1/1Q6/3Pp1b1/4n3/PP3PPP/R5KR b kq - 5 16,e7d7,r3k2r/pppq3p/6N1/1Q6/3Pp1b1/4n3/PP3PPP/R5KR w kq - 6 17,b5e5 e8f7 g6h8,2024,hard,100,77,1373,advantage fork master middlegame short,approved,"Approved hard Fork puzzle with popularity 100, 1373 plays, and rating deviation 77"
9Kjbj,5k2/5q2/7p/4QB2/p2P3P/2P5/r4PP1/6K1 w - - 4 36,f5e6,5k2/5q2/4B2p/4Q3/p2P3P/2P5/r4PP1/6K1 b - - 5 36,f7f2 g1h2 f2g2,1019,easy,100,76,5148,endgame mate mateIn2 short,approved,"Approved easy Mate puzzle with popularity 100, 5148 plays, and rating deviation 76"
9PWGI,8/6R1/1r3p1k/4p3/3p4/2rP2RP/6PK/1q6 b - - 5 48,c3d3,8/6R1/1r3p1k/4p3/3p4/3r2RP/6PK/1q6 w - - 0 49,g3g6 h6h5 g2g4 h5h4 g6h6,1305,easy,100,74,4194,endgame exposedKing long mate mateIn3 queenRookEndgame,approved,"Approved easy Mate puzzle with popularity 100, 4194 plays, and rating deviation 74"
9Twb3,2r4k/q3PPp1/7p/1pb5/2nr4/7P/5QP1/2BR1RK1 b - - 0 34,d4d1,2r4k/q3PPp1/7p/1pb5/2n5/7P/5QP1/2Br1RK1 w - - 0 35,f7f8q c8f8 e7f8q c5f8 f2a7 d1f1 g1f1,1418,medium,100,75,4042,advancedPawn crushing middlegame promotion veryLong,approved,"Approved medium Promotion puzzle with popularity 100, 4042 plays, and rating deviation 75"
9UnL0,6k1/1p3p2/6p1/2P3P1/3p4/8/3qN1QP/6K1 w - - 0 36,h2h4,6k1/1p3p2/6p1/2P3P1/3p3P/8/3qN1Q1/6K1 b - h3 0 36,d4d3 e2g3 d2g2 g1g2 d3d2,2102,hard,98,79,3604,advancedPawn crushing endgame exposedKing long,approved,"Approved hard Advanced pawn tactics puzzle with popularity 98, 3604 plays, and rating deviation 79"
9V0Po,8/kpK5/6R1/pP6/P5pr/8/8/8 b - - 3 51,g4g3,8/kpK5/6R1/pP6/P6r/6p1/8/8 w - - 0 52,g6a6 b7a6 b5b6 a7a8 b6b7 a8a7 b7b8q,2056,hard,98,78,2430,advancedPawn endgame mate mateIn4 promotion rookEndgame sacrifice veryLong,approved,"Approved hard Sacrifice puzzle with popularity 98, 2430 plays, and rating deviation 78"
9VYJ9,8/1Rr5/p1Pr1p2/P2PkPp1/2K3P1/8/8/8 b - - 1 47,c7b7,8/1r6/p1Pr1p2/P2PkPp1/2K3P1/8/8/8 w - - 0 48,c6b7 d6d8 c4c5 d8d5 c5b6,2089,hard,100,76,1102,advancedPawn crushing endgame long rookEndgame,approved,"Approved hard Advanced pawn tactics puzzle with popularity 100, 1102 plays, and rating deviation 76"
9VqGR,3r2k1/1p4pp/3Np3/q1P1P3/7r/2B5/4Q1PK/2R5 w - - 2 33,h2g1,3r2k1/1p4pp/3Np3/q1P1P3/7r/2B5/4Q1P1/2R3K1 b - - 3 33,a5c5 e2f2 h4h1 g1h1 c5f2,1341,easy,100,75,5538,crushing deflection long middlegame,approved,"Approved easy Deflection puzzle with popularity 100, 5538 plays, and rating deviation 75"
9XWAR,8/8/7p/8/3PQ3/2P2N2/P4k1K/5q2 w - - 1 53,f3g1,8/8/7p/8/3PQ3/2P5/P4k1K/5qN1 b - - 2 53,f1g1 h2h3 g1g3,1125,easy,100,76,6079,endgame mate mateIn2 short,approved,"Approved easy Mate puzzle with popularity 100, 6079 plays, and rating deviation 76"
9XbQk,3r2k1/3r1p1p/5Pp1/1pb1pnP1/2p4Q/2P2R2/1P5P/6RK w - - 4 34,h4e1,3r2k1/3r1p1p/5Pp1/1pb1pnP1/2p5/2P2R2/1P5P/4Q1RK b - - 5 34,c5g1 h1g1 d7d1 f3f1 d1e1,1326,easy,100,74,4710,advantage long middlegame pin,approved,"Approved easy Pin puzzle with popularity 100, 4710 plays, and rating deviation 74"
9cSWZ,4r1k1/1p3pp1/p1p4p/2N5/6P1/1PBP2P1/1PP1rK2/R7 w - - 12 31,f2f3,4r1k1/1p3pp1/p1p4p/2N5/6P1/1PBP1KP1/1PP1r3/R7 b - - 13 31,e8e3 f3f4 g7g5 f4f5 e2f2,1446,medium,100,75,3635,endgame long mate mateIn3,approved,"Approved medium Mate puzzle with popularity 100, 3635 plays, and rating deviation 75"
9d8PX,Q7/1R3p2/5Pk1/1P2P2p/6p1/2r4P/6PK/8 w - - 0 57,b7f7,Q7/5R2/5Pk1/1P2P2p/6p1/2r4P/6PK/8 b - - 0 57,g4g3 h2g1 c3c1,1248,easy,100,76,4173,endgame master mate mateIn2 queenRookEndgame short,approved,"Approved easy Mate puzzle with popularity 100, 4173 plays, and rating deviation 76"
9eXvi,2R5/8/8/1K1k4/1P5p/8/8/4r3 b - - 20 70,h4h3,2R5/8/8/1K1k4/1P6/7p/8/4r3 w - - 0 71,c8d8 d5e4 d8e8 e4f3 e8e1,1462,medium,100,77,5995,crushing endgame long rookEndgame skewer,approved,"Approved medium Skewer puzzle with popularity 100, 5995 plays, and rating deviation 77"
9n2G9,4r1k1/p5p1/1p1p2Q1/2pPr3/5q1P/8/PPP5/1K2R2R w - - 1 27,e1f1,4r1k1/p5p1/1p1p2Q1/2pPr3/5q1P/8/PPP5/1K3R1R b - - 2 27,f4f1 h1f1 e5e1 f1e1 e8e1,1347,easy,100,74,4610,backRankMate endgame long mate mateIn3 sacrifice,approved,"Approved easy Sacrifice puzzle with popularity 100, 4610 plays, and rating deviation 74"
9qgB0,7k/8/4q2p/8/2P5/5Kp1/1R2R3/8 b - - 2 48,e6g6,7k/8/6qp/8/2P5/5Kp1/1R2R3/8 w - - 3 49,b2b8 h8g7 e2e7 g7f6 b8b6 f6e7 b6g6,1371,easy,100,75,3176,crushing endgame exposedKing queenRookEndgame skewer veryLong,approved,"Approved easy Skewer puzzle with popularity 100, 3176 plays, and rating deviation 75"
9s93N,r1bk3r/pp1p1pp1/2pN2p1/2P1P3/1P1n3q/P4Q2/6PP/R1B3KR w - - 2 20,f3f7,r1bk3r/pp1p1Qp1/2pN2p1/2P1P3/1P1n3q/P7/6PP/R1B3KR b - - 0 20,h4e1 f7f1 d4e2,1436,medium,100,75,4122,kingsideAttack mate mateIn2 middlegame short,approved,"Approved medium Mate puzzle with popularity 100, 4122 plays, and rating deviation 75"
9sLr3,2r2q2/8/6k1/rpp1Qb2/4B1p1/3pP3/3P4/2K1R2R b - - 0 38,f5e4,2r2q2/8/6k1/rpp1Q3/4b1p1/3pP3/3P4/2K1R2R w - - 0 39,e5e4 f8f5 h1h6 g6h6 e4f5,2282,hard,99,78,1111,crushing deflection exposedKing long middlegame,approved,"Approved hard Deflection puzzle with popularity 99, 1111 plays, and rating deviation 78"
9v5gt,2kr4/1pp2Q2/p3P3/3n4/3R2Pp/q6P/4NK2/8 b - - 1 31,d8f8,2k2r2/1pp2Q2/p3P3/3n4/3R2Pp/q6P/4NK2/8 w - - 2 32,d4d5 f8f7 e6f7 a3f8 d5f5,2055,hard,99,75,1042,advancedPawn advantage defensiveMove endgame long,approved,"Approved hard Advanced pawn tactics puzzle with popularity 99, 1042 plays, and rating deviation 75"
9zGw9,1r2r3/p4p1k/bp2pP1b/2pp1BPQ/5q1P/3P4/PPP2P2/R3R1K1 b - - 0 26,f4f5,1r2r3/p4p1k/bp2pP1b/2pp1qPQ/7P/3P4/PPP2P2/R3R1K1 w - - 0 27,h5h6 h7g8 h6g7,1505,medium,100,76,3925,mate mateIn2 middlegame short,approved,"Approved medium Mate puzzle with popularity 100, 3925 plays, and rating deviation 76"
A0ROq,5rk1/4Qpp1/7P/1np3N1/5RP1/8/r2q1P2/4R1K1 b - - 0 32,d2f4,5rk1/4Qpp1/7P/1np3N1/5qP1/8/r4P2/4R1K1 w - - 0 33,h6h7 g8h8 e7f8,1575,medium,100,78,3407,advancedPawn deflection mate mateIn2 middlegame short,approved,"Approved medium Deflection puzzle with popularity 100, 3407 plays, and rating deviation 78"
A0tFZ,1Rb3rk/2p4p/8/2pP1p2/4pr1q/2N1Q3/5PPP/6RK w - - 0 28,e3c5,1Rb3rk/2p4p/8/2QP1p2/4pr1q/2N5/5PPP/6RK b - - 0 28,h4h2 h1h2 f4h4,1471,medium,100,75,3782,attraction master mate mateIn2 middlegame sacrifice short,approved,"Approved medium Sacrifice puzzle with popularity 100, 3782 plays, and rating deviation 75"
A3y4m,4r2k/5p2/1pN2p2/1P1P4/p4Pr1/R4QPq/8/5RK1 w - - 4 35,g1f2,4r2k/5p2/1pN2p2/1P1P4/p4Pr1/R4QPq/5K2/5R2 b - - 5 35,h3h2 f3g2 e8e2 f2e2 h2g2,1266,easy,100,75,4134,advantage attraction deflection long middlegame,approved,"Approved easy Deflection puzzle with popularity 100, 4134 plays, and rating deviation 75"
ABxQE,5rk1/5ppp/1p1r3q/4p3/p7/P3b1P1/1PQ3PN/N1R2R1K w - - 4 26,c1e1,5rk1/5ppp/1p1r3q/4p3/p7/P3b1P1/1PQ3PN/N3RR1K b - - 5 26,h6h2 h1h2 d6h6,1284,easy,100,75,5631,attraction kingsideAttack mate mateIn2 middlegame sacrifice short,approved,"Approved easy Sacrifice puzzle with popularity 100, 5631 plays, and rating deviation 75"
AD2IX,r4rk1/ppq2pp1/5R1p/2n2N1P/2P5/8/PP2QPP1/1K5R b - - 0 22,g7f6,r4rk1/ppq2p2/5p1p/2n2N1P/2P5/8/PP2QPP1/1K5R w - - 0 23,e2g4 g8h8 g4g7,1409,medium,100,76,4095,kingsideAttack mate mateIn2 middlegame short,approved,"Approved medium Mate puzzle with popularity 100, 4095 plays, and rating deviation 76"
ADzqc,8/1b3Rk1/p3p3/1p2q1p1/6Pr/2P3p1/P7/3B1RK1 b - - 1 33,g7g6,8/1b3R2/p3p1k1/1p2q1p1/6Pr/2P3p1/P7/3B1RK1 w - - 2 34,d1c2 e5f5 c2f5 g6f7 f5e4 f7e8 e4b7,2190,hard,100,75,1525,advantage discoveredAttack endgame veryLong,approved,"Approved hard Discovered attack puzzle with popularity 100, 1525 plays, and rating deviation 75"
AFIM9,2r1bk2/1p5Q/p1p5/2Ppq3/1P3NP1/3BP3/P4K2/8 b - - 3 43,c8c7,4bk2/1pr4Q/p1p5/2Ppq3/1P3NP1/3BP3/P4K2/8 w - - 4 44,h7c7 e5c7 f4e6 f8e7 e6c7,2007,hard,99,74,1033,attraction crushing endgame exposedKing fork long sacrifice,approved,"Approved hard Fork puzzle with popularity 99, 1033 plays, and rating deviation 74"
AK3i0,8/1pp3kp/5Rbr/3QP1p1/2P5/1P2N1Pq/P6P/6K1 w - - 1 36,d5b7,8/1Qp3kp/5Rbr/4P1p1/2P5/1P2N1Pq/P6P/6K1 b - - 0 36,h3h2 g1f1 g6d3 f1e1 h2e2,1378,easy,100,74,6241,endgame long master mate mateIn3,approved,"Approved easy Mate puzzle with popularity 100, 6241 plays, and rating deviation 74"
ALGsV,8/8/6p1/8/4k2P/1prp2P1/1R3P2/4K3 w - - 0 46,e1d2,8/8/6p1/8/4k2P/1prp2P1/1R1K1P2/8 b - - 1 46,c3c2 b2c2 b3c2,1190,easy,100,76,15915,advancedPawn crushing endgame rookEndgame short,approved,"Approved easy Advanced pawn tactics puzzle with popularity 100, 15915 plays, and rating deviation 76"
ALjme,r2q3r/ppp1n1pk/6Np/3p2B1/3P4/3Q4/P4PPP/R5K1 b - - 0 20,h6g5,r2q3r/ppp1n1pk/6N1/3p2p1/3P4/3Q4/P4PPP/R5K1 w - - 0 21,g6e7 g7g6 d3g6,1453,medium,100,75,4010,discoveredAttack discoveredCheck mate mateIn2 middlegame short,approved,"Approved medium Discovered attack puzzle with popularity 100, 4010 plays, and rating deviation 75"
ARRYN,2k5/1p6/3pp3/p3p3/P2PP1q1/2P1PrP1/1P2Q2K/R7 w - - 0 32,a1g1,2k5/1p6/3pp3/p3p3/P2PP1q1/2P1PrP1/1P2Q2K/6R1 b - - 1 32,g4h5 h2g2 f3g3 g2g3 h5e2,1258,easy,100,75,5188,crushing discoveredAttack endgame long,approved,"Approved easy Discovered attack puzzle with popularity 100, 5188 plays, and rating deviation 75"
AXBEu,8/4B1kp/p2p4/P2P1q2/2P1pnr1/4Q2P/5P2/5RK1 w - - 0 35,h3g4,8/4B1kp/p2p4/P2P1q2/2P1pnP1/4Q3/5P2/5RK1 b - - 0 35,f5g4 e3g3 f4e2 g1h2 e2g3,1235,easy,100,75,5713,advantage endgame fork long pin,approved,"Approved easy Fork puzzle with popularity 100, 5713 plays, and rating deviation 75"
AdfV1,r2q1bnr/ppp1P3/4Qpk1/7p/3P1p2/4PN2/PP1K1PPP/nN5R b - - 0 13,d8e7,r4bnr/ppp1q3/4Qpk1/7p/3P1p2/4PN2/PP1K1PPP/nN5R w - - 0 14,f3h4 g6h6 h4f5 h6h7 f5e7,1525,medium,100,77,4191,advantage fork long middlegame,approved,"Approved medium Fork puzzle with popularity 100, 4191 plays, and rating deviation 77"
AgoSi,6k1/5pp1/p3p1qp/1p2Q3/4b3/1P3r2/P3BPPP/3R2K1 w - - 0 28,e2f3,6k1/5pp1/p3p1qp/1p2Q3/4b3/1P3B2/P4PPP/3R2K1 b - - 0 28,e4f3 e5g3 f3d1 g3g6 f7g6,2126,hard,100,79,1379,crushing endgame long pin,approved,"Approved hard Pin puzzle with popularity 100, 1379 plays, and rating deviation 79"
AoVfw,7k/pp4pp/3P4/1Np1n3/2P1b3/4R2Q/PP5P/3q1K2 w - - 1 34,e3e1,7k/pp4pp/3P4/1Np1n3/2P1b3/7Q/PP5P/3qRK2 b - - 2 34,e4d3 h3d3 d1d3,1424,medium,100,75,4482,crushing endgame pin short,approved,"Approved medium Pin puzzle with popularity 100, 4482 plays, and rating deviation 75"
AqlRD,4r1k1/p2q1p2/1p3Qp1/8/2R5/P7/2P1p1bP/4R2K w - - 0 32,h1g2,4r1k1/p2q1p2/1p3Qp1/8/2R5/P7/2P1p1KP/4R3 b - - 0 32,d7d5 f6f3 d5c4,1253,easy,100,76,4151,crushing endgame fork master short,approved,"Approved easy Fork puzzle with popularity 100, 4151 plays, and rating deviation 76"
As6Kk,8/7R/4k3/1p6/4p3/2P2p1P/Pn3K2/8 w - - 0 38,h7h5,8/8/4k3/1p5R/4p3/2P2p1P/Pn3K2/8 b - - 1 38,b2d3 f2e3 f3f2 e3e2 d3f4,2319,hard,100,77,1025,advancedPawn crushing endgame long master,approved,"Approved hard Advanced pawn tactics puzzle with popularity 100, 1025 plays, and rating deviation 77"
AvAxT,8/3r1k1p/3pR1p1/p2P4/2P5/5K1P/6P1/8 w - - 0 37,f3e4,8/3r1k1p/3pR1p1/p2P4/2P1K3/7P/6P1/8 b - - 1 37,d7e7 e6e7 f7e7,2016,hard,100,76,1358,crushing endgame master pin rookEndgame short,approved,"Approved hard Pin puzzle with popularity 100, 1358 plays, and rating deviation 76"
AvY3g,1r3rk1/R4p2/1nN1p1p1/3pP1Qn/7P/2P1R3/PP3PK1/3q4 b - - 0 35,b8a8,r4rk1/R4p2/1nN1p1p1/3pP1Qn/7P/2P1R3/PP3PK1/3q4 w - - 1 36,c6e7 g8h7 e7g6 a8a7 g6f8,2172,hard,99,75,1087,crushing kingsideAttack long middlegame pin,approved,"Approved hard Pin puzzle with popularity 99, 1087 plays, and rating deviation 75"
B4tAg,6k1/5p1p/6p1/p3p3/P7/1PQ1R2P/5qPK/3r4 w - - 0 35,e3e5,6k1/5p1p/6p1/p3R3/P7/1PQ4P/5qPK/3r4 b - - 0 35,f2f4 c3g3 d1h1 h2h1 f4g3,1494,medium,100,75,3976,crushing deflection endgame long,approved,"Approved medium Deflection puzzle with popularity 100, 3976 plays, and rating deviation 75"
BDPQ1,8/8/2p4p/3p2p1/1N3kP1/1nP4P/4KP2/8 b - - 1 39,b3a5,8/8/2p4p/n2p2p1/1N3kP1/2P4P/4KP2/8 w - - 2 40,b4d3 f4e4 f2f3,1305,easy,100,75,4178,endgame knightEndgame mate mateIn2 short,approved,"Approved easy Mate puzzle with popularity 100, 4178 plays, and rating deviation 75"
BFx0h,R2r2k1/5ppp/2Q5/6q1/3P4/P3n2P/r4P2/5R1K b - - 5 26,e3f1,R2r2k1/5ppp/2Q5/6q1/3P4/P6P/r4P2/5n1K w - - 0 27,c6e8 d8e8 a8e8,1306,easy,100,75,6163,backRankMate endgame mate mateIn2 sacrifice short xRayAttack,approved,"Approved easy Sacrifice puzzle with popularity 100, 6163 plays, and rating deviation 75"
BInSx,r1q5/R4p1k/5B2/3pPpP1/1PpP1n2/2P5/R7/6K1 b - - 0 41,a8a7,2q5/r4p1k/5B2/3pPpP1/1PpP1n2/2P5/R7/6K1 w - - 0 42,a2h2 f4h3 h2h3 h7g6 h3h6,1386,easy,100,75,4367,endgame exposedKing long mate mateIn3 pillsburysMate,approved,"Approved easy Mate puzzle with popularity 100, 4367 plays, and rating deviation 75"
BRHqK,3r1rk1/1p3pp1/p3bq2/2p2N2/6Q1/2P5/P5PP/R4R1K b - - 0 28,f6c3,3r1rk1/1p3pp1/p3b3/2p2N2/6Q1/2q5/P5PP/R4R1K w - - 0 29,f5e7 g8h7 g4h4,1654,medium,100,77,3310,anastasiaMate mate mateIn2 middlegame short,approved,"Approved medium Mate puzzle with popularity 100, 3310 plays, and rating deviation 77"
BT2ox,2kr2r1/b1pq4/2pp3p/N3p3/1P2Ppb1/P2Q1N2/2P2PPK/R5R1 b - - 5 23,c8b8,1k1r2r1/b1pq4/2pp3p/N3p3/1P2Ppb1/P2Q1N2/2P2PPK/R5R1 w - - 6 24,d3a6 d7c8 a5c6 b8a8 a6a7,1367,easy,100,74,5446,fork long mate mateIn3 middlegame,approved,"Approved easy Fork puzzle with popularity 100, 5446 plays, and rating deviation 74"
BXTAN,3r2rk/p4p1p/5PpQ/qpp3P1/4PR2/7P/PP6/R5K1 b - - 6 27,a5d2,3r2rk/p4p1p/5PpQ/1pp3P1/4PR2/7P/PP1q4/R5K1 w - - 7 28,h6h7 h8h7 f4h4,1488,medium,100,76,4646,attraction endgame kingsideAttack mate mateIn2 sacrifice short,approved,"Approved medium Sacrifice puzzle with popularity 100, 4646 plays, and rating deviation 76"
Beg1e,r6k/1p2N1p1/p2p3r/5Q2/1Pnq4/7P/P4RP1/2R3K1 b - - 1 31,c4e3,r6k/1p2N1p1/p2p3r/5Q2/1P1q4/4n2P/P4RP1/2R3K1 w - - 2 32,c1c8 a8c8 f5c8 h8h7 c8g8,2008,hard,98,75,2871,long mate mateIn3 middlegame,approved,"Approved hard Mate puzzle with popularity 98, 2871 plays, and rating deviation 75"
Bhzpv,k6r/2pbb1pp/1P2p1n1/8/3P1p2/2N2B1P/1PP2PP1/5RK1 b - - 1 23,c7c6,k6r/3bb1pp/1Pp1p1n1/8/3P1p2/2N2B1P/1PP2PP1/5RK1 w - - 0 24,f1a1 a8b7 a1a7 b7b6 a7d7,1438,medium,100,75,4398,advantage exposedKing long middlegame queensideAttack skewer,approved,"Approved medium Skewer puzzle with popularity 100, 4398 plays, and rating deviation 75"
BjEax,8/1pR5/p2p1k1p/7P/7q/8/6P1/3R2K1 b - - 1 43,h4h5,8/1pR5/p2p1k1p/7q/8/8/6P1/3R2K1 w - - 0 44,d1d6 f6e5 c7c5 e5d6 c5h5,1398,easy,100,76,2911,crushing endgame exposedKing long queenRookEndgame skewer,approved,"Approved easy Skewer puzzle with popularity 100, 2911 plays, and rating deviation 76"
Blacy,3r3k/2P4p/1p1p1p1Q/pP2q3/P7/6PP/3Rr2K/3R4 w - - 1 37,h2h1,3r3k/2P4p/1p1p1p1Q/pP2q3/P7/6PP/3Rr3/3R3K b - - 2 37,e5e4 h1g1 e4g2,1555,medium,100,77,3635,endgame mate mateIn2 short,approved,"Approved medium Mate puzzle with popularity 100, 3635 plays, and rating deviation 77"
BpJgk,8/8/8/3kP1Kp/1r3N2/6P1/8/8 b - - 2 52,d5e5,8/8/8/4k1Kp/1r3N2/6P1/8/8 w - - 0 53,f4d3 e5e4 d3b4 e4f3 g5h4,1430,medium,100,76,3597,crushing endgame fork long,approved,"Approved medium Fork puzzle with popularity 100, 3597 plays, and rating deviation 76"
BuD0E,2b3rk/p1q1R2p/8/1ppp1p1Q/3p3P/3P2r1/PPPN1P2/4R1K1 w - - 0 30,f2g3,2b3rk/p1q1R2p/8/1ppp1p1Q/3p3P/3P2P1/PPPN4/4R1K1 b - - 0 30,c7g3 g1f1 g3g2,1418,medium,100,75,5919,kingsideAttack mate mateIn2 middlegame short,approved,"Approved medium Mate puzzle with popularity 100, 5919 plays, and rating deviation 75"
Byh1y,1q5r/Rp1k1pp1/1Pn5/1B1p4/3P1n2/1Q5P/8/3R3K w - - 1 33,d1f1,1q5r/Rp1k1pp1/1Pn5/1B1p4/3P1n2/1Q5P/8/5R1K b - - 2 33,h8h3 b3h3 f4h3,849,easy,100,79,15607,advantage fork middlegame short,approved,"Approved easy Fork puzzle with popularity 100, 15607 plays, and rating deviation 79"
C0RTy,1k1rr3/pp3pb1/8/1N1p1q2/Q2P1Pp1/6Pp/P6P/2R1R2K b - - 3 27,a7a6,1k1rr3/1p3pb1/p7/1N1p1q2/Q2P1Pp1/6Pp/P6P/2R1R2K w - - 0 28,e1e8 d8e8 b5d6 f5e6 a4e8 e6e8 d6e8,2008,hard,100,75,1007,attraction crushing discoveredAttack fork middlegame veryLong,approved,"Approved hard Fork puzzle with popularity 100, 1007 plays, and rating deviation 75"
C0Unt,r5rk/pb4b1/1p2qnQ1/3pB1Rp/2pP3P/2P1P3/PP3PP1/R3K3 b Q - 1 20,e6e8,r3q1rk/pb4b1/1p3nQ1/3pB1Rp/2pP3P/2P1P3/PP3PP1/R3K3 w Q - 2 21,g5h5 f6h5 g6h6,2002,hard,99,75,1444,kingsideAttack mate mateIn2 middlegame pin sacrifice short,approved,"Approved hard Pin puzzle with popularity 99, 1444 plays, and rating deviation 75"
C11NL,r6r/p3R2p/1kp3p1/1pq2bQ1/2P5/P2P4/6PP/4R2K b - - 0 29,f5d3,r6r/p3R2p/1kp3p1/1pq3Q1/2P5/P2b4/6PP/4R2K w - - 0 30,e7b7 b6b7 g5c5,1411,medium,100,75,3969,advantage deflection middlegame short,approved,"Approved medium Deflection puzzle with popularity 100, 3969 plays, and rating deviation 75"
C4FBM,r3Q3/p3R1kp/6p1/2nq3n/5p2/5N1b/1P3PPB/6K1 b - - 1 32,g7f6,r3Q3/p3R2p/5kp1/2nq3n/5p2/5N1b/1P3PPB/6K1 w - - 2 33,e7f7 d5f7 e8e5,2028,hard,99,77,1181,clearance mate mateIn2 middlegame sacrifice short,approved,"Approved hard Sacrifice puzzle with popularity 99, 1181 plays, and rating deviation 77"
C4PSn,4rQ2/1pp1P1pk/7p/p1pP4/2q3r1/P1B5/5P1P/R3R2K w - - 7 37,f8e8,4Q3/1pp1P1pk/7p/p1pP4/2q3r1/P1B5/5P1P/R3R2K b - - 0 37,c4d5 e1e4 d5e4 f2f3 e4f3,1404,medium,100,77,4835,endgame long mate mateIn3,approved,"Approved medium Mate puzzle with popularity 100, 4835 plays, and rating deviation 77"
C5Pus,8/2B5/4k1p1/3p2Kp/p1pp3P/1p1P4/PPP5/8 w - - 0 37,a2b3,8/2B5/4k1p1/3p2Kp/p1pp3P/1P1P4/1PP5/8 b - - 0 37,c4c3 b2c3 a4a3 c7b6 a3a2,2019,hard,99,76,1276,advancedPawn bishopEndgame crushing endgame long,approved,"Approved hard Advanced pawn tactics puzzle with popularity 99, 1276 plays, and rating deviation 76"
CC1w5,6k1/6p1/3r1PB1/pp6/8/1PPn2r1/P2R4/3R2K1 w - - 1 37,d2g2,6k1/6p1/3r1PB1/pp6/8/1PPn2r1/P5R1/3R2K1 b - - 2 37,g3g2 g1g2 d3f4 g2f2 d6d1,1387,easy,100,75,4228,advantage attraction discoveredAttack endgame exposedKing fork long,approved,"Approved easy Fork puzzle with popularity 100, 4228 plays, and rating deviation 75"
CNTQU,r7/1kp3p1/4p2p/2R5/1P5Q/5bP1/4qP1P/5RK1 w - - 1 30,h4e7,r7/1kp1Q1p1/4p2p/2R5/1P6/5bP1/4qP1P/5RK1 b - - 2 30,e2f1 g1f1 a8a1 c5c1 a1c1,1260,easy,100,75,4567,attraction endgame long mate mateIn3 pillsburysMate sacrifice,approved,"Approved easy Sacrifice puzzle with popularity 100, 4567 plays, and rating deviation 75"
CTHip,r1b2rk1/pppp1ppp/8/8/8/1Bq5/P1P1Q1PP/R4R1K b - - 1 15,d7d6,r1b2rk1/ppp2ppp/3p4/8/8/1Bq5/P1P1Q1PP/R4R1K w - - 0 16,f1f7 c3a1 f7f1 g8h8 f1a1,2017,hard,99,75,1465,advantage discoveredAttack long middlegame sacrifice,approved,"Approved hard Discovered attack puzzle with popularity 99, 1465 plays, and rating deviation 75"
CTwlY,5rk1/p1pN1pp1/4pn2/3p2p1/3P4/3QP2R/qrPN1PP1/4K3 b - - 1 17,b2c2,5rk1/p1pN1pp1/4pn2/3p2p1/3P4/3QP2R/q1rN1PP1/4K3 w - - 0 18,d7f6 g7f6 d3h7,1191,easy,100,74,4220,kingsideAttack mate mateIn2 middlegame short,approved,"Approved easy Mate puzzle with popularity 100, 4220 plays, and rating deviation 74"
CaM35,2k4r/ppp3pp/8/4R3/2P2n2/BP3P2/2Pr1P1P/R5K1 w - - 1 19,a3c1,2k4r/ppp3pp/8/4R3/2P2n2/1P3P2/2Pr1P1P/R1B3K1 b - - 2 19,d2d1 e5e1 d1e1,1415,medium,100,77,4038,endgame mate mateIn2 short,approved,"Approved medium Mate puzzle with popularity 100, 4038 plays, and rating deviation 77"
Cd4k5,8/1P6/2K5/7R/5kp1/8/8/1r6 b - - 0 40,g4g3,8/1P6/2K5/7R/5k2/6p1/8/1r6 w - - 0 41,h5b5 b1b5 c6b5 g3g2 b7b8q,1549,medium,100,76,3631,advancedPawn crushing endgame long promotion rookEndgame,approved,"Approved medium Promotion puzzle with popularity 100, 3631 plays, and rating deviation 76"
CmOuU,r5k1/pp5r/4pQ2/3pNbP1/3P1n2/1BP1KP2/PP1Nq3/R4R2 w - - 2 26,e3f4,r5k1/pp5r/4pQ2/3pNbP1/3P1K2/1BP2P2/PP1Nq3/R4R2 b - - 0 26,e2d2 f4g3 h7h3,2199,hard,99,78,1222,hangingPiece mate mateIn2 middlegame short,approved,"Approved hard Mate puzzle with popularity 99, 1222 plays, and rating deviation 78"
Cq3r5,4r1k1/p4p2/4r1p1/1QP4p/P6P/5qB1/1R6/3R2K1 w - - 0 35,d1d3,4r1k1/p4p2/4r1p1/1QP4p/P6P/3R1qB1/1R6/6K1 b - - 1 35,e6e1 g3e1 e8e1 g1h2 e1h1,1603,medium,100,75,3520,exposedKing killBoxMate long mate mateIn3 middlegame sacrifice,approved,"Approved medium Sacrifice puzzle with popularity 100, 3520 plays, and rating deviation 75"
CqGxS,8/3P1pk1/1p3p2/3Qb1p1/P4q2/5P2/5PKp/3B4 w - - 2 44,d7d8q,3Q4/5pk1/1p3p2/3Qb1p1/P4q2/5P2/5PKp/3B4 b - - 0 44,h2h1q g2h1 f4h2,1204,easy,100,75,3949,advancedPawn attraction endgame mate mateIn2 promotion short,approved,"Approved easy Promotion puzzle with popularity 100, 3949 plays, and rating deviation 75"
CwJiu,1r6/6R1/8/1p3P1k/p5N1/3n2K1/8/8 b - - 2 51,b5b4,1r6/6R1/8/5P1k/pp4N1/3n2K1/8/8 w - - 0 52,g4f6 h5h6 g7g6,2054,hard,100,76,1018,endgame mate mateIn2 short,approved,"Approved hard Mate puzzle with popularity 100, 1018 plays, and rating deviation 76"
D2goU,8/R3k1p1/6P1/1K6/8/5r2/8/8 b - - 5 48,e7f6,8/R5p1/5kP1/1K6/8/5r2/8/8 w - - 6 49,a7f7 f6g6 f7f3,1256,easy,100,75,3159,crushing endgame rookEndgame short skewer,approved,"Approved easy Skewer puzzle with popularity 100, 3159 plays, and rating deviation 75"
D5B7X,2q3k1/5ppp/4b3/8/2r5/3Q1N1P/1P3PP1/R5K1 w - - 5 27,f3g5,2q3k1/5ppp/4b3/6N1/2r5/3Q3P/1P3PP1/R5K1 b - - 6 27,c4c1 a1c1 c8c1 g1h2 c1g5,1049,easy,100,76,6776,advantage endgame fork long,approved,"Approved easy Fork puzzle with popularity 100, 6776 plays, and rating deviation 76"
D6jpa,5r1r/pk1qpp2/1pn2b1p/1N1p1b2/P2P1Q2/4PPBN/1PP3P1/R3KB2 b Q - 3 18,e7e5,5r1r/pk1q1p2/1pn2b1p/1N1ppb2/P2P1Q2/4PPBN/1PP3P1/R3KB2 w Q e6 0 19,f4f5 d7f5 b5d6 b7a8 d6f5,2034,hard,100,77,1091,advantage attraction fork long middlegame sacrifice,approved,"Approved hard Fork puzzle with popularity 100, 1091 plays, and rating deviation 77"
D8Wfd,5rk1/5ppp/1p1Q4/r4N2/4R3/P1q2P2/7P/3R2K1 b - - 0 28,a5f5,5rk1/5ppp/1p1Q4/5r2/4R3/P1q2P2/7P/3R2K1 w - - 0 29,d6f8 g8f8 d1d8,1442,medium,100,76,3943,attraction endgame mate mateIn2 sacrifice short,approved,"Approved medium Sacrifice puzzle with popularity 100, 3943 plays, and rating deviation 76"
DC32S,2kr1r2/p1ppq2p/1p2p1p1/8/Q1PPB2n/2P1PPRP/3K4/5R2 b - - 5 23,c8b8,1k1r1r2/p1ppq2p/1p2p1p1/8/Q1PPB2n/2P1PPRP/3K4/5R2 w - - 6 24,a4a7 b8a7 f1a1 e7a3 a1a3 a7b8 a3a8,2008,hard,98,76,2137,attraction mate mateIn4 middlegame operaMate queensideAttack sacrifice veryLong,approved,"Approved hard Sacrifice puzzle with popularity 98, 2137 plays, and rating deviation 76"
DEj6J,r2q1rk1/pp3ppp/2p1p3/8/1PQ1N1b1/P5P1/4PPBP/R5K1 b - - 0 17,d8d5,r4rk1/pp3ppp/2p1p3/3q4/1PQ1N1b1/P5P1/4PPBP/R5K1 w - - 1 18,e4f6 g7f6 g2d5,1351,easy,100,76,4762,advantage discoveredAttack middlegame short,approved,"Approved easy Discovered attack puzzle with popularity 100, 4762 plays, and rating deviation 76"
DMhTR,4k3/2p4R/3p2P1/p2n1P2/3b4/1P3P2/r7/2K4R w - - 0 41,h1h4,4k3/2p4R/3p2P1/p2n1P2/3b3R/1P3P2/r7/2K5 b - - 1 41,d4e3 c1d1 d5c3 d1e1 a2a1,2033,hard,98,76,2158,endgame exposedKing long mate mateIn3 pillsburysMate,approved,"Approved hard Mate puzzle with popularity 98, 2158 plays, and rating deviation 76"
DN6VV,8/p5p1/Pkb2p1p/4pB2/1K3P1P/2R1P1P1/3r4/8 b - - 0 41,d2g2,8/p5p1/Pkb2p1p/4pB2/1K3P1P/2R1P1P1/6r1/8 w - - 1 42,c3c6 b6c6 f5e4 c6b6 e4g2,1373,easy,100,75,8184,attraction crushing endgame exposedKing fork long sacrifice,approved,"Approved easy Fork puzzle with popularity 100, 8184 plays, and rating deviation 75"
DP2Dq,6k1/4q1p1/6B1/p3P2Q/6Pp/bpP4P/8/4K3 b - - 2 40,e7c5,6k1/6p1/6B1/p1q1P2Q/6Pp/bpP4P/8/4K3 w - - 3 41,h5h7 g8f8 h7h8 f8e7 h8e8,1746,medium,100,77,3567,endgame long mate mateIn3,approved,"Approved medium Mate puzzle with popularity 100, 3567 plays, and rating deviation 77"
DSukU,6k1/1pb2r2/p1p2p2/P2p3p/3P1N1P/4PK2/1P3P2/6R1 b - - 1 37,f7g7,6k1/1pb3r1/p1p2p2/P2p3p/3P1N1P/4PK2/1P3P2/6R1 w - - 2 38,g1g7 g8g7 f4e6 g7f7 e6c7,1168,easy,100,75,3989,attraction crushing endgame exposedKing fork long,approved,"Approved easy Fork puzzle with popularity 100, 3989 plays, and rating deviation 75"
DZ6QR,1r3r1k/7p/2QNp3/4P3/3q4/6RP/P1P5/3K2R1 w - - 2 35,d1e2,1r3r1k/7p/2QNp3/4P3/3q4/6RP/P1P1K3/6R1 b - - 3 35,f8f2 e2e1 d4d2,1503,medium,100,75,4614,mate mateIn2 middlegame short,approved,"Approved medium Mate puzzle with popularity 100, 4614 plays, and rating deviation 75"
DdW3I,r4rk1/pp3p1p/2ppb3/5P1n/1PP5/2N5/P1Q1BqPP/1RB4K w - - 2 20,f5e6,r4rk1/pp3p1p/2ppP3/7n/1PP5/2N5/P1Q1BqPP/1RB4K b - - 0 20,f2e1 e2f1 e1f1,1364,easy,100,75,4958,kingsideAttack mate mateIn2 middlegame short,approved,"Approved easy Mate puzzle with popularity 100, 4958 plays, and rating deviation 75"
DlpI6,4kbr1/1p1r1pp1/p1N1p2p/3N3P/2n3PB/8/PPP2P2/1K1RR3 b - - 0 23,b7c6,4kbr1/3r1pp1/p1p1p2p/3N3P/2n3PB/8/PPP2P2/1K1RR3 w - - 0 24,d5c7 d7c7 d1d8,1433,medium,100,76,3366,clearance mate mateIn2 middlegame operaMate sacrifice short,approved,"Approved medium Sacrifice puzzle with popularity 100, 3366 plays, and rating deviation 76"
DmyL6,2k1rR2/ppp1P3/8/2p1p1p1/8/2P3P1/PP5r/2KR4 b - - 3 28,h2h8,2k1rR1r/ppp1P3/8/2p1p1p1/8/2P3P1/PP6/2KR4 w - - 4 29,d1d8 e8d8 e7d8q,1338,easy,100,75,4083,advancedPawn endgame mate mateIn2 promotion rookEndgame short,approved,"Approved easy Promotion puzzle with popularity 100, 4083 plays, and rating deviation 75"
DsVo2,r4rk1/p5pp/1qp5/4p3/6n1/1P2R3/P1Q2PPP/RN4K1 w - - 1 19,e3e2,r4rk1/p5pp/1qp5/4p3/6n1/1P6/P1Q1RPPP/RN4K1 b - - 2 19,f8f2 e2f2 a8f8,2095,hard,100,76,1137,crushing middlegame sacrifice short,approved,"Approved hard Sacrifice puzzle with popularity 100, 1137 plays, and rating deviation 76"
Dy3hJ,1k6/pp4rp/3p2q1/1Q6/P3p3/1R3bPP/1PP5/5K2 b - - 0 28,g6g3,1k6/pp4rp/3p4/1Q6/P3p3/1R3bqP/1PP5/5K2 w - - 0 29,b5e8 b8c7 b3c3 c7b6 e8b5,1308,easy,100,76,4453,endgame long mate mateIn3,approved,"Approved easy Mate puzzle with popularity 100, 4453 plays, and rating deviation 76"
E3Gln,2r2rk1/2q2ppp/p2p1n2/1p1pp3/8/2P3R1/PPBQ1PPP/4R1K1 b - - 5 22,d5d4,2r2rk1/2q2ppp/p2p1n2/1p2p3/3p4/2P3R1/PPBQ1PPP/4R1K1 w - - 0 23,g3g7 g8g7 d2g5 g7h8 g5f6,2244,hard,99,76,1167,attraction crushing deflection kingsideAttack long middlegame sacrifice,approved,"Approved hard Deflection puzzle with popularity 99, 1167 plays, and rating deviation 76"
E99wO,8/6k1/KR4P1/P5r1/7p/8/8/8 w - - 0 56,b6b5,8/6k1/K5P1/PR4r1/7p/8/8/8 b - - 1 56,g5b5 a6b5 h4h3 a5a6 h3h2,2114,hard,98,77,2079,advancedPawn crushing endgame long rookEndgame,approved,"Approved hard Advanced pawn tactics puzzle with popularity 98, 2079 plays, and rating deviation 77"
EFw5m,8/R4p1k/5qpp/2p5/3pP3/3PbNP1/Q5K1/2r5 b - - 6 39,h7g7,8/R4pk1/5qpp/2p5/3pP3/3PbNP1/Q5K1/2r5 w - - 7 40,e4e5 f6f5 e5e6 c1a1 a2a1,2096,hard,99,75,1317,advantage endgame long pin,approved,"Approved hard Pin puzzle with popularity 99, 1317 plays, and rating deviation 75"
EGFs2,3N1r2/1kpQ4/3p2p1/4p2p/4P2P/5PK1/4q3/8 b - - 6 41,b7a7,3N1r2/k1pQ4/3p2p1/4p2p/4P2P/5PK1/4q3/8 w - - 7 42,d7c7 a7a6 c7b7 a6a5 d8c6 a5a4 b7b4,2112,hard,100,76,1366,endgame exposedKing mate mateIn4 veryLong,approved,"Approved hard Mate puzzle with popularity 100, 1366 plays, and rating deviation 76"
EQFBM,r1bq1r1k/4b1p1/p1n2n2/1p4N1/4B2P/8/PPPBQPP1/2KR3R b - - 0 18,f6e4,r1bq1r1k/4b1p1/p1n5/1p4N1/4n2P/8/PPPBQPP1/2KR3R w - - 0 19,e2h5 h8g8 h5h7,1472,medium,100,76,4290,kingsideAttack mate mateIn2 middlegame short,approved,"Approved medium Mate puzzle with popularity 100, 4290 plays, and rating deviation 76"
ESKx4,7r/1p4k1/p3Q3/3Pp3/P4p2/1P4q1/5R2/2R3K1 w - - 0 46,g1f1,7r/1p4k1/p3Q3/3Pp3/P4p2/1P4q1/5R2/2R2K2 b - - 1 46,h8h1 f1e2 g3e3,1444,medium,100,75,4024,endgame mate mateIn2 short,approved,"Approved medium Mate puzzle with popularity 100, 4024 plays, and rating deviation 75"
EjlGH,r1b3k1/pp3r1p/4p1pQ/8/3B2q1/2P2BR1/P4K2/8 b - - 3 26,g4f4,r1b3k1/pp3r1p/4p1pQ/8/3B1q2/2P2BR1/P4K2/8 w - - 4 27,g3g6 h7g6 h6h8,1438,medium,100,76,3797,mate mateIn2 middlegame sacrifice short,approved,"Approved medium Sacrifice puzzle with popularity 100, 3797 plays, and rating deviation 76"
Ekock,6bk/2p1r1pp/1p6/8/2q2p2/P5Q1/1P1R1KP1/4R3 w - - 0 45,g3d3,6bk/2p1r1pp/1p6/8/2q2p2/P2Q4/1P1R1KP1/4R3 b - - 1 45,c4c5 d3d4 e7d7 d4c5 d7d2 f2f3 b6c5,2011,hard,98,78,1127,advantage endgame intermezzo pin sacrifice skewer veryLong,approved,"Approved hard Pin puzzle with popularity 98, 1127 plays, and rating deviation 78"
EoHkI,1r3k2/4p3/p5B1/2R3PP/P4b2/5n2/K1P5/8 b - - 4 35,f3g5,1r3k2/4p3/p5B1/2R3nP/P4b2/8/K1P5/8 w - - 0 36,c5f5 f8g7 f5f4,1358,easy,100,77,4501,advantage endgame fork master short,approved,"Approved easy Fork puzzle with popularity 100, 4501 plays, and rating deviation 77"
Et7Yv,r5k1/1R5p/2p5/1PP2NB1/4p1PP/7r/1b2K3/8 b - - 0 35,a8a2,6k1/1R5p/2p5/1PP2NB1/4p1PP/7r/rb2K3/8 w - - 1 36,f5h6 g8h8 b7b8 h8g7 b8g8,2046,hard,98,76,2053,endgame long mate mateIn3 pillsburysMate,approved,"Approved hard Mate puzzle with popularity 98, 2053 plays, and rating deviation 76"
EtIHJ,3r3k/p4p2/2pr1qpp/4pB2/4P2P/P5QK/PBPn1PR1/8 b - - 1 39,g6f5,3r3k/p4p2/2pr1q1p/4pp2/4P2P/P5QK/PBPn1PR1/8 w - - 0 40,b2e5 f6e5 g3e5,1226,easy,100,79,4514,crushing fork middlegame pin short,approved,"Approved easy Fork puzzle with popularity 100, 4514 plays, and rating deviation 79"
EuBL3,4Rk2/2b2rp1/1r5p/p7/1pP1N3/1K4P1/1P2R2P/8 b - - 2 34,f8e8,4k3/2b2rp1/1r5p/p7/1pP1N3/1K4P1/1P2R2P/8 w - - 0 35,e4f6 e8f8 e2e8,2130,hard,100,75,1072,doubleCheck endgame mate mateIn2 short,approved,"Approved hard Mate puzzle with popularity 100, 1072 plays, and rating deviation 75"
Euzqt,2k4r/Rbqn3r/3b1p2/1pp2Rp1/3PP3/2P3P1/3N1BB1/4Q1K1 w - - 2 25,e4e5,2k4r/Rbqn3r/3b1p2/1pp1PRp1/3P4/2P3P1/3N1BB1/4Q1K1 b - - 0 25,h7h1 g2h1 h8h1,1624,medium,100,75,3535,kingsideAttack master mate mateIn2 middlegame operaMate sacrifice short,approved,"Approved medium Sacrifice puzzle with popularity 100, 3535 plays, and rating deviation 75"
EyqYa,6k1/p4N2/1p3KP1/8/8/5P2/r7/8 b - - 0 56,a2f2,6k1/p4N2/1p3KP1/8/8/5P2/5r2/8 w - - 1 57,f7h6 g8f8 g6g7,829,easy,100,77,16181,advancedPawn crushing endgame master short,approved,"Approved easy Advanced pawn tactics puzzle with popularity 100, 16181 plays, and rating deviation 77"
F1mOR,1r6/3bk2p/3q2p1/2Rpp3/1p5P/1P2Q1P1/P3BPK1/8 b - - 1 30,d7c6,1r6/4k2p/2bq2p1/2Rpp3/1p5P/1P2Q1P1/P3BPK1/8 w - - 2 31,c5c6 d6c6 e3e5,2050,hard,99,75,1064,crushing deflection endgame master short,approved,"Approved hard Deflection puzzle with popularity 99, 1064 plays, and rating deviation 75"
FAMyZ,4Q3/4Nppk/p6p/bp6/8/6PP/5q2/7K b - - 1 37,h6h5,4Q3/4Nppk/p7/bp5p/8/6PP/5q2/7K w - - 0 38,e8g8 h7h6 g8h8 h6g5 h8g7,1518,medium,100,77,3519,deflection endgame long mate mateIn3,approved,"Approved medium Deflection puzzle with popularity 100, 3519 plays, and rating deviation 77"
FAwQH,5rk1/4bR2/4P2p/p5pQ/P2r1nP1/1P3P2/7P/6K1 w - - 15 44,h5h6,5rk1/4bR2/4P2Q/p5p1/P2r1nP1/1P3P2/7P/6K1 b - - 0 44,d4d1 g1f2 e7c5 f2g3 d1g1,1353,easy,100,75,6115,endgame long mate mateIn3 pillsburysMate,approved,"Approved easy Mate puzzle with popularity 100, 6115 plays, and rating deviation 75"
FDROe,r1b2rk1/p4pp1/1p2p2p/8/3pq3/8/PPP1BPP1/R2Q1RK1 b - - 1 17,c8b7,r4rk1/pb3pp1/1p2p2p/8/3pq3/8/PPP1BPP1/R2Q1RK1 w - - 2 18,e2f3 e4e5 f3b7,1402,medium,100,76,4635,advantage middlegame short skewer,approved,"Approved medium Skewer puzzle with popularity 100, 4635 plays, and rating deviation 76"
FEyo3,8/8/6pk/8/5PPp/2Q4K/5q2/8 b - - 4 61,f2f4,8/8/6pk/8/5qPp/2Q4K/8/8 w - - 0 62,c3h8 h6g5 h8h4,1375,easy,100,75,6267,endgame mate mateIn2 queenEndgame short,approved,"Approved easy Mate puzzle with popularity 100, 6267 plays, and rating deviation 75"
FFwGd,r1b1k1nB/2p4p/p1p5/3p2p1/8/1P2P3/P1PP1P1q/RN1QK3 w Qq - 0 14,d1f3,r1b1k1nB/2p4p/p1p5/3p2p1/8/1P2PQ2/P1PP1P1q/RN2K3 b Qq - 1 14,h2g1 e1e2 c8g4 f3g4 g1g4,1177,easy,100,75,6574,crushing long middlegame pin,approved,"Approved easy Pin puzzle with popularity 100, 6574 plays, and rating deviation 75"
FOdM8,6N1/8/5R2/kp1pp3/2b3P1/P1P2K2/2P3P1/7r w - - 1 55,g8e7,8/4N3/5R2/kp1pp3/2b3P1/P1P2K2/2P3P1/7r b - - 2 55,h1f1 f3g3 f1f6,985,easy,100,77,3135,crushing endgame short skewer,approved,"Approved easy Skewer puzzle with popularity 100, 3135 plays, and rating deviation 77"
FQJxQ,8/pQp3pk/7p/1N1p4/3P2q1/2P4n/PP6/4RK2 w - - 0 27,b7d5,8/p1p3pk/7p/1N1Q4/3P2q1/2P4n/PP6/4RK2 b - - 0 27,g4g1 f1e2 h3f4 e2f3 g1g2 f3f4 g2d5,2045,hard,100,75,1025,advantage endgame exposedKing fork skewer veryLong,approved,"Approved hard Fork puzzle with popularity 100, 1025 plays, and rating deviation 75"
FQkqQ,1rk2r2/p1pq1Bpp/2nb4/6Q1/4P1n1/P1N5/1P4PP/R1BR2K1 w - - 5 22,f7h5,1rk2r2/p1pq2pp/2nb4/6QB/4P1n1/P1N5/1P4PP/R1BR2K1 b - - 6 22,d6h2 g1h1 d7d1 c3d1 f8f1,2123,hard,100,78,1179,discoveredAttack kingsideAttack long mate mateIn3 middlegame sacrifice,approved,"Approved hard Discovered attack puzzle with popularity 100, 1179 plays, and rating deviation 78"
FTAtt,rn1qk2r/pp3ppp/2p1p3/4Nb2/Qb1PP3/4nP2/PP1B2PP/RN2KB1R w KQkq - 0 10,a4b4,rn1qk2r/pp3ppp/2p1p3/4Nb2/1Q1PP3/4nP2/PP1B2PP/RN2KB1R b KQkq - 0 10,e3c2 e1e2 c2b4,995,easy,100,77,15925,advantage fork middlegame short,approved,"Approved easy Fork puzzle with popularity 100, 15925 plays, and rating deviation 77"
FTWy3,8/1q2rk2/r4Qp1/1p1p1pP1/p6R/P1P5/1P6/K4R2 b - - 5 37,f7e8,4k3/1q2r3/r4Qp1/1p1p1pP1/p6R/P1P5/1P6/K4R2 w - - 6 38,h4h8 e8d7 f6e7 d7e7 h8h7 e7d6 h7b7,1620,medium,100,75,2717,attraction crushing endgame exposedKing sacrifice skewer veryLong,approved,"Approved medium Skewer puzzle with popularity 100, 2717 plays, and rating deviation 75"
FaKFb,r5k1/pp5p/2p3p1/3P4/1q2P3/6P1/PbQ1b1BP/1R4K1 w - - 0 24,c2e2,r5k1/pp5p/2p3p1/3P4/1q2P3/6P1/Pb2Q1BP/1R4K1 b - - 0 24,b2d4 g1h1 b4b1,1131,easy,100,75,9723,crushing discoveredAttack endgame short,approved,"Approved easy Discovered attack puzzle with popularity 100, 9723 plays, and rating deviation 75"
FcFb8,2k4r/1p6/2bQP2q/p4N2/8/1P6/P4PPp/4R1K1 w - - 0 35,g1h1,2k4r/1p6/2bQP2q/p4N2/8/1P6/P4PPp/4R2K b - - 1 35,c6g2 h1g2 h6h3 g2h1 h3f3,2117,hard,99,76,1158,attraction endgame fork long mate mateIn3 sacrifice,approved,"Approved hard Fork puzzle with popularity 99, 1158 plays, and rating deviation 76"
FdrYT,r1b3k1/4b1pp/p1q2r2/1p1p3Q/8/3B4/PPP3PP/R4RK1 b - - 1 19,f6h6,r1b3k1/4b1pp/p1q4r/1p1p3Q/8/3B4/PPP3PP/R4RK1 w - - 2 20,h5f7 g8h8 f7f8 e7f8 f1f8,1433,medium,100,74,4477,fork long mate mateIn3 middlegame sacrifice,approved,"Approved medium Fork puzzle with popularity 100, 4477 plays, and rating deviation 74"
Fmk3X,8/2R5/4pk1p/pPn3p1/P7/3P2P1/5PKP/2r5 b - - 4 38,c5d3,8/2R5/4pk1p/pP4p1/P7/3n2P1/5PKP/2r5 w - - 0 39,c7c1 d3c1 b5b6 c1d3 b6b7,1423,medium,100,76,3319,advancedPawn crushing endgame long,approved,"Approved medium Advanced pawn tactics puzzle with popularity 100, 3319 plays, and rating deviation 76"
FzzYv,6rk/bp3Q1p/pq3p1B/3pp3/8/5n2/PPP3PP/3R3K b - - 0 31,g8g2,7k/bp3Q1p/pq3p1B/3pp3/8/5n2/PPP3rP/3R3K w - - 0 32,f7f8 g2g8 h6g7,1446,medium,100,76,5330,mate mateIn2 middlegame short,approved,"Approved medium Mate puzzle with popularity 100, 5330 plays, and rating deviation 76"
G6odh,r4r2/1p4pk/2n2PNp/2qBp3/p1PpQP2/3P3P/8/1R2b1K1 b - - 0 29,f8f6,r7/1p4pk/2n2rNp/2qBp3/p1PpQP2/3P3P/8/1R2b1K1 w - - 0 30,g6f8 h7h8 e4h7,1191,easy,100,78,4276,discoveredCheck doubleCheck mate mateIn2 middlegame short,approved,"Approved easy Mate puzzle with popularity 100, 4276 plays, and rating deviation 78"
G6zvC,8/p1r1kppp/4p3/2b5/2Q5/5B2/P4PPP/qN2RK2 w - - 3 23,b1c3,8/p1r1kppp/4p3/2b5/2Q5/2N2B2/P4PPP/q3RK2 b - - 4 23,a1e1 f1e1 c5f2 e1f2 c7c4,1424,medium,100,75,3416,advantage attackingF2F7 attraction discoveredAttack long middlegame sacrifice,approved,"Approved medium Discovered attack puzzle with popularity 100, 3416 plays, and rating deviation 75"
G7bkT,8/1Q1k1q2/4nB2/1pp1P1p1/3p4/4bP1P/4N1K1/8 b - - 5 45,d7e8,4k3/1Q3q2/4nB2/1pp1P1p1/3p4/4bP1P/4N1K1/8 w - - 6 46,b7c8 e6d8 c8d8,1378,easy,100,75,4712,endgame mate mateIn2 short,approved,"Approved easy Mate puzzle with popularity 100, 4712 plays, and rating deviation 75"
GBWmQ,4rrk1/p1p3pp/2p1p3/2Nn1pq1/3P4/3Q4/PPP2PPP/R3R1K1 w - - 4 16,c5e6,4rrk1/p1p3pp/2p1N3/3n1pq1/3P4/3Q4/PPP2PPP/R3R1K1 b - - 0 16,e8e6 e1e6 d5f4 d3f3 f4e6,1464,medium,100,75,3939,advantage attraction fork long middlegame sacrifice,approved,"Approved medium Fork puzzle with popularity 100, 3939 plays, and rating deviation 75"
GBy65,4r1k1/p4p1p/1pbP1bp1/8/8/3p2BP/PP3PP1/2Q3K1 w - - 0 30,c1c6,4r1k1/p4p1p/1pQP1bp1/8/8/3p2BP/PP3PP1/6K1 b - - 0 30,e8e1 g1h2 d3d2 d6d7 d2d1q,1192,easy,100,80,4481,advancedPawn advantage endgame long promotion,approved,"Approved easy Promotion puzzle with popularity 100, 4481 plays, and rating deviation 80"
GCyZk,8/8/1KP3k1/PR6/8/1P6/7p/r7 w - - 0 61,c6c7,8/2P5/1K4k1/PR6/8/1P6/7p/r7 b - - 0 61,a1c1 b3b4 h2h1q b5c5 c1c5 b4c5 h1a8,2012,hard,98,75,3140,advancedPawn crushing endgame promotion rookEndgame veryLong,approved,"Approved hard Promotion puzzle with popularity 98, 3140 plays, and rating deviation 75"
GIBCl,r1bQR3/p1p2pkp/2q5/5p2/3b1P2/3B4/PPP3PP/7K b - - 3 21,c8b7,r2QR3/pbp2pkp/2q5/5p2/3b1P2/3B4/PPP3PP/7K w - - 4 22,e8g8 g7h6 d8g5,1750,medium,100,76,4679,mate mateIn2 middlegame short,approved,"Approved medium Mate puzzle with popularity 100, 4679 plays, and rating deviation 76"
GTa9A,2k4r/pp3R2/8/8/6n1/2P5/P5P1/1RBr2K1 w - - 1 24,f7f1,2k4r/pp6/8/8/6n1/2P5/P5P1/1RBr1RK1 b - - 2 24,h8h1 g1h1 d1f1,1451,medium,100,76,3405,attraction deflection endgame mate mateIn2 short,approved,"Approved medium Deflection puzzle with popularity 100, 3405 plays, and rating deviation 76"
GV49f,rn1qkb1r/ppp3p1/3p4/4N2p/2B1P1b1/2N5/PPP2P2/R1BQK1R1 b Qkq - 0 11,g4d1,rn1qkb1r/ppp3p1/3p4/4N2p/2B1P3/2N5/PPP2P2/R1BbK1R1 w Qkq - 0 12,c4f7 e8e7 c1g5,1169,easy,100,76,4965,mate mateIn2 opening short,approved,"Approved easy Mate puzzle with popularity 100, 4965 plays, and rating deviation 76"
GVa8M,8/3b1k2/3p1q2/2pP4/1pP2p2/pP3P2/P6Q/4BK2 b - - 3 44,f7e7,8/3bk3/3p1q2/2pP4/1pP2p2/pP3P2/P6Q/4BK2 w - - 4 45,e1h4 e7f7 h4f6,1262,easy,100,74,4800,crushing endgame master pin short,approved,"Approved easy Pin puzzle with popularity 100, 4800 plays, and rating deviation 74"
GW855,3k3r/ppp2pp1/3p4/2b3pn/8/2N3P1/PPP2PBq/R2QRK2 w - - 2 19,d1e2,3k3r/ppp2pp1/3p4/2b3pn/8/2N3P1/PPP1QPBq/R3RK2 b - - 3 19,h5g3 f2g3 h2g1,1320,easy,100,76,4418,mate mateIn2 middlegame sacrifice short,approved,"Approved easy Sacrifice puzzle with popularity 100, 4418 plays, and rating deviation 76"
GgEuS,Q7/4p1kp/R2p4/4b3/1P3rnq/2P2P2/1P4P1/5RK1 w - - 2 32,f3g4,Q7/4p1kp/R2p4/4b3/1P3rPq/2P5/1P4P1/5RK1 b - - 0 32,h4h1 g1h1 f4f1,2107,hard,99,77,1527,attraction deflection endgame mate mateIn2 sacrifice short,approved,"Approved hard Deflection puzzle with popularity 99, 1527 plays, and rating deviation 77"
Gi8AH,8/R4ppp/5n2/3pk3/2p5/N1P1PK2/Pr4PP/8 b - - 8 30,b2a2,8/R4ppp/5n2/3pk3/2p5/N1P1PK2/r5PP/8 w - - 0 31,a3c4 d5c4 a7a2,1491,medium,100,76,3353,advantage discoveredAttack endgame short,approved,"Approved medium Discovered attack puzzle with popularity 100, 3353 plays, and rating deviation 76"
GjdQX,6k1/5p1p/4P3/6P1/8/1P4P1/Pr5r/4QK2 w - - 0 40,e6f7,6k1/5P1p/8/6P1/8/1P4P1/Pr5r/4QK2 b - - 0 40,g8f7 e1e4 b2b1 e4b1 h2h1 f1e2 h1b1,2013,hard,98,75,1241,crushing endgame exposedKing queenRookEndgame sacrifice skewer veryLong,approved,"Approved hard Skewer puzzle with popularity 98, 1241 plays, and rating deviation 75"
Gjrhw,r2q1rk1/p1p1npb1/1p2p1p1/6NN/3P4/4P2Q/PPP4P/R3K2R b KQ - 0 17,e7f5,r2q1rk1/p1p2pb1/1p2p1p1/5nNN/3P4/4P2Q/PPP4P/R3K2R w KQ - 1 18,h5f6 g7f6 h3h7,1125,easy,100,76,10117,clearance kingsideAttack mate mateIn2 middlegame sacrifice short,approved,"Approved easy Sacrifice puzzle with popularity 100, 10117 plays, and rating deviation 76"
GkVId,r3rbk1/pb4pn/1p2n2N/2qpN3/5B2/4P3/PPQ2PPP/R4RK1 b - - 1 20,g7h6,r3rbk1/pb5n/1p2n2p/2qpN3/5B2/4P3/PPQ2PPP/R4RK1 w - - 0 21,c2g6 e6g7 g6f7 g8h8 e5g6,1501,medium,100,76,3823,exposedKing fork long mate mateIn3 middlegame,approved,"Approved medium Fork puzzle with popularity 100, 3823 plays, and rating deviation 76"
GqAcz,1r3rkR/1p4p1/p1q3p1/1b2P1N1/3p1Q2/6K1/P4P2/R7 b - - 3 32,g8h8,1r3r1k/1p4p1/p1q3p1/1b2P1N1/3p1Q2/6K1/P4P2/R7 w - - 0 33,f4h4 h8g8 h4h7,1426,medium,100,76,3354,mate mateIn2 middlegame short,approved,"Approved medium Mate puzzle with popularity 100, 3354 plays, and rating deviation 76"
GrRrk,8/1R1p1r2/6kp/3Q2p1/3B4/1P4P1/1P2q1K1/8 w - - 3 37,g2h3,8/1R1p1r2/6kp/3Q2p1/3B4/1P4PK/1P2q3/8 b - - 4 37,g5g4 h3h4 e2h2 h4g4 h6h5 d5h5 h2h5,2010,hard,99,77,1773,endgame mate mateIn4 veryLong,approved,"Approved hard Mate puzzle with popularity 99, 1773 plays, and rating deviation 77"
GuRp8,b7/3N2p1/2p4p/Pp1kp3/6P1/4K3/2P4P/8 b - - 4 41,c6c5,b7/3N2p1/7p/Pppkp3/6P1/4K3/2P4P/8 w - - 0 42,d7b6 d5c6 b6a8 c6b7 a8b6,1286,easy,100,75,8805,crushing defensiveMove endgame fork long,approved,"Approved easy Fork puzzle with popularity 100, 8805 plays, and rating deviation 75"
GwNu2,2r3k1/r5p1/3R3p/4p2P/p1pnPq2/P1B2P2/1P3R2/1K4Q1 b - - 0 34,d4f3,2r3k1/r5p1/3R3p/4p2P/p1p1Pq2/P1B2n2/1P3R2/1K4Q1 w - - 0 35,f2f3 f4f3 g1a7,2071,hard,99,75,1061,advantage discoveredAttack master middlegame short,approved,"Approved hard Discovered attack puzzle with popularity 99, 1061 plays, and rating deviation 75"
GwlY6,2b3k1/4r1pp/pq2p2B/1p1n1B2/8/6Q1/PP3PPP/4R1K1 b - - 0 27,e6f5,2b3k1/4r1pp/pq5B/1p1n1p2/8/6Q1/PP3PPP/4R1K1 w - - 0 28,e1e7 b6h6 e7e8 g8f7 e8c8,1469,medium,100,76,4088,advantage fork long middlegame pin,approved,"Approved medium Fork puzzle with popularity 100, 4088 plays, and rating deviation 76"
H4EEI,r4r2/1ppq1ppk/p2p3p/4nN2/P3PQ1P/2P5/1P2RP1K/6R1 b - - 6 23,f8g8,r5r1/1ppq1ppk/p2p3p/4nN2/P3PQ1P/2P5/1P2RP1K/6R1 w - - 7 24,g1g7 g8g7 f4h6 h7g8 h6g7,1306,easy,100,75,4448,attraction long mate mateIn3 middlegame sacrifice,approved,"Approved easy Sacrifice puzzle with popularity 100, 4448 plays, and rating deviation 75"
H5Va4,4r1k1/pp3ppp/2p2p2/3Pq3/2PQ1n2/5P1P/PP3PBK/3R4 b - - 4 24,e8d8,3r2k1/pp3ppp/2p2p2/3Pq3/2PQ1n2/5P1P/PP3PBK/3R4 w - - 5 25,d4e5 f6e5 d5c6 d8d1 c6c7,2009,hard,99,75,1058,advancedPawn advantage endgame long sacrifice,approved,"Approved hard Sacrifice puzzle with popularity 99, 1058 plays, and rating deviation 75"
HGb6v,r1b1k1nr/pp2ppb1/7p/2PNn1p1/2B1P3/6B1/PP3PPP/2KR2NR b kq - 4 12,e5c4,r1b1k1nr/pp2ppb1/7p/2PN2p1/2n1P3/6B1/PP3PPP/2KR2NR w kq - 0 13,d5c7 e8f8 d1d8,1538,medium,100,75,3292,backRankMate fork mate mateIn2 opening short,approved,"Approved medium Fork puzzle with popularity 100, 3292 plays, and rating deviation 75"
HITmG,5qk1/p3Rpp1/1prP1n1p/2p5/2Q1N3/6P1/PP3PP1/6K1 b - - 6 26,f6e4,5qk1/p3Rpp1/1prP3p/2p5/2Q1n3/6P1/PP3PP1/6K1 w - - 0 27,c4e4 c6d6 e7e8 d6d8 e8f8,1522,medium,100,76,3704,advantage endgame long pin,approved,"Approved medium Pin puzzle with popularity 100, 3704 plays, and rating deviation 76"
HIYZl,1Q3bk1/5pp1/b3p2P/4P3/4B3/8/p4PK1/3r4 b - - 2 37,a2a1q,1Q3bk1/5pp1/b3p2P/4P3/4B3/8/5PK1/q2r4 w - - 0 38,h6h7 g8h8 b8f8,1393,easy,100,75,6542,advancedPawn deflection endgame mate mateIn2 short,approved,"Approved easy Deflection puzzle with popularity 100, 6542 plays, and rating deviation 75"
HO5G1,8/p3kppp/4p3/3P4/3q1n2/5P1K/4B1PP/Q6R w - - 3 28,h3h4,8/p3kppp/4p3/3P4/3q1n1K/5P2/4B1PP/Q6R b - - 4 28,f4g6 h4g3 d4h4,2042,hard,99,76,1532,doubleCheck endgame mate mateIn2 short,approved,"Approved hard Mate puzzle with popularity 99, 1532 plays, and rating deviation 76"
HQ0LN,2k3rr/1p3p2/p2B4/P6p/B7/2P1b1P1/5K1p/RN2R3 w - - 4 30,f2e3,2k3rr/1p3p2/p2B4/P6p/B7/2P1K1P1/7p/RN2R3 b - - 0 30,g8e8 a4e8 h8e8 e3f2 e8e1,1480,medium,100,78,3588,advantage exposedKing long middlegame sacrifice,approved,"Approved medium Sacrifice puzzle with popularity 100, 3588 plays, and rating deviation 78"
HUOjx,r2q1r1k/pp2n1pp/8/2b2b2/2Bp1N2/8/PPP2P1Q/2KR3R b - - 5 22,f5e4,r2q1r1k/pp2n1pp/8/2b5/2BpbN2/8/PPP2P1Q/2KR3R w - - 6 23,h2h7 e4h7 h1h7 h8h7 d1h1,2025,hard,99,75,1238,attraction kingsideAttack long mate mateIn3 middlegame sacrifice,approved,"Approved hard Sacrifice puzzle with popularity 99, 1238 plays, and rating deviation 75"
HX16t,3r2k1/5bp1/p7/5p1p/1p1B1n1P/1B4P1/PPP1R3/6K1 w - - 0 28,e2d2,3r2k1/5bp1/p7/5p1p/1p1B1n1P/1B4P1/PPPR4/6K1 b - - 1 28,d8d4 d2d4 f4e2 g1f2 e2d4,1439,medium,100,77,3427,attraction crushing endgame exposedKing fork long sacrifice,approved,"Approved medium Fork puzzle with popularity 100, 3427 plays, and rating deviation 77"
Hdsjy,6k1/1p3ppp/2pp3r/p7/2P1q3/1P1NP1Pb/P4P2/2RQ1RK1 w - - 3 23,d3f4,6k1/1p3ppp/2pp3r/p7/2P1qN2/1P2P1Pb/P4P2/2RQ1RK1 b - - 4 23,h3f1 g1f1 h6h1 f1e2 h1d1,2029,hard,98,76,2288,advantage attraction kingsideAttack long middlegame skewer,approved,"Approved hard Skewer puzzle with popularity 98, 2288 plays, and rating deviation 76"
HpmqP,2kr4/pR6/3p3p/3Nnp2/4p3/2P2qP1/P4P2/1R4K1 b - - 4 38,d8g8,2k3r1/pR6/3p3p/3Nnp2/4p3/2P2qP1/P4P2/1R4K1 w - - 5 39,b7c7 c8d8 b1b8,2002,hard,98,74,2137,endgame mate mateIn2 short,approved,"Approved hard Mate puzzle with popularity 98, 2137 plays, and rating deviation 74"
Hqzec,2r2rk1/4bpp1/p3p2p/P3B3/1PqNQ1P1/3p1P1P/8/1R3RK1 w - - 2 26,f1c1,2r2rk1/4bpp1/p3p2p/P3B3/1PqNQ1P1/3p1P1P/8/1RR3K1 b - - 3 26,c4c1 b1c1 c8c1 g1g2 d3d2,1471,medium,100,76,4884,advancedPawn crushing exposedKing long middlegame,approved,"Approved medium Advanced pawn tactics puzzle with popularity 100, 4884 plays, and rating deviation 76"
IA8Jb,rnb1r3/pp2k1p1/2p1pbQp/4q3/4NP2/3P4/PPP3PP/R1B1R1K1 b - - 0 18,e5f5,rnb1r3/pp2k1p1/2p1pbQp/5q2/4NP2/3P4/PPP3PP/R1B1R1K1 w - - 1 19,g6f5 e6f5 e4f6 e7f6 e1e8,2156,hard,98,80,1716,crushing discoveredAttack discoveredCheck long opening skewer,approved,"Approved hard Skewer puzzle with popularity 98, 1716 plays, and rating deviation 80"
ISOAr,8/4k1pp/8/4K3/1R6/4P3/rp3PP1/8 w - - 0 40,f2f4,8/4k1pp/8/4K3/1R3P2/4P3/rp4P1/8 b - f3 0 40,a2a5 e5d4 a5a4 b4a4 b2b1q,1350,easy,100,75,5883,advancedPawn crushing deflection endgame long pin promotion rookEndgame,approved,"Approved easy Pin puzzle with popularity 100, 5883 plays, and rating deviation 75"
ISYhO,r4k2/1pp4R/3p1q2/p2Ppb2/5b2/5RQ1/PPP5/3K2N1 w - - 5 26,f3f4,r4k2/1pp4R/3p1q2/p2Ppb2/5R2/6Q1/PPP5/3K2N1 b - - 0 26,e5f4 g3f4 f5c2 d1c2 f6f4,1583,medium,100,75,3215,crushing discoveredAttack long middlegame,approved,"Approved medium Discovered attack puzzle with popularity 100, 3215 plays, and rating deviation 75"
IVVXa,r7/1p1q1p1k/p3rb1p/2pp1n1N/P2p1Q2/3P3P/1PP2P2/1R4RK b - - 3 33,a8g8,6r1/1p1q1p1k/p3rb1p/2pp1n1N/P2p1Q2/3P3P/1PP2P2/1R4RK w - - 4 34,f4f5 g8g6 h5f6 e6f6 f5d7,2014,hard,99,77,1126,crushing fork hangingPiece long middlegame,approved,"Approved hard Fork puzzle with popularity 99, 1126 plays, and rating deviation 77"
IXqrY,2r2rk1/p4q1p/b1n1R1p1/PN1Q4/1P6/2P5/5PPP/R5K1 w - - 1 25,b5d6,2r2rk1/p4q1p/b1nNR1p1/P2Q4/1P6/2P5/5PPP/R5K1 b - - 2 25,f7f2 g1h1 f2f1 a1f1 f8f1,880,easy,100,78,15968,backRankMate long mate mateIn3 middlegame sacrifice,approved,"Approved easy Sacrifice puzzle with popularity 100, 15968 plays, and rating deviation 78"
IaRjY,r2bR3/1pp2rpk/p2p3p/3P1q2/3B1P2/2P3QP/PP5K/6R1 b - - 5 27,d8h4,r3R3/1pp2rpk/p2p3p/3P1q2/3B1P1b/2P3QP/PP5K/6R1 w - - 6 28,g3g7 f7g7 g1g7,1312,easy,100,75,5060,mate mateIn2 middlegame operaMate sacrifice short,approved,"Approved easy Sacrifice puzzle with popularity 100, 5060 plays, and rating deviation 75"
Ie0W6,8/8/6k1/1R5n/5P1P/5PK1/r7/8 w - - 1 40,g3g4,8/8/6k1/1R5n/5PKP/5P2/r7/8 b - - 2 40,a2g2 g4h3 h5f4,1406,medium,100,76,3307,cornerMate deflection endgame mate mateIn2 short,approved,"Approved medium Deflection puzzle with popularity 100, 3307 plays, and rating deviation 76"
If6Nl,2r3k1/3R1pp1/6np/p3r1b1/4P3/5Q1P/PqP2PP1/3R2K1 b - - 1 28,b2c2,2r3k1/3R1pp1/6np/p3r1b1/4P3/5Q1P/P1q2PP1/3R2K1 w - - 0 29,f3f7 g8h8 f7g7,1191,easy,100,75,4114,fork mate mateIn2 middlegame short,approved,"Approved easy Fork puzzle with popularity 100, 4114 plays, and rating deviation 75"
IoM2m,3r1rk1/pbp2pp1/1pN1p3/6P1/3PQ3/1P6/q1P3PP/2KR3R b - - 0 18,d8d6,5rk1/pbp2pp1/1pNrp3/6P1/3PQ3/1P6/q1P3PP/2KR3R w - - 1 19,c6e7 g8h8 e4h4,1430,medium,100,75,3701,kingsideAttack mate mateIn2 middlegame short,approved,"Approved medium Mate puzzle with popularity 100, 3701 plays, and rating deviation 75"
IpT4v,8/R7/8/3k4/P5KP/r1p5/8/8 w - - 0 41,h4h5,8/R7/8/3k3P/P5K1/r1p5/8/8 b - - 0 41,c3c2 a7c7 a3a4 g4f5 a4c4,1393,easy,100,76,4880,advancedPawn crushing endgame long rookEndgame,approved,"Approved easy Advanced pawn tactics puzzle with popularity 100, 4880 plays, and rating deviation 76"
It1w3,4k3/8/4p3/7P/5P2/3R1K2/1r1p2P1/8 w - - 0 41,g2g4,4k3/8/4p3/7P/5PP1/3R1K2/1r1p4/8 b - g3 0 41,b2b3 d3b3 d2d1q,1186,easy,100,75,3770,advancedPawn crushing deflection endgame master pin promotion rookEndgame short,approved,"Approved easy Pin puzzle with popularity 100, 3770 plays, and rating deviation 75"
ItH6v,8/1pk1Q3/2p2P1p/6pP/6q1/PP6/K7/8 b - - 6 47,c7b6,8/1p2Q3/1kp2P1p/6pP/6q1/PP6/K7/8 w - - 7 48,e7b4 g4b4 a3b4 g5g4 f6f7,2126,hard,99,76,1022,advancedPawn crushing endgame long master queenEndgame,approved,"Approved hard Advanced pawn tactics puzzle with popularity 99, 1022 plays, and rating deviation 76"
IvTwv,r7/pp3pk1/6p1/2PQ1b2/1P1Pn3/P3b3/1B2B1Pr/R4R1K w - - 0 22,h1h2,r7/pp3pk1/6p1/2PQ1b2/1P1Pn3/P3b3/1B2B1PK/R4R2 b - - 0 22,a8h8 e2h5 h8h5,1105,easy,100,75,4700,mate mateIn2 middlegame pillsburysMate short,approved,"Approved easy Mate puzzle with popularity 100, 4700 plays, and rating deviation 75"
Iw82O,4r1k1/ppp4p/6pB/2nP1p2/2q1r3/2P5/PQ3PPP/3R1RK1 w - - 9 29,d1d4,4r1k1/ppp4p/6pB/2nP1p2/2qRr3/2P5/PQ3PPP/5RK1 b - - 10 29,c4f1 g1f1 e4e1,1448,medium,100,75,4243,attraction kingsideAttack mate mateIn2 middlegame sacrifice short,approved,"Approved medium Sacrifice puzzle with popularity 100, 4243 plays, and rating deviation 75"
IzurK,6k1/1p4pp/p2p4/2rP4/2P1pr1q/1P3P2/P2Q2KP/3R1R2 w - - 0 24,f3e4,6k1/1p4pp/p2p4/2rP4/2P1Pr1q/1P6/P2Q2KP/3R1R2 b - - 0 24,h4g5 g2h1 f4f1 d1f1 g5d2,2105,hard,98,76,2058,crushing deflection discoveredAttack endgame long,approved,"Approved hard Discovered attack puzzle with popularity 98, 2058 plays, and rating deviation 76"
J5eMp,6k1/1b3p1p/p5p1/1p6/1Pp1Pq2/P2r1P1P/N3Q1P1/3R2K1 b - - 2 28,d3a3,6k1/1b3p1p/p5p1/1p6/1Pp1Pq2/r4P1P/N3Q1P1/3R2K1 w - - 0 29,d1d8 g8g7 e2b2 f4f6 d8g8 g7g8 b2f6,2063,hard,98,75,2747,advantage deflection endgame fork veryLong,approved,"Approved hard Fork puzzle with popularity 98, 2747 plays, and rating deviation 75"
J5o1Y,8/3B4/1pP1P3/1nk5/K2p4/8/8/8 b - - 0 58,b5c7,8/2nB4/1pP1P3/2k5/K2p4/8/8/8 w - - 1 59,e6e7 d4d3 a4b3,2036,hard,100,77,1109,advancedPawn crushing defensiveMove endgame master short,approved,"Approved hard Advanced pawn tactics puzzle with popularity 100, 1109 plays, and rating deviation 77"
J6Yod,r1bqk2r/ppp2pp1/2n1pn2/3p3p/3P2P1/3BP3/PPPN1PP1/R2QK1NR b KQkq - 0 8,f6g4,r1bqk2r/ppp2pp1/2n1p3/3p3p/3P2n1/3BP3/PPPN1PP1/R2QK1NR w KQkq - 0 9,d1g4 h5g4 h1h8 e8d7 h8d8,1495,medium,100,74,3510,advantage long opening skewer,approved,"Approved medium Skewer puzzle with popularity 100, 3510 plays, and rating deviation 74"
J9rSE,8/2b5/1p6/p7/k3Np2/5P2/2K3P1/8 b - - 1 51,b6b5,8/2b5/8/pp6/k3Np2/5P2/2K3P1/8 w - - 0 52,e4c3 a4b4 c3d5 b4c4 d5c7,2005,hard,99,75,1146,crushing endgame fork long,approved,"Approved hard Fork puzzle with popularity 99, 1146 plays, and rating deviation 75"
JCj1Z,rQ4k1/2P2pp1/4p3/8/8/6B1/p4PKP/2q5 b - - 1 32,g8h7,rQ6/2P2ppk/4p3/8/8/6B1/p4PKP/2q5 w - - 2 33,b8a8 a2a1q a8a1 c1a1 c7c8q,1509,medium,100,76,4923,advancedPawn advantage endgame hangingPiece long promotion,approved,"Approved medium Promotion puzzle with popularity 100, 4923 plays, and rating deviation 76"
JCpSd,r2q1rk1/pp3ppp/2pn1b2/8/3P4/1P1Q3P/P1P3B1/RN3RK1 b - - 2 19,d8b6,r4rk1/pp3ppp/1qpn1b2/8/3P4/1P1Q3P/P1P3B1/RN3RK1 w - - 3 20,f1f6 g7f6 d3g3 g8h8 g3d6,1261,easy,100,75,4444,advantage fork long middlegame sacrifice,approved,"Approved easy Fork puzzle with popularity 100, 4444 plays, and rating deviation 75"
JEFDK,8/1r4k1/4R1Pp/5P1P/8/1p2K3/8/8 w - - 0 58,e3d3,8/1r4k1/4R1Pp/5P1P/8/1p1K4/8/8 b - - 1 58,b3b2 f5f6 g7f8 e6e1 b2b1q e1b1 b7b1,1452,medium,100,76,4171,advancedPawn crushing defensiveMove endgame exposedKing promotion rookEndgame veryLong,approved,"Approved medium Promotion puzzle with popularity 100, 4171 plays, and rating deviation 76"
JEpH7,2r1nrk1/1p2qp1p/p2p2p1/2n5/2PN4/B1P5/P5QP/1R3R1K b - - 3 23,g8g7,2r1nr2/1p2qpkp/p2p2p1/2n5/2PN4/B1P5/P5QP/1R3R1K w - - 4 24,d4f5 g7h8 f5e7,1123,easy,100,76,15559,crushing middlegame pin short,approved,"Approved easy Pin puzzle with popularity 100, 15559 plays, and rating deviation 76"
JLlNN,6k1/p3P1p1/2p5/8/1P4Q1/P6P/3pqr1K/3R4 w - - 0 40,h2g1,6k1/p3P1p1/2p5/8/1P4Q1/P6P/3pqr2/3R2K1 b - - 1 40,e2e1 d1e1 d2e1q,1595,medium,100,75,3745,advancedPawn endgame mate mateIn2 promotion short,approved,"Approved medium Promotion puzzle with popularity 100, 3745 plays, and rating deviation 75"
JTicr,5B2/1R4pp/4rpk1/3n4/1pp3P1/5K2/5P2/8 b - - 2 48,b4b3,5B2/1R4pp/4rpk1/3n4/2p3P1/1p3K2/5P2/8 w - - 0 49,b7g7 g6h6 g7g8,2045,hard,100,76,1167,discoveredAttack endgame mate mateIn2 short,approved,"Approved hard Discovered attack puzzle with popularity 100, 1167 plays, and rating deviation 76"
JZxCD,2r3k1/3n1pbp/p3p1p1/1p1q4/1P1P1P2/3QP1PP/2B3K1/2R2R2 w - - 1 27,d3e4,2r3k1/3n1pbp/p3p1p1/1p1q4/1P1PQP2/4P1PP/2B3K1/2R2R2 b - - 2 27,c8c2 c1c2 d5e4,1291,easy,100,75,4181,crushing middlegame pin short,approved,"Approved easy Pin puzzle with popularity 100, 4181 plays, and rating deviation 75"
Jcv7e,2r4k/2qR2p1/p3Qp1p/1pp5/4P3/5P1P/1P4P1/6K1 b - - 4 32,c7c6,2r4k/3R2p1/p1q1Qp1p/1pp5/4P3/5P1P/1P4P1/6K1 w - - 5 33,d7d8 c8d8 e6c6,1444,medium,100,77,6494,advantage deflection endgame short,approved,"Approved medium Deflection puzzle with popularity 100, 6494 plays, and rating deviation 77"
Jgtup,5r2/2R4p/4p3/1k2P3/4KP2/1p6/7P/8 w - - 0 40,c7h7,5r2/7R/4p3/1k2P3/4KP2/1p6/7P/8 b - - 0 40,f8b8 h7g7 b3b2,2063,hard,100,75,1125,advancedPawn crushing endgame quietMove rookEndgame short,approved,"Approved hard Advanced pawn tactics puzzle with popularity 100, 1125 plays, and rating deviation 75"
JhAms,2r3k1/1q4p1/1p1R1p1p/5Q1N/4P1P1/7P/5PK1/2r5 b - - 0 34,c8e8,4r1k1/1q4p1/1p1R1p1p/5Q1N/4P1P1/7P/5PK1/2r5 w - - 1 35,h5f6 g7f6 f5g6 b7g7 g6e8,2022,hard,99,77,1381,crushing endgame fork long master sacrifice,approved,"Approved hard Fork puzzle with popularity 99, 1381 plays, and rating deviation 77"
JhDPO,k5r1/8/P4p2/2R2P2/2Pp2p1/3K4/1P6/8 w - - 0 41,d3e2,k5r1/8/P4p2/2R2P2/2Pp2p1/8/1P2K3/8 b - - 1 41,d4d3 e2d3 g4g3 c5a5 g3g2,2028,hard,98,75,2294,advancedPawn crushing endgame long master rookEndgame,approved,"Approved hard Advanced pawn tactics puzzle with popularity 98, 2294 plays, and rating deviation 75"
Jk78a,r3k2r/1pp1qp2/p2p3p/3PnQ2/3p4/1P1P3P/1PP2PP1/R3R1K1 b kq - 3 16,e7d7,r3k2r/1ppq1p2/p2p3p/3PnQ2/3p4/1P1P3P/1PP2PP1/R3R1K1 w kq - 4 17,e1e5 d6e5 f5e5 d7e7 e5h8,1337,easy,100,76,4335,advantage fork long middlegame,approved,"Approved easy Fork puzzle with popularity 100, 4335 plays, and rating deviation 76"
JnYhu,2r3rk/pp3p1p/1q1bpP1Q/1b1p4/1n1P2P1/5R2/PP2N1BP/R1B4K b - - 6 21,b5e2,2r3rk/pp3p1p/1q1bpP1Q/3p4/1n1P2P1/5R2/PP2b1BP/R1B4K w - - 0 22,h6h7 h8h7 f3h3 h7g6 h3h6,2062,hard,100,79,1170,attraction kingsideAttack long mate mateIn3 middlegame sacrifice,approved,"Approved hard Sacrifice puzzle with popularity 100, 1170 plays, and rating deviation 79"
Jw0sQ,6k1/1b1q2b1/pp2p1Q1/4P2N/P5R1/1Pr5/5PPK/3q4 b - - 1 36,d1g4,6k1/1b1q2b1/pp2p1Q1/4P2N/P5q1/1Pr5/5PPK/8 w - - 0 37,h5f6 g8f8 f6d7 f8e7 g6g4,1600,medium,100,74,4499,crushing exposedKing fork long middlegame,approved,"Approved medium Fork puzzle with popularity 100, 4499 plays, and rating deviation 74"
K2lKw,r2qnr1k/4ppbP/p2p3B/2pP4/4P1Q1/2p3R1/PPP3PP/R5K1 b - - 4 19,g7h6,r2qnr1k/4pp1P/p2p3b/2pP4/4P1Q1/2p3R1/PPP3PP/R5K1 w - - 0 20,g4g8 f8g8 h7g8q,1450,medium,100,77,3585,advancedPawn kingsideAttack mate mateIn2 middlegame promotion short,approved,"Approved medium Promotion puzzle with popularity 100, 3585 plays, and rating deviation 77"
K40eT,4k3/4r3/7p/8/8/5BPP/6K1/8 b - - 9 58,e7d7,4k3/3r4/7p/8/8/5BPP/6K1/8 w - - 10 59,f3c6 e8e7 c6d7 e7d7 g2f3,1579,medium,100,74,4752,crushing defensiveMove endgame long master pin,approved,"Approved medium Pin puzzle with popularity 100, 4752 plays, and rating deviation 74"
K4pWF,5rk1/5p1p/3r2pP/4q3/8/1Q6/PpP5/1K3R2 b - - 3 31,f8d8,3r2k1/5p1p/3r2pP/4q3/8/1Q6/PpP5/1K3R2 w - - 4 32,b3f7 g8h8 f7f8 d8f8 f1f8,1450,medium,100,75,3426,endgame long mate mateIn3 sacrifice,approved,"Approved medium Sacrifice puzzle with popularity 100, 3426 plays, and rating deviation 75"
K7u6I,8/6Q1/2p2B1p/3p1k2/6P1/3b3P/PPr2P1K/5q2 b - - 0 40,f5f4,8/6Q1/2p2B1p/3p4/5kP1/3b3P/PPr2P1K/5q2 w - - 1 41,g7h6 f4e4 h6e3,2032,hard,100,75,1237,endgame mate mateIn2 short,approved,"Approved hard Mate puzzle with popularity 100, 1237 plays, and rating deviation 75"
K9ND4,2r1r1k1/2R2ppp/8/3b4/Q2n1n1B/8/P4PPP/5RK1 w - - 1 23,c7c8,2R1r1k1/5ppp/8/3b4/Q2n1n1B/8/P4PPP/5RK1 b - - 0 23,d4e2 g1h1 d5g2,1544,medium,100,75,3600,mate mateIn2 middlegame short,approved,"Approved medium Mate puzzle with popularity 100, 3600 plays, and rating deviation 75"
KEPe0,5r1k/1R4b1/p2P2Pp/1p5n/2p5/P4B1P/1pP5/5R1K w - - 1 32,b7f7,5r1k/5Rb1/p2P2Pp/1p5n/2p5/P4B1P/1pP5/5R1K b - - 2 32,h5g3 h1g2 g3f1,897,easy,100,78,22606,crushing endgame fork short,approved,"Approved easy Fork puzzle with popularity 100, 22606 plays, and rating deviation 78"
KFtaO,3Q4/6p1/4pknp/4p3/P5q1/8/BP3P1P/5K2 b - - 2 35,f6f5,3Q4/6p1/4p1np/4pk2/P5q1/8/BP3P1P/5K2 w - - 3 36,a2e6 f5e6 d8c8 e6d6 c8g4,2005,hard,97,75,6003,attraction crushing endgame long sacrifice skewer,approved,"Approved hard Skewer puzzle with popularity 97, 6003 plays, and rating deviation 75"
KKOKO,r3r1k1/3q1ppp/p2b1n2/8/3p4/P1NQ3P/1P3PP1/R2RB1K1 w - - 0 20,d3d4,r3r1k1/3q1ppp/p2b1n2/8/3Q4/P1N4P/1P3PP1/R2RB1K1 b - - 0 20,e8e1 d1e1 d6h2 g1h2 d7d4,1466,medium,100,75,3800,advantage discoveredAttack kingsideAttack long middlegame sacrifice,approved,"Approved medium Discovered attack puzzle with popularity 100, 3800 plays, and rating deviation 75"
KMCUb,r3r1k1/p4pb1/2pp2pp/1p1Pp3/1PP1P1nq/P1N1BQ2/5P2/RB2R1K1 w - - 5 22,g1f1,r3r1k1/p4pb1/2pp2pp/1p1Pp3/1PP1P1nq/P1N1BQ2/5P2/RB2RK2 b - - 6 22,g4h2 f1g2 h2f3,1151,easy,100,75,15019,advantage fork middlegame short,approved,"Approved easy Fork puzzle with popularity 100, 15019 plays, and rating deviation 75"
KRxAQ,2R2bk1/5p1p/1p3qp1/p1p3B1/2Pp4/P2P1n2/BP2QP1K/R7 w - - 0 33,h2g2,2R2bk1/5p1p/1p3qp1/p1p3B1/2Pp4/P2P1n2/BP2QPK1/R7 b - - 1 33,f6g5 g2f3 g5h5 f3g2 h5e2,2017,hard,98,79,1057,crushing deflection long middlegame skewer,approved,"Approved hard Skewer puzzle with popularity 98, 1057 plays, and rating deviation 79"
KVeXx,5r2/5qpk/4R2p/3pQp2/2r5/P4P1P/1B4PK/8 b - - 2 42,c4c2,5r2/5qpk/4R2p/3pQp2/8/P4P1P/1Br3PK/8 w - - 3 43,e6e7 f7f6 e5f6 f8f6 b2f6,2001,hard,100,76,1009,crushing endgame long pin,approved,"Approved hard Pin puzzle with popularity 100, 1009 plays, and rating deviation 76"
Kpeyi,r4r1k/1b2pPbp/p5p1/1pp5/3q2nQ/P1NP1P2/BPP4P/R1B2RK1 w - - 1 17,g1g2,r4r1k/1b2pPbp/p5p1/1pp5/3q2nQ/P1NP1P2/BPP3KP/R1B2R2 b - - 2 17,g4e3 c1e3 d4h4,1196,easy,100,75,6491,crushing discoveredAttack fork middlegame short,approved,"Approved easy Fork puzzle with popularity 100, 6491 plays, and rating deviation 75"
KxA9T,1r3k2/3P2p1/4B2p/p7/3p4/P5P1/1r5P/2RK4 b - - 0 30,f8e7,1r6/3Pk1p1/4B2p/p7/3p4/P5P1/1r5P/2RK4 w - - 1 31,c1c8 e7e6 d7d8q b8c8 d8c8,1436,medium,100,75,3243,advancedPawn advantage endgame long promotion,approved,"Approved medium Promotion puzzle with popularity 100, 3243 plays, and rating deviation 75"
L6LHu,5r2/1pRb1kp1/4p3/p2p4/1b4Q1/q5P1/5P1P/5RK1 b - - 1 25,f7e7,5r2/1pRbk1p1/4p3/p2p4/1b4Q1/q5P1/5P1P/5RK1 w - - 2 26,g4g7 f8f7 c7d7 e7d7 g7f7,1440,medium,100,75,3829,advantage attraction deflection long middlegame,approved,"Approved medium Deflection puzzle with popularity 100, 3829 plays, and rating deviation 75"
LEAKI,r1b2rk1/p1p2ppp/2p5/8/2PRp3/q3P3/P1P1BQPP/5RK1 b - - 4 17,a3a2,r1b2rk1/p1p2ppp/2p5/8/2PRp3/4P3/q1P1BQPP/5RK1 w - - 0 18,f2f7 f8f7 d4d8 f7f8 f1f8,1464,medium,100,75,4735,kingsideAttack long mate mateIn3 middlegame sacrifice,approved,"Approved medium Sacrifice puzzle with popularity 100, 4735 plays, and rating deviation 75"
LN9uh,3r3r/1k2Q3/1p2p2p/1P1p1bp1/N7/P7/4q1PP/2R4K b - - 1 27,b7a8,k2r3r/4Q3/1p2p2p/1P1p1bp1/N7/P7/4q1PP/2R4K w - - 2 28,a4b6 a8b8 e7c7,1442,medium,100,75,4446,mate mateIn2 middlegame queensideAttack short,approved,"Approved medium Mate puzzle with popularity 100, 4446 plays, and rating deviation 75"
LXz5a,5rk1/5ppp/3p3P/2qNp3/3nP3/5P2/P2Q2P1/5K2 b - - 0 28,c5c2,5rk1/5ppp/3p3P/3Np3/3nP3/5P2/P1qQ2P1/5K2 w - - 1 29,d5e7 g8h8 h6g7 h8g7 d2g5 g7h8 g5f6,1435,medium,100,77,3503,advancedPawn attraction endgame mate mateIn4 veryLong,approved,"Approved medium Mate puzzle with popularity 100, 3503 plays, and rating deviation 77"
LYWrM,6k1/ppR3pp/3P4/3Q3b/2P2P2/P5Pq/1P2r2P/6K1 b - - 2 27,h5f7,6k1/ppR2bpp/3P4/3Q4/2P2P2/P5Pq/1P2r2P/6K1 w - - 3 28,d5f7 g8h8 f7g7,1391,easy,100,76,4312,endgame mate mateIn2 short,approved,"Approved easy Mate puzzle with popularity 100, 4312 plays, and rating deviation 76"
Lhf8w,8/4b3/4p1k1/1p1pPp2/pPpP1P1p/P6K/1P6/4B3 w - - 5 44,e1h4,8/4b3/4p1k1/1p1pPp2/pPpP1P1B/P6K/1P6/8 b - - 0 44,e7b4 a3b4 c4c3 b2c3 a4a3 c3c4 a3a2,2161,hard,99,77,1022,advancedPawn bishopEndgame crushing endgame sacrifice veryLong,approved,"Approved hard Sacrifice puzzle with popularity 99, 1022 plays, and rating deviation 77"
Ljam0,4R3/k1p2p2/Pb1p4/1P3KN1/P4p2/3P4/2Q5/q5q1 b - - 3 40,a1g7,4R3/k1p2pq1/Pb1p4/1P3KN1/P4p2/3P4/2Q5/6q1 w - - 4 41,e8a8 a7a8 c2c6 a8a7 c6b7,1488,medium,100,76,4131,attraction endgame exposedKing long mate mateIn3 sacrifice,approved,"Approved medium Sacrifice puzzle with popularity 100, 4131 plays, and rating deviation 76"
LkHj6,1k1r1b1r/pp3ppp/2n5/1N1bp3/8/1N2BP2/PP3KPP/2RR4 b - - 4 18,d5b3,1k1r1b1r/pp3ppp/2n5/1N2p3/8/1b2BP2/PP3KPP/2RR4 w - - 0 19,d1d8 c6d8 e3a7 b8a8 c1c8,2099,hard,99,76,1340,long mate mateIn3 middlegame queensideAttack,approved,"Approved hard Mate puzzle with popularity 99, 1340 plays, and rating deviation 76"
LpUg3,5k2/4R3/5P2/4N3/2bK4/p7/4r3/8 b - - 3 48,a3a2,5k2/4R3/5P2/4N3/2bK4/8/p3r3/8 w - - 0 49,e5g6 f8g8 e7g7,2051,hard,99,80,2895,endgame mate mateIn2 short vukovicMate,approved,"Approved hard Mate puzzle with popularity 99, 2895 plays, and rating deviation 80"
LqJiU,6rk/ppp1nr1p/3p4/3P3R/2q1Pp2/P1P2QN1/5P2/2K4R b - - 0 25,f4g3,6rk/ppp1nr1p/3p4/3P3R/2q1P3/P1P2Qp1/5P2/2K4R w - - 0 26,f3f6 g8g7 h5h7 h8g8 h7h8,2047,hard,100,76,1522,collinearMove kingsideAttack long mate mateIn3 middlegame,approved,"Approved hard Mate puzzle with popularity 100, 1522 plays, and rating deviation 76"
LqLN7,8/8/1p3k2/1N3ppp/P2P4/4PKP1/1r6/R7 w - - 10 46,d4d5,8/8/1p3k2/1N1P1ppp/P7/4PKP1/1r6/R7 b - - 0 46,g5g4 f3f4 b2f2,2098,hard,98,77,2163,endgame mate mateIn2 short,approved,"Approved hard Mate puzzle with popularity 98, 2163 plays, and rating deviation 77"
LqNCE,6k1/2QN3p/4p1p1/3q4/8/2P2K2/5PPP/2n5 w - - 5 30,f3g3,6k1/2QN3p/4p1p1/3q4/8/2P3K1/5PPP/2n5 b - - 6 30,c1e2 g3h4 d5h5,1246,easy,100,75,4445,endgame mate mateIn2 short,approved,"Approved easy Mate puzzle with popularity 100, 4445 plays, and rating deviation 75"
LrDuo,8/4k3/3r2p1/5p2/2Q5/6P1/3p2K1/8 w - - 0 64,c4c7,8/2Q1k3/3r2p1/5p2/8/6P1/3p2K1/8 b - - 1 64,d6d7 c7e5 e7f7 e5h8 d2d1q,2243,hard,100,78,1013,advancedPawn crushing defensiveMove endgame long promotion queenRookEndgame,approved,"Approved hard Promotion puzzle with popularity 100, 1013 plays, and rating deviation 78"
LsBga,6R1/7K/5P2/p5r1/5kp1/8/8/8 b - - 9 48,g5g8,6r1/7K/5P2/p7/5kp1/8/8/8 w - - 0 49,h7g8 g4g3 f6f7 g3g2 f7f8q,1145,easy,100,76,15968,advancedPawn crushing endgame long promotion,approved,"Approved easy Promotion puzzle with popularity 100, 15968 plays, and rating deviation 76"
Lsi7V,8/1p4p1/pk1R1p2/1P1p4/K2P1P1p/6r1/8/8 b - - 1 46,b6a7,8/kp4p1/p2R1p2/1P1p4/K2P1P1p/6r1/8/8 w - - 2 47,b5b6 a7b8 d6d8,1219,easy,100,76,5109,endgame mate mateIn2 rookEndgame short,approved,"Approved easy Mate puzzle with popularity 100, 5109 plays, and rating deviation 76"
Lw1JK,5r1k/2R5/6R1/1Pp3p1/2P1n3/2P3KP/6P1/3r4 w - - 4 40,g3g4,5r1k/2R5/6R1/1Pp3p1/2P1n1K1/2P4P/6P1/3r4 b - - 5 40,f8f4 g4h5 f4h4,1408,medium,100,75,4323,endgame mate mateIn2 short,approved,"Approved medium Mate puzzle with popularity 100, 4323 plays, and rating deviation 75"
LyPrx,2Q1r1k1/pp1q1ppp/8/3Nn1P1/4PBb1/8/PP4BP/2R2KN1 b - - 0 21,e8c8,2r3k1/pp1q1ppp/8/3Nn1P1/4PBb1/8/PP4BP/2R2KN1 w - - 0 22,c1c8 d7c8 d5e7 g8h8 e7c8,1350,easy,100,75,4277,advantage attraction fork long middlegame,approved,"Approved easy Fork puzzle with popularity 100, 4277 plays, and rating deviation 75"
LyzGJ,5r1k/3q4/3P3p/4p2P/4b3/3Q4/4N3/1B5K w - - 0 41,d3e4,5r1k/3q4/3P3p/4p2P/4Q3/8/4N3/1B5K b - - 0 41,d7h3 h1g1 f8f1,1544,medium,100,76,4099,endgame mate mateIn2 short,approved,"Approved medium Mate puzzle with popularity 100, 4099 plays, and rating deviation 76"
LzdRh,r2qkb1r/p4ppp/1p2p3/1PP5/3nP3/2Q5/P4PPP/R1B1KB1R w KQkq - 1 12,c5c6,r2qkb1r/p4ppp/1pP1p3/1P6/3nP3/2Q5/P4PPP/R1B1KB1R b KQkq - 0 12,f8b4 c3b4 d4c2 e1e2 c2b4,1378,easy,100,76,5067,advantage attraction fork long middlegame pin sacrifice,approved,"Approved easy Fork puzzle with popularity 100, 5067 plays, and rating deviation 76"
M0O2S,5q2/7k/1p1pr1b1/p1bP1p1p/2P5/1PQ3P1/PB5P/2R4K w - - 0 36,d5e6,5q2/7k/1p1pP1b1/p1b2p1p/2P5/1PQ3P1/PB5P/2R4K b - - 0 36,f8a8 c3f3 a8f3,1332,easy,100,75,7589,endgame mate mateIn2 short,approved,"Approved easy Mate puzzle with popularity 100, 7589 plays, and rating deviation 75"
M2jnL,8/4kp2/4p1p1/R1P3P1/P1K4p/1P3P2/3r4/8 w - - 1 40,a5a8,R7/4kp2/4p1p1/2P3P1/P1K4p/1P3P2/3r4/8 b - - 2 40,d2d8 a8d8 e7d8 c4d3 h4h3 d3e2 h3h2,2034,hard,98,77,2634,advancedPawn crushing endgame rookEndgame veryLong,approved,"Approved hard Advanced pawn tactics puzzle with popularity 98, 2634 plays, and rating deviation 77"
M3QOB,r2q1rk1/3n1p1p/2p3B1/p3p2n/1p1P2Rb/2P1BP1P/PPQKN3/6R1 b - - 0 22,h7g6,r2q1rk1/3n1p2/2p3p1/p3p2n/1p1P2Rb/2P1BP1P/PPQKN3/6R1 w - - 0 23,g4g6 f7g6 c2g6 h5g7 g6g7,1233,easy,100,75,4077,fork long mate mateIn3 middlegame sacrifice,approved,"Approved easy Fork puzzle with popularity 100, 4077 plays, and rating deviation 75"
M5wCP,r7/1R3rpk/4p2p/3pP2P/q4B2/4P1Q1/5PP1/6K1 w - - 0 53,b7f7,r7/5Rpk/4p2p/3pP2P/q4B2/4P1Q1/5PP1/6K1 b - - 0 53,a4d1 g1h2 d1h5 g3h3 h5f7,1316,easy,100,75,4122,advantage endgame fork long,approved,"Approved easy Fork puzzle with popularity 100, 4122 plays, and rating deviation 75"
MAN9U,Q7/7k/4r1qp/3p2p1/4nP2/3Bb2P/6PB/4R2K w - - 8 46,a8d5,8/7k/4r1qp/3Q2p1/4nP2/3Bb2P/6PB/4R2K b - - 0 46,e4f2 h1g1 f2d3,1140,easy,100,77,6892,advantage discoveredAttack discoveredCheck master middlegame short,approved,"Approved easy Discovered attack puzzle with popularity 100, 6892 plays, and rating deviation 77"
MBU6X,8/5p2/7P/r2p1kP1/2pP1p2/p1P5/4K3/R7 b - - 0 38,f5g5,8/5p2/7P/r2p2k1/2pP1p2/p1P5/4K3/R7 w - - 0 39,h6h7 a5a8 a1g1 g5f5 g1g8,2052,hard,99,76,1092,advancedPawn crushing endgame long rookEndgame,approved,"Approved hard Advanced pawn tactics puzzle with popularity 99, 1092 plays, and rating deviation 76"
MCnj3,4k3/r3b3/1p2P1p1/p2Q4/P2P4/3Np1qb/8/2R4K b - - 0 34,h3f5,4k3/r3b3/1p2P1p1/p2Q1b2/P2P4/3Np1q1/8/2R4K w - - 1 35,c1c8 e7d8 d5d8,1417,medium,100,75,3340,mate mateIn2 middlegame short,approved,"Approved medium Mate puzzle with popularity 100, 3340 plays, and rating deviation 75"
MDqFV,1k1rR3/1pq5/p1p5/6p1/3B1b2/P6P/1PP2PP1/4R2K b - - 2 32,b8c8,2krR3/1pq5/p1p5/6p1/3B1b2/P6P/1PP2PP1/4R2K w - - 3 33,d4f6 d8e8 e1e8 c8d7 e8e7 d7d6 e7c7,2059,hard,98,75,1125,advantage endgame queensideAttack skewer veryLong,approved,"Approved hard Skewer puzzle with popularity 98, 1125 plays, and rating deviation 75"
MH22c,3r2rk/1bq2p1p/p1n1pPpQ/1p4P1/1P3P2/P2p1R2/6BP/1R2B1K1 b - - 1 29,c6d4,3r2rk/1bq2p1p/p3pPpQ/1p4P1/1P1n1P2/P2p1R2/6BP/1R2B1K1 w - - 2 30,h6h7 h8h7 f3h3,1451,medium,100,76,4044,attraction kingsideAttack mate mateIn2 middlegame sacrifice short,approved,"Approved medium Sacrifice puzzle with popularity 100, 4044 plays, and rating deviation 76"
MMpv1,1q3rk1/p2b4/B1p1p3/2P2nBp/4Q2P/2P2P2/PP3K2/3RR3 w - - 1 35,d1d7,1q3rk1/p2R4/B1p1p3/2P2nBp/4Q2P/2P2P2/PP3K2/4R3 b - - 0 35,b8h2 f2f1 f5g3,2046,hard,100,76,1129,mate mateIn2 middlegame short,approved,"Approved hard Mate puzzle with popularity 100, 1129 plays, and rating deviation 76"
MOAjJ,r5k1/pp3ppp/7q/3p4/5nP1/2PB4/PP1Q1PP1/3Rr1K1 w - - 0 22,d1e1,r5k1/pp3ppp/7q/3p4/5nP1/2PB4/PP1Q1PP1/4R1K1 b - - 0 22,f4h3 g2h3 h6d2,1288,easy,100,75,4213,crushing discoveredAttack endgame short,approved,"Approved easy Discovered attack puzzle with popularity 100, 4213 plays, and rating deviation 75"
MRQUd,1rq5/kpb3pp/p3R3/2P2P2/1R2P3/3r2P1/7P/Q5K1 b - - 1 33,c8d7,1r6/kpbq2pp/p3R3/2P2P2/1R2P3/3r2P1/7P/Q5K1 w - - 2 34,b4b7 b8b7 e6a6 a7b8 a6a8,2018,hard,98,74,2542,long mate mateIn3 middlegame sacrifice,approved,"Approved hard Sacrifice puzzle with popularity 98, 2542 plays, and rating deviation 74"
MU5Ze,1k1rr3/ppp2ppp/2n5/2B5/4Q1P1/8/PPPq1PBP/R4K1R w - - 1 17,e4a4,1k1rr3/ppp2ppp/2n5/2B5/Q5P1/8/PPPq1PBP/R4K1R b - - 2 17,d2d1 a1d1 d8d1,1491,medium,100,76,4250,mate mateIn2 middlegame sacrifice short,approved,"Approved medium Sacrifice puzzle with popularity 100, 4250 plays, and rating deviation 76"
MUmHG,1k1rr3/ppp3pp/3bQ3/1R4B1/3q4/2N4P/PPn2PP1/3R2K1 w - - 7 18,e6b3,1k1rr3/ppp3pp/3b4/1R4B1/3q4/1QN4P/PPn2PP1/3R2K1 b - - 8 18,d4d1 c3d1 e8e1,1533,medium,100,76,3775,kingsideAttack mate mateIn2 middlegame pillsburysMate sacrifice short,approved,"Approved medium Sacrifice puzzle with popularity 100, 3775 plays, and rating deviation 76"
MZZdi,2r1q3/2r2p1k/p1P2Qp1/4R1Rp/7P/5P2/5P2/5K2 b - - 0 32,e8c6,2r5/2r2p1k/p1q2Qp1/4R1Rp/7P/5P2/5P2/5K2 w - - 0 33,g5h5 g6h5 e5h5 h7g8 h5h8,1325,easy,100,75,5895,endgame killBoxMate long mate mateIn3 sacrifice,approved,"Approved easy Sacrifice puzzle with popularity 100, 5895 plays, and rating deviation 75"
Mesbf,4r1k1/2q2ppp/p7/1p2bN2/1P2n3/P4Q1P/B4PP1/5RK1 w - - 1 31,f3g4,4r1k1/2q2ppp/p7/1p2bN2/1P2n1Q1/P6P/B4PP1/5RK1 b - - 2 31,e5h2 g1h1 e4f2 f1f2 e8e1 f2f1 e1f1,1577,medium,100,77,3303,clearance deflection kingsideAttack mate mateIn4 middlegame sacrifice veryLong,approved,"Approved medium Deflection puzzle with popularity 100, 3303 plays, and rating deviation 77"
MfUw1,1r3r2/2p2pk1/pb1q1B2/1p1BR3/3n4/7P/PP3PP1/R2Q2K1 b - - 0 21,d6f6,1r3r2/2p2pk1/pb3q2/1p1BR3/3n4/7P/PP3PP1/R2Q2K1 w - - 0 22,d1g4 f6g6 e5g5,1301,easy,100,75,4000,advantage middlegame pin short,approved,"Approved easy Pin puzzle with popularity 100, 4000 plays, and rating deviation 75"
Mv5vy,2b2rk1/6pp/2p5/3pN3/3P3q/2Q2P2/1PB1K2P/6R1 w - - 1 38,c3c6,2b2rk1/6pp/2Q5/3pN3/3P3q/5P2/1PB1K2P/6R1 b - - 0 38,h4h2 e2e1 h2g1,1331,easy,100,75,4007,advantage fork middlegame short,approved,"Approved easy Fork puzzle with popularity 100, 4007 plays, and rating deviation 75"
MxXN9,8/8/3pk2r/5R1P/5K2/5P2/8/8 w - - 3 47,f4g5,8/8/3pk2r/5RKP/8/5P2/8/8 b - - 4 47,h6h5 g5h5 e6f5 h5h4 f5f4 h4h3 f4f3,1425,medium,100,75,3918,crushing deflection endgame rookEndgame veryLong,approved,"Approved medium Deflection puzzle with popularity 100, 3918 plays, and rating deviation 75"
N0jga,r4r1k/1q6/5PQ1/8/1p1p3P/pP2P3/P7/2K3R1 b - - 2 33,b7c6,r4r1k/8/2q2PQ1/8/1p1p3P/pP2P3/P7/2K3R1 w - - 3 34,c1b1 c6b7 g6g7 b7g7 f6g7,2107,hard,99,76,1217,advancedPawn advantage defensiveMove endgame exposedKing long,approved,"Approved hard Advanced pawn tactics puzzle with popularity 99, 1217 plays, and rating deviation 76"
N7HyF,3R1bk1/5p2/2r1q1p1/p5Np/Pp1Q1P2/7P/1P4P1/7K b - - 6 37,e6f6,3R1bk1/5p2/2r2qp1/p5Np/Pp1Q1P2/7P/1P4P1/7K w - - 7 38,d8f8 g8f8 g5h7,1545,medium,100,79,3456,attraction crushing endgame master sacrifice short,approved,"Approved medium Sacrifice puzzle with popularity 100, 3456 plays, and rating deviation 79"
NDQvn,8/8/5Pp1/1pk1K1n1/3N4/8/8/8 b - - 6 43,b5b4,8/8/5Pp1/2k1K1n1/1p1N4/8/8/8 w - - 0 44,d4e6 g5e6 e5e6 b4b3 f6f7 b3b2 f7f8q,1462,medium,100,76,4907,advancedPawn crushing endgame knightEndgame promotion veryLong,approved,"Approved medium Promotion puzzle with popularity 100, 4907 plays, and rating deviation 76"
NHH1j,8/3B4/5p2/p7/8/5K1p/5P1k/8 w - - 0 45,f3e2,8/3B4/5p2/p7/8/7p/4KP1k/8 b - - 1 45,h2g2 e2e3 h3h2,1127,easy,100,77,15689,advancedPawn bishopEndgame crushing endgame master short,approved,"Approved easy Advanced pawn tactics puzzle with popularity 100, 15689 plays, and rating deviation 77"
NI5rt,2kr1b1r/ppp5/2q2n1p/5bp1/8/2P1BN1P/PP1NQ1P1/2KR3R w - - 0 18,f3d4,2kr1b1r/ppp5/2q2n1p/5bp1/3N4/2P1B2P/PP1NQ1P1/2KR3R b - - 1 18,c6c3 b2c3 f8a3,1954,medium,100,78,3612,bodenMate mate mateIn2 middlegame queensideAttack sacrifice short,approved,"Approved medium Sacrifice puzzle with popularity 100, 3612 plays, and rating deviation 78"
NOZL1,1r6/pbpk2P1/3p4/3Pp3/2P1Q1q1/6P1/P1P4P/1R3RK1 b - - 0 28,g4e4,1r6/pbpk2P1/3p4/3Pp3/2P1q3/6P1/P1P4P/1R3RK1 w - - 0 29,f1f7 d7e8 g7g8q,2022,hard,98,77,1916,advancedPawn endgame mate mateIn2 promotion short,approved,"Approved hard Promotion puzzle with popularity 98, 1916 plays, and rating deviation 77"
NRzRW,8/7p/8/8/1Pk1p1PP/5p2/5K2/8 w - - 1 46,g4g5,8/7p/8/6P1/1Pk1p2P/5p2/5K2/8 b - - 0 46,c4d3 b4b5 e4e3 f2f3 e3e2,2057,hard,98,77,2129,advancedPawn crushing endgame exposedKing long pawnEndgame,approved,"Approved hard Advanced pawn tactics puzzle with popularity 98, 2129 plays, and rating deviation 77"
NpYi2,r2q2nk/1ppb2np/p4rp1/3P4/4Pp1Q/2PB4/PP1NN2P/R4RK1 w - - 0 23,f1f4,r2q2nk/1ppb2np/p4rp1/3P4/4PR1Q/2PB4/PP1NN2P/R5K1 b - - 0 23,g6g5 h4g5 f6g6 g5g6 h7g6,2084,hard,98,75,2534,advantage clearance long middlegame pin,approved,"Approved hard Pin puzzle with popularity 98, 2534 plays, and rating deviation 75"
Nq02I,8/4bpk1/4p3/1p2P1p1/p2PN1Pn/P1B1Q1K1/1Pq5/8 w - - 7 52,e4g5,8/4bpk1/4p3/1p2P1N1/p2P2Pn/P1B1Q1K1/1Pq5/8 b - - 0 52,c2g2 g3h4 g2h2 e3h3 e7g5 h4g5 h2h3,1478,medium,100,79,6654,crushing deflection endgame master sacrifice veryLong,approved,"Approved medium Deflection puzzle with popularity 100, 6654 plays, and rating deviation 79"
NtxBC,r3k2r/5ppp/2p1p3/p2Nq3/8/P4P2/1PQ2KP1/3R4 b kq - 2 24,e8g8,r4rk1/5ppp/2p1p3/p2Nq3/8/P4P2/1PQ2KP1/3R4 w - - 3 25,d5e7 g8h8 c2h7 h8h7 d1h1 e5h2 h1h2,1567,medium,100,78,3444,anastasiaMate attraction endgame mate mateIn4 sacrifice veryLong,approved,"Approved medium Sacrifice puzzle with popularity 100, 3444 plays, and rating deviation 78"
NxeFl,r1bq1rk1/4ppbp/p2p1np1/1p4N1/2BPN2Q/4P3/PPP3PP/R3K2R b KQ - 1 14,b5c4,r1bq1rk1/4ppbp/p2p1np1/6N1/2pPN2Q/4P3/PPP3PP/R3K2R w KQ - 0 15,e4f6 e7f6 h4h7,1194,easy,100,76,4099,kingsideAttack mate mateIn2 middlegame short,approved,"Approved easy Mate puzzle with popularity 100, 4099 plays, and rating deviation 76"
NyusQ,2r2rk1/1p3pn1/4p1P1/6N1/p2p4/PqPQ1P2/1P6/2K1R2R b - - 0 25,d4c3,2r2rk1/1p3pn1/4p1P1/6N1/p7/PqpQ1P2/1P6/2K1R2R w - - 0 26,g6f7 f8f7 h1h8 g8h8 d3h7,2103,hard,100,75,1073,advancedPawn attraction long mate mateIn3 middlegame sacrifice,approved,"Approved hard Sacrifice puzzle with popularity 100, 1073 plays, and rating deviation 75"
O5JsK,2RN2k1/r4p1p/pp2p1p1/3n4/q2b1B2/5P2/PP4PP/5R1K b - - 1 25,d5f4,2RN2k1/r4p1p/pp2p1p1/8/q2b1n2/5P2/PP4PP/5R1K w - - 0 26,d8e6 a4e8 c8e8,1454,medium,100,76,3414,discoveredAttack discoveredCheck kingsideAttack mate mateIn2 middlegame short,approved,"Approved medium Discovered attack puzzle with popularity 100, 3414 plays, and rating deviation 76"
OOv3h,8/8/8/8/pp6/1n6/k1K4R/8 b - - 3 67,b3a1,8/8/8/8/pp6/8/k1K4R/n7 w - - 4 68,c2c1 a2a3 c1b1 b4b3 b1a1,1461,medium,100,77,3384,crushing discoveredAttack discoveredCheck endgame long,approved,"Approved medium Discovered attack puzzle with popularity 100, 3384 plays, and rating deviation 77"
OROJW,8/pp3pkp/6p1/n1N1p3/4p3/P1P1P1P1/qP1Q1P1P/6K1 w - - 1 27,c5e4,8/pp3pkp/6p1/n3p3/4N3/P1P1P1P1/qP1Q1P1P/6K1 b - - 0 27,a2b1 g1g2 b1e4,1430,medium,100,74,4522,advantage endgame fork master short,approved,"Approved medium Fork puzzle with popularity 100, 4522 plays, and rating deviation 74"
OU0G0,1r1q4/p6Q/6p1/3b1pk1/1n1p4/3P1RK1/PP6/5R2 b - - 1 30,d8h8,1r5q/p6Q/6p1/3b1pk1/1n1p4/3P1RK1/PP6/5R2 w - - 2 31,f3f5 g6f5 f1f5,2042,hard,99,76,1202,mate mateIn2 middlegame sacrifice short,approved,"Approved hard Sacrifice puzzle with popularity 99, 1202 plays, and rating deviation 76"
OavA1,8/5ppk/3r2p1/4Kn2/8/5P2/2Q4P/8 w - - 7 49,c2a2,8/5ppk/3r2p1/4Kn2/8/5P2/Q6P/8 b - - 8 49,f7f6 e5f4 d6d4,1545,medium,100,76,4155,endgame epauletteMate mate mateIn2 short,approved,"Approved medium Mate puzzle with popularity 100, 4155 plays, and rating deviation 76"
Ob6fy,1b6/p3kr1Q/1p2pp2/2r5/2P5/1P2P3/PB3P2/7K w - - 3 36,h7g8,1b4Q1/p3kr2/1p2pp2/2r5/2P5/1P2P3/PB3P2/7K b - - 4 36,c5h5 h1g2 h5g5 g8g5 f6g5,1565,medium,100,76,3988,advantage endgame exposedKing fork long,approved,"Approved medium Fork puzzle with popularity 100, 3988 plays, and rating deviation 76"
OcUMC,3r3r/pp2Q1pp/6k1/3p1p2/2q4P/8/P5P1/4RnK1 b - - 1 30,h8e8,3rr3/pp2Q1pp/6k1/3p1p2/2q4P/8/P5P1/4RnK1 w - - 2 31,e1e6 g6h5 e7g5,2030,hard,98,77,2215,endgame mate mateIn2 short,approved,"Approved hard Mate puzzle with popularity 98, 2215 plays, and rating deviation 77"
OiijI,6k1/1pB2pbp/p5p1/Pq6/8/2P2QPP/1P1R1PK1/4r3 w - - 1 36,f3d3,6k1/1pB2pbp/p5p1/Pq6/8/2PQ2PP/1P1R1PK1/4r3 b - - 2 36,b5c6 d3d5 c6c7 d5d8 c7d8 d2d8 g7f8,1519,medium,100,74,3331,advantage endgame fork veryLong,approved,"Approved medium Fork puzzle with popularity 100, 3331 plays, and rating deviation 74"
OtIXv,7k/p3Q2p/2p1p1rp/q2pP3/3P4/P1P3P1/6K1/5R2 b - - 6 35,a5c3,7k/p3Q2p/2p1p1rp/3pP3/3P4/P1q3P1/6K1/5R2 w - - 0 36,f1f8 g6g8 e7f6,1412,medium,100,75,3471,endgame mate mateIn2 short,approved,"Approved medium Mate puzzle with popularity 100, 3471 plays, and rating deviation 75"
OtrYO,4r2k/p3P1p1/1p1q3p/8/8/2P5/PP2QR2/6K1 w - - 0 39,f2f7,4r2k/p3PRp1/1p1q3p/8/8/2P5/PP2Q3/6K1 b - - 1 39,d6g6 g1f2 g6f7,1444,medium,100,75,3588,crushing endgame fork short,approved,"Approved medium Fork puzzle with popularity 100, 3588 plays, and rating deviation 75"
Ow7pM,8/4Q2k/4p2p/3pq3/4bR2/P6P/6PK/2r5 b - - 3 37,h7g6,8/4Q3/4p1kp/3pq3/4bR2/P6P/6PK/2r5 w - - 4 38,e7f7 g6g5 h3h4,1337,easy,100,75,4302,endgame mate mateIn2 short,approved,"Approved easy Mate puzzle with popularity 100, 4302 plays, and rating deviation 75"
P2WmE,1k1r1br1/pp1B1p2/1n1q3p/1Q1Pp1p1/4P3/1P2B1P1/P4P1P/2R2RK1 b - - 0 21,b6d7,1k1r1br1/pp1n1p2/3q3p/1Q1Pp1p1/4P3/1P2B1P1/P4P1P/2R2RK1 w - - 0 22,e3a7 b8a7 b5a5 d6a6 a5d8,2019,hard,100,76,1672,advantage attraction fork long middlegame sacrifice,approved,"Approved hard Fork puzzle with popularity 100, 1672 plays, and rating deviation 76"
P6e8V,3r1k1r/p4pp1/2Q4p/1B3q2/8/P3b1P1/1P2NP1P/R4K1R w - - 0 22,f2f3,3r1k1r/p4pp1/2Q4p/1B3q2/8/P3bPP1/1P2N2P/R4K1R b - - 0 22,f5h3 f1e1 h3g2 h1f1 e3d2 e1d1 g2f1,2058,hard,99,75,1080,crushing deflection exposedKing middlegame veryLong,approved,"Approved hard Deflection puzzle with popularity 99, 1080 plays, and rating deviation 75"
P7dnE,r5k1/p1p2ppp/3p3r/2p5/PP2PPn1/3B1R2/1BQN4/R4K1q w - - 10 23,f1e2,r5k1/p1p2ppp/3p3r/2p5/PP2PPn1/3B1R2/1BQNK3/R6q b - - 11 23,h6h2 f3f2 h2f2,1287,easy,100,76,5142,mate mateIn2 middlegame short,approved,"Approved easy Mate puzzle with popularity 100, 5142 plays, and rating deviation 76"
P9BDV,7k/pp4pp/2pp3r/4p1q1/4P2r/2PP1P1P/PP2QRP1/5R1K w - - 7 24,e2d2,7k/pp4pp/2pp3r/4p1q1/4P2r/2PP1P1P/PP1Q1RP1/5R1K b - - 8 24,h4h3 g2h3 h6h3 f2h2 g5d2,1430,medium,100,76,3280,advantage endgame kingsideAttack long pin sacrifice,approved,"Approved medium Pin puzzle with popularity 100, 3280 plays, and rating deviation 76"
PH1R0,8/7p/6pk/1p2r3/1R6/8/5P1P/5K2 b - - 1 38,h6g5,8/7p/6p1/1p2r1k1/1R6/8/5P1P/5K2 w - - 2 39,f2f4 g5f6 f4e5,1138,easy,100,80,4785,crushing endgame fork rookEndgame short,approved,"Approved easy Fork puzzle with popularity 100, 4785 plays, and rating deviation 80"
PH4GC,1r1kr3/3n1ppp/NpB5/2qp4/4n3/8/PPPP2PP/RNBQ1R1K w - - 5 20,a6b8,1N1kr3/3n1ppp/1pB5/2qp4/4n3/8/PPPP2PP/RNBQ1R1K b - - 0 20,e4f2 f1f2 c5f2 h2h3 e8e1 d1e1 f2e1,1409,medium,100,76,3527,advantage fork middlegame veryLong,approved,"Approved medium Fork puzzle with popularity 100, 3527 plays, and rating deviation 76"
PPBML,8/5p2/6kp/5N2/P1n2PK1/6PP/8/8 w - - 5 61,h3h4,8/5p2/6kp/5N2/P1n2PKP/6P1/8/8 b - - 0 61,h6h5 g4h3 g6f5 g3g4 h5g4,1293,easy,100,76,4137,crushing deflection endgame knightEndgame long,approved,"Approved easy Deflection puzzle with popularity 100, 4137 plays, and rating deviation 76"
PTe31,4r1k1/3b1Pp1/8/7q/2p1p3/2P1P2P/1B6/5RK1 b - - 0 35,g8f8,4rk2/3b1Pp1/8/7q/2p1p3/2P1P2P/1B6/5RK1 w - - 1 36,b2a3 e8e7 a3e7 f8e7 f7f8q,1321,easy,100,76,5372,advancedPawn attraction crushing endgame long promotion,approved,"Approved easy Promotion puzzle with popularity 100, 5372 plays, and rating deviation 76"
PagDL,8/ppp2r2/7k/2b1q2n/4p1PN/7Q/PP3P1P/5RK1 b - - 0 23,h5f4,8/ppp2r2/7k/2b1q3/4pnPN/7Q/PP3P1P/5RK1 w - - 1 24,h4f5 h6g5 h3h4 g5g6 h4h6,2206,hard,99,80,1163,doubleCheck exposedKing long mate mateIn3 middlegame,approved,"Approved hard Mate puzzle with popularity 99, 1163 plays, and rating deviation 80"
PcQYu,r5k1/pp3ppp/2nb2r1/3p4/3P4/4BN1q/PP3P2/2RQRBK1 w - - 4 18,e3g5,r5k1/pp3ppp/2nb2r1/3p2B1/3P4/5N1q/PP3P2/2RQRBK1 b - - 5 18,g6g5 f3g5 h3h2,1521,medium,100,75,4211,kingsideAttack mate mateIn2 middlegame sacrifice short,approved,"Approved medium Sacrifice puzzle with popularity 100, 4211 plays, and rating deviation 75"
Ph8Sk,b4rk1/5p2/5QP1/2pPP2p/8/7P/6BK/2q5 b - - 0 32,c1h6,b4rk1/5p2/5QPq/2pPP2p/8/7P/6BK/8 w - - 1 33,g6f7 f8f7 f6h6,1336,easy,100,75,6541,advancedPawn crushing discoveredAttack endgame master short,approved,"Approved easy Discovered attack puzzle with popularity 100, 6541 plays, and rating deviation 75"
Psu0w,8/6pk/6p1/1R4P1/2p5/2P2r1p/1PKB4/8 w - - 0 47,b5a5,8/6pk/6p1/R5P1/2p5/2P2r1p/1PKB4/8 b - - 1 47,f3f1 a5c5 h3h2 c5c4 h2h1q,2038,hard,98,74,2458,advancedPawn crushing endgame long promotion quietMove,approved,"Approved hard Promotion puzzle with popularity 98, 2458 plays, and rating deviation 74"
Pt42l,2r5/1R2n1pk/3BP2p/pQ3p2/8/8/P1q2PPP/6K1 w - - 0 26,b7e7,2r5/4R1pk/3BP2p/pQ3p2/8/8/P1q2PPP/6K1 b - - 0 26,c2d1 b5f1 c8c1 h2h3 d1f1,2377,hard,99,76,1011,clearance crushing endgame fork long quietMove,approved,"Approved hard Fork puzzle with popularity 99, 1011 plays, and rating deviation 76"
PyXxA,2k5/pp5p/2qpbp2/1P1n4/3P3Q/2PB4/P4PrP/RN3RK1 w - - 0 20,g1g2,2k5/pp5p/2qpbp2/1P1n4/3P3Q/2PB4/P4PKP/RN3R2 b - - 0 20,d5e3 g2g3 c6g2 g3f4 e3d5,2032,hard,100,74,1055,doubleCheck long mate mateIn3 middlegame,approved,"Approved hard Mate puzzle with popularity 100, 1055 plays, and rating deviation 74"
Q4FZC,q3k2r/5p2/4p2p/2QbP1p1/8/1P3P2/6PP/2R4K b k - 6 33,e8d7,q6r/3k1p2/4p2p/2QbP1p1/8/1P3P2/6PP/2R4K w - - 7 34,c5c7 d7e8 c7c8 a8c8 c1c8 e8e7 c8h8,2001,hard,100,76,1242,crushing endgame skewer veryLong,approved,"Approved hard Skewer puzzle with popularity 100, 1242 plays, and rating deviation 76"
Q4oDR,rnb1k2r/pp2ppb1/6pp/2pNP1B1/2B2Pn1/8/PPP3PP/3RK1NR b Kkq - 1 10,h6g5,rnb1k2r/pp2ppb1/6p1/2pNP1p1/2B2Pn1/8/PPP3PP/3RK1NR w Kkq - 0 11,d5c7 e8f8 d1d8,1502,medium,100,77,6210,fork mate mateIn2 opening short,approved,"Approved medium Fork puzzle with popularity 100, 6210 plays, and rating deviation 77"
Q54dg,5rk1/p1p3p1/5p2/2R4p/3pBRb1/3P4/PrP3P1/7K b - - 1 30,b2a2,5rk1/p1p3p1/5p2/2R4p/3pBRb1/3P4/r1P3P1/7K w - - 0 31,e4d5 g8h7 d5a2,1203,easy,100,75,5074,advantage endgame fork short,approved,"Approved easy Fork puzzle with popularity 100, 5074 plays, and rating deviation 75"
Q73jX,8/6k1/3B2p1/2p5/1p2N1PP/pP2K3/r7/8 b - - 1 43,a2b2,8/6k1/3B2p1/2p5/1p2N1PP/pP2K3/1r6/8 w - - 2 44,d6e5 g7f7 e5b2 a3b2 e4d2,1257,easy,100,74,4165,crushing defensiveMove endgame fork long master,approved,"Approved easy Fork puzzle with popularity 100, 4165 plays, and rating deviation 74"
Q7TcH,1r1r4/3PR1pk/1p2pp1p/3p4/5NP1/8/5P1P/5K2 b - - 2 39,b8b7,3r4/1r1PR1pk/1p2pp1p/3p4/5NP1/8/5P1P/5K2 w - - 3 40,f4e6 b7d7 e7d7 d8d7 e6f8 h7g8 f8d7,2017,hard,99,76,2259,advantage attraction endgame fork veryLong,approved,"Approved hard Fork puzzle with popularity 99, 2259 plays, and rating deviation 76"
Q9Rue,1R6/3k4/Pb6/8/2KP4/2P5/r7/8 b - - 4 48,d7c7,1R6/2k5/Pb6/8/2KP4/2P5/r7/8 w - - 5 49,b8b7 c7c6 d4d5 c6d6 b7b6,1310,easy,100,76,4683,crushing deflection endgame exposedKing long,approved,"Approved easy Deflection puzzle with popularity 100, 4683 plays, and rating deviation 76"
QEOYY,8/2r2k2/3Rb1p1/6r1/2p5/2Q3K1/2P5/8 w - - 0 44,g3h4,8/2r2k2/3Rb1p1/6r1/2p4K/2Q5/2P5/8 b - - 1 44,g5h5 h4g3 h5h3 g3f2 h3c3,2013,hard,100,77,1592,crushing endgame long skewer,approved,"Approved hard Skewer puzzle with popularity 100, 1592 plays, and rating deviation 77"
QIqJ1,r4r2/5p2/p2b1N1k/1p3P2/8/2B2K2/PPp5/5R2 b - - 2 30,a8d8,3r1r2/5p2/p2b1N1k/1p3P2/8/2B2K2/PPp5/5R2 w - - 3 31,f1h1 d6h2 h1h2 h6g5 h2h5,2054,hard,99,75,1034,endgame exposedKing long mate mateIn3,approved,"Approved hard Mate puzzle with popularity 99, 1034 plays, and rating deviation 75"
QJBOc,2r2r2/1pp1qp1k/p2p1Rpp/4p3/4P2Q/1P1PPR1P/1PP3P1/6K1 b - - 4 22,h7g7,2r2r2/1pp1qpk1/p2p1Rpp/4p3/4P2Q/1P1PPR1P/1PP3P1/6K1 w - - 5 23,f6g6 f7g6 h4e7,1305,easy,100,75,4416,crushing discoveredAttack endgame short,approved,"Approved easy Discovered attack puzzle with popularity 100, 4416 plays, and rating deviation 75"
QOnwR,r4r1k/pp1bqpb1/2p1P2p/7Q/2p5/1P2P3/PBP2PP1/R3K2R b KQ - 0 18,f7e6,r4r1k/pp1bq1b1/2p1p2p/7Q/2p5/1P2P3/PBP2PP1/R3K2R w KQ - 0 19,h5h6 h8g8 h6h7,1474,medium,100,76,3795,crushing kingsideAttack middlegame pin short,approved,"Approved medium Pin puzzle with popularity 100, 3795 plays, and rating deviation 76"
QQYgu,5k2/6p1/5PKp/8/6P1/8/8/8 b - - 0 57,h6h5,5k2/6p1/5PK1/7p/6P1/8/8/8 w - - 0 58,f6g7 f8g8 g6h5 g8g7 h5g5,2201,hard,99,77,1039,advancedPawn crushing defensiveMove endgame long pawnEndgame zugzwang,approved,"Approved hard Advanced pawn tactics puzzle with popularity 99, 1039 plays, and rating deviation 77"
QUix7,5qrk/5prp/p3bQ2/1ppp1p2/5P2/P2P4/BPP2KPR/5R2 b - - 9 32,f8d8,3q2rk/5prp/p3bQ2/1ppp1p2/5P2/P2P4/BPP2KPR/5R2 w - - 10 33,h2h7 h8h7 f1h1,1250,easy,100,76,4758,attraction kingsideAttack mate mateIn2 middlegame pin sacrifice short,approved,"Approved easy Pin puzzle with popularity 100, 4758 plays, and rating deviation 76"
QdgAL,5rk1/1pQ2ppp/8/p7/1n1r4/P2q3P/1P3RP1/K1R5 b - - 0 24,b4d5,5rk1/1pQ2ppp/8/p2n4/3r4/P2q3P/1P3RP1/K1R5 w - - 1 25,c7f7 f8f7 c1c8 f7f8 f2f8,1480,medium,100,74,3573,clearance long mate mateIn3 middlegame sacrifice,approved,"Approved medium Sacrifice puzzle with popularity 100, 3573 plays, and rating deviation 74"
Qdp88,5r1k/1R2QBbp/p1p3p1/6Bn/5P2/6qP/P5P1/6K1 b - - 8 33,h5f4,5r1k/1R2QBbp/p1p3p1/6B1/5n2/6qP/P5P1/6K1 w - - 0 34,e7f8 g7f8 g5f6 f8g7 b7b8,2003,hard,99,75,1357,long mate mateIn3 middlegame sacrifice,approved,"Approved hard Sacrifice puzzle with popularity 99, 1357 plays, and rating deviation 75"
Qdzom,r3r1k1/1p3p1p/1q3p2/1p1nN1B1/2pP4/2P3Q1/P5PP/R5K1 b - - 1 22,f6e5,r3r1k1/1p3p1p/1q6/1p1np1B1/2pP4/2P3Q1/P5PP/R5K1 w - - 0 23,g5f6 g8f8 g3g7,2014,hard,99,78,1037,discoveredAttack kingsideAttack mate mateIn2 middlegame short,approved,"Approved hard Discovered attack puzzle with popularity 99, 1037 plays, and rating deviation 78"
QhblN,8/R7/2N3k1/P5pp/4n3/1Pn2K1P/4r3/8 b - - 3 57,g6f5,8/R7/2N5/P4kpp/4n3/1Pn2K1P/4r3/8 w - - 4 58,c6d4 f5e5 d4e2,1271,easy,100,77,4441,advantage endgame fork master short,approved,"Approved easy Fork puzzle with popularity 100, 4441 plays, and rating deviation 77"
QlhHO,2kr3r/1ppb1ppp/p1p5/2qnPN2/5P2/2P1B3/P1PQ2PP/1R3RK1 b - - 6 15,c5c3,2kr3r/1ppb1ppp/p1p5/3nPN2/5P2/2q1B3/P1PQ2PP/1R3RK1 w - - 0 16,f5e7 d5e7 d2c3,1201,easy,100,77,14246,crushing deflection middlegame short,approved,"Approved easy Deflection puzzle with popularity 100, 14246 plays, and rating deviation 77"
QnO7c,r6k/4pR1P/3P1b2/8/2p5/P4Q1P/1q6/7K b - - 2 30,a8a3,7k/4pR1P/3P1b2/8/2p5/r4Q1P/1q6/7K w - - 0 31,f7f8 h8h7 f3h5 h7g7 f8f7 g7g8 h5h7,2097,hard,99,75,1460,endgame exposedKing mate mateIn4 veryLong,approved,"Approved hard Mate puzzle with popularity 99, 1460 plays, and rating deviation 75"
QtPMd,r4r2/pb4pp/1p1R4/2p1p1P1/5B2/2N2k1P/PPP5/2K1R3 b - - 0 22,e5f4,r4r2/pb4pp/1p1R4/2p3P1/5p2/2N2k1P/PPP5/2K1R3 w - - 0 23,d6d3 f3g2 e1e2 g2f1 d3d1,1315,easy,100,76,5485,endgame long mate mateIn3,approved,"Approved easy Mate puzzle with popularity 100, 5485 plays, and rating deviation 76"
Qw7tY,6R1/8/2P2p2/p2p1r2/P2P3k/1PK3p1/8/8 b - - 0 50,f5g5,6R1/8/2P2p2/p2p2r1/P2P3k/1PK3p1/8/8 w - - 1 51,g8h8 g5h5 h8h5 h4h5 c6c7,2214,hard,99,77,1410,advancedPawn crushing endgame long rookEndgame,approved,"Approved hard Advanced pawn tactics puzzle with popularity 99, 1410 plays, and rating deviation 77"
R6CfE,1r1rq2k/pp3pp1/7p/2PP1b1Q/4BP2/8/1B4PP/R5K1 b - - 2 27,e8e4,1r1r3k/pp3pp1/7p/2PP1b1Q/4qP2/8/1B4PP/R5K1 w - - 0 28,h5h6 h8g8 h6g7,1447,medium,100,75,3875,mate mateIn2 middlegame pin short,approved,"Approved medium Pin puzzle with popularity 100, 3875 plays, and rating deviation 75"
R7oOx,k5r1/1p2PR2/p1q5/8/2p4b/6B1/PP4PP/4R2K b - - 0 32,h4g3,k5r1/1p2PR2/p1q5/8/2p5/6b1/PP4PP/4R2K w - - 0 33,f7f8 a8a7 f8g8 g3e1 e7e8q c6e8 g8e8,1380,easy,100,74,4095,advancedPawn advantage endgame promotion veryLong,approved,"Approved easy Promotion puzzle with popularity 100, 4095 plays, and rating deviation 74"
R8I0H,r3k1nr/pb1p1p1p/2pP4/1p4p1/3P1p1q/1BP1BQ2/PP3P1P/R3K2R b KQkq - 3 16,f4e3,r3k1nr/pb1p1p1p/2pP4/1p4p1/3P3q/1BP1pQ2/PP3P1P/R3K2R w KQkq - 0 17,f3f7 e8d8 f7f8,1363,easy,100,77,4022,attackingF2F7 mate mateIn2 middlegame short,approved,"Approved easy Mate puzzle with popularity 100, 4022 plays, and rating deviation 77"
RBpFI,6k1/p4p2/1p3Qpp/8/2P1N1K1/1P2P1PP/8/3q4 w - - 3 42,f6f3,6k1/p4p2/1p4pp/8/2P1N1K1/1P2PQPP/8/3q4 b - - 4 42,f7f5 g4f4 g6g5 f4f5 d1f3,2137,hard,100,78,1009,crushing deflection endgame fork long,approved,"Approved hard Fork puzzle with popularity 100, 1009 plays, and rating deviation 78"
RFnYd,3r2k1/p5r1/2P4p/8/1QP2p2/5P1B/P4q1P/4R2K w - - 1 31,c6c7,3r2k1/p1P3r1/7p/8/1QP2p2/5P1B/P4q1P/4R2K b - - 0 31,f2f3 h3g2 f3g2,1349,easy,100,76,4601,endgame fork master mate mateIn2 short,approved,"Approved easy Fork puzzle with popularity 100, 4601 plays, and rating deviation 76"
RGpDi,rk6/8/1PPK4/8/8/8/8/8 b - - 2 55,a8a6,1k6/8/rPPK4/8/8/8/8/8 w - - 3 56,d6d7 a6b6 c6c7 b8a7 c7c8q,2024,hard,98,75,3883,advancedPawn crushing deflection endgame exposedKing long promotion rookEndgame,approved,"Approved hard Deflection puzzle with popularity 98, 3883 plays, and rating deviation 75"
RJpKc,8/6k1/2R1n3/5pBp/5P1P/r7/5K2/8 b - - 12 42,e6d4,8/6k1/2R5/5pBp/3n1P1P/r7/5K2/8 w - - 13 43,g5f6 g7f7 f6d4,1366,easy,100,75,4865,crushing endgame fork master short,approved,"Approved easy Fork puzzle with popularity 100, 4865 plays, and rating deviation 75"
RNXUh,2r5/3R4/2P1pkp1/2b2p1p/3p1P1P/5B2/2r3P1/4R2K b - - 1 40,c2c3,2r5/3R4/2P1pkp1/2b2p1p/3p1P1P/2r2B2/6P1/4R2K w - - 2 41,e1e6 f6e6 f3d5 e6f6 d7f7,2014,hard,100,75,1048,attraction endgame long mate mateIn3 sacrifice,approved,"Approved hard Sacrifice puzzle with popularity 100, 1048 plays, and rating deviation 75"
RX7U0,r4rk1/1p3ppp/p7/3Np3/4PR2/4Q2R/PPq3PP/6K1 b - - 0 21,e5f4,r4rk1/1p3ppp/p7/3N4/4Pp2/4Q2R/PPq3PP/6K1 w - - 0 22,d5e7 g8h8 h3h7 h8h7 e3h3,1544,medium,100,77,3734,anastasiaMate attraction endgame long mate mateIn3 sacrifice,approved,"Approved medium Sacrifice puzzle with popularity 100, 3734 plays, and rating deviation 77"
RXu0R,2Q4r/6p1/p3p1kp/1p2Npq1/1P1Pb3/P3P3/6PP/5RK1 b - - 9 26,g6h7,2Q4r/6pk/p3p2p/1p2Npq1/1P1Pb3/P3P3/6PP/5RK1 w - - 10 27,c8h8 h7h8 e5f7 h8h7 f7g5,1419,medium,100,75,3465,advantage attraction endgame fork long sacrifice,approved,"Approved medium Fork puzzle with popularity 100, 3465 plays, and rating deviation 75"
Rht8t,7r/8/1p6/p5PP/5PK1/P3k3/8/8 b - - 2 59,e3e4,7r/8/1p6/p5PP/4kPK1/P7/8/8 w - - 3 60,g5g6 b6b5 g6g7 h8g8 h5h6,2052,hard,99,76,2153,advancedPawn advantage endgame long rookEndgame,approved,"Approved hard Advanced pawn tactics puzzle with popularity 99, 2153 plays, and rating deviation 76"
RkQqg,4r1k1/P7/1N3npp/1R6/1N3K2/1P6/2P3b1/8 w - - 0 39,b4d5,4r1k1/P7/1N3npp/1R1N4/5K2/1P6/2P3b1/8 b - - 1 39,f6h5 f4g4 e8e4 d5f4 e4f4,2112,hard,100,78,1235,endgame hookMate long master mate mateIn3,approved,"Approved hard Mate puzzle with popularity 100, 1235 plays, and rating deviation 78"
RoWld,r2qk2r/pp1n1pp1/2p1p1p1/7n/2BPN3/4B3/PPP2PPb/R2Q1RK1 w kq - 0 13,g1h2,r2qk2r/pp1n1pp1/2p1p1p1/7n/2BPN3/4B3/PPP2PPK/R2Q1R2 b kq - 0 13,d8h4 h2g1 h4h1 g1h1 h5g3 h1g1 h8h1,2107,hard,99,78,1352,attraction doubleCheck fork mate mateIn4 middlegame sacrifice veryLong,approved,"Approved hard Fork puzzle with popularity 99, 1352 plays, and rating deviation 78"
Rpqco,2rr2k1/1b2q1p1/p2pp3/1p2n1QB/4n3/PPN5/1BP4P/4RR1K w - - 0 29,g5e7,2rr2k1/1b2Q1p1/p2pp3/1p2n2B/4n3/PPN5/1BP4P/4RR1K b - - 0 29,e4f2 h1g1 f2h3,2010,hard,100,76,1069,doubleCheck kingsideAttack mate mateIn2 middlegame short,approved,"Approved hard Mate puzzle with popularity 100, 1069 plays, and rating deviation 76"
RvTd0,8/1p6/p1p5/3p2P1/P2k3R/4r3/6K1/8 b - - 0 54,d4d3,8/1p6/p1p5/3p2P1/P6R/3kr3/6K1/8 w - - 1 55,h4h3 d5d4 g5g6 d3d2 g6g7 e3e8 h3h8,2150,hard,99,78,1516,advancedPawn crushing endgame rookEndgame veryLong,approved,"Approved hard Advanced pawn tactics puzzle with popularity 99, 1516 plays, and rating deviation 78"
RxTqJ,8/pr2B1pk/3P4/4P3/7P/8/2r2R2/5K2 b - - 0 48,c2f2,8/pr2B1pk/3P4/4P3/7P/8/5r2/5K2 w - - 0 49,f1f2 h7g6 e5e6 g6f5 d6d7,1569,medium,100,77,5249,advancedPawn advantage endgame long,approved,"Approved medium Advanced pawn tactics puzzle with popularity 100, 5249 plays, and rating deviation 77"
S5QCB,1rr3k1/5pPR/1q2b3/p2p2P1/n7/1PN2Q2/2P2P2/2KR4 b - - 0 25,c8c3,1r4k1/5pPR/1q2b3/p2p2P1/n7/1Pr2Q2/2P2P2/2KR4 w - - 0 26,h7h8 g8g7 f3f6,1592,medium,100,76,4037,killBoxMate mate mateIn2 middlegame short,approved,"Approved medium Mate puzzle with popularity 100, 4037 plays, and rating deviation 76"
S5iby,8/2n5/P1N2kPK/8/1P6/3p4/8/8 w - - 1 60,a6a7,8/P1n5/2N2kPK/8/1P6/3p4/8/8 b - - 0 60,d3d2 g6g7 d2d1q,1436,medium,100,76,4821,advancedPawn crushing endgame knightEndgame master promotion short,approved,"Approved medium Promotion puzzle with popularity 100, 4821 plays, and rating deviation 76"
S9ZyG,3r4/p1p5/2p1kp2/4pN2/1b2P1PR/1P3P2/P1P5/3K4 w - - 1 26,d1c1,3r4/p1p5/2p1kp2/4pN2/1b2P1PR/1P3P2/P1P5/2K5 b - - 2 26,b4a3 c1b1 d8d1,1490,medium,100,77,4042,endgame mate mateIn2 pillsburysMate short,approved,"Approved medium Mate puzzle with popularity 100, 4042 plays, and rating deviation 77"
SEE5v,8/5pkp/6p1/5n2/R4PK1/5P1P/8/8 w - - 5 41,a4a5,8/5pkp/6p1/R4n2/5PK1/5P1P/8/8 b - - 6 41,h7h5 g4g5 f7f6,1451,medium,100,76,3664,endgame mate mateIn2 short,approved,"Approved medium Mate puzzle with popularity 100, 3664 plays, and rating deviation 76"
SK3jG,8/8/P7/3p4/4k3/2Qp1qPK/8/8 b - - 2 49,d5d4,8/8/P7/8/3pk3/2Qp1qPK/8/8 w - - 0 50,c3c6 e4e3 c6f3 e3f3 a6a7 d3d2 a7a8q,1255,easy,100,74,3913,advancedPawn crushing endgame promotion queenEndgame veryLong,approved,"Approved easy Promotion puzzle with popularity 100, 3913 plays, and rating deviation 74"
SV1kB,8/p4Q1p/7k/2pPbB2/2P5/2K4P/PP3q2/8 w - - 14 42,c3b3,8/p4Q1p/7k/2pPbB2/2P5/1K5P/PP3q2/8 b - - 15 42,f2b2 b3a4 b2b4,1192,easy,100,77,6878,endgame mate mateIn2 short,approved,"Approved easy Mate puzzle with popularity 100, 6878 plays, and rating deviation 77"
SX6Fx,3rk2r/pRp2p1p/2n3pb/8/8/B1p2NQ1/P1P2PPP/1K2q3 w k - 0 18,f3e1,3rk2r/pRp2p1p/2n3pb/8/8/B1p3Q1/P1P2PPP/1K2N3 b k - 0 18,d8d1 a3c1 d1c1,1053,easy,100,78,5252,fork mate mateIn2 middlegame operaMate short,approved,"Approved easy Fork puzzle with popularity 100, 5252 plays, and rating deviation 78"
SdmW3,r2r1bk1/1p3ppp/p3p2B/2p1P3/6Q1/2PP1R2/Pq4PP/5RK1 b - - 1 18,d8d7,r4bk1/1p1r1ppp/p3p2B/2p1P3/6Q1/2PP1R2/Pq4PP/5RK1 w - - 2 19,h6g7 f8g7 f3g3 f7f5 e5f6,2186,hard,99,75,1032,advantage enPassant long middlegame pin quietMove sacrifice,approved,"Approved hard Pin puzzle with popularity 99, 1032 plays, and rating deviation 75"
Sgfx6,8/1p1k4/p3p3/P3P3/2BP2p1/1PP3R1/2K2rp1/8 w - - 2 33,c2d3,8/1p1k4/p3p3/P3P3/2BP2p1/1PPK2R1/5rp1/8 b - - 3 33,f2f3 g3f3 g4f3 d3e3 g2g1q,1382,easy,100,75,3905,advancedPawn crushing endgame long promotion,approved,"Approved easy Promotion puzzle with popularity 100, 3905 plays, and rating deviation 75"
SkFR7,3R4/5p1p/n4p1k/8/5q2/P6R/5PPP/6K1 b - - 10 29,h6g6,3R4/5p1p/n4pk1/8/5q2/P6R/5PPP/6K1 w - - 11 30,d8g8 g6f5 h3f3 f4f3 g2f3,1423,medium,100,77,4396,crushing endgame long pin,approved,"Approved medium Pin puzzle with popularity 100, 4396 plays, and rating deviation 77"
SqLTu,r3kb1r/1pq2p1p/p3bp2/3p4/8/5N2/PPP1PPPP/R2QKB1R w KQkq - 2 10,f3d4,r3kb1r/1pq2p1p/p3bp2/3p4/3N4/8/PPP1PPPP/R2QKB1R b KQkq - 3 10,f8b4 c2c3 b4c3 b2c3 c7c3 d1d2 c3a1,1423,medium,100,77,6571,advantage deflection middlegame veryLong,approved,"Approved medium Deflection puzzle with popularity 100, 6571 plays, and rating deviation 77"
SsCKw,5rk1/ppp2ppp/8/3NPp2/5P2/4P1q1/PPPK4/6RR b - - 0 17,g3f3,5rk1/ppp2ppp/8/3NPp2/5P2/4Pq2/PPPK4/6RR w - - 1 18,d5f6 g8h8 h1h7,1703,medium,100,77,3380,arabianMate endgame kingsideAttack mate mateIn2 pin short,approved,"Approved medium Pin puzzle with popularity 100, 3380 plays, and rating deviation 77"
StfjX,r2qr1k1/3bbppp/p3p3/1p1pN3/3P1B2/2P1R1Q1/PP3PPP/R5K1 b - - 1 17,f7f6,r2qr1k1/3bb1pp/p3pp2/1p1pN3/3P1B2/2P1R1Q1/PP3PPP/R5K1 w - - 0 18,g3g7 g8g7 e3g3 g7h8 e5f7,2198,hard,100,79,1087,attraction kingsideAttack long mate mateIn3 middlegame sacrifice,approved,"Approved hard Sacrifice puzzle with popularity 100, 1087 plays, and rating deviation 79"
TC62o,r1bqrn2/pp2bk2/4p3/3pP2Q/3P4/3n4/PP3PPP/R1B2RK1 b - - 1 18,f8g6,r1bqr3/pp2bk2/4p1n1/3pP2Q/3P4/3n4/PP3PPP/R1B2RK1 w - - 2 19,h5h7 f7f8 c1h6,1446,medium,100,76,3996,mate mateIn2 opening short,approved,"Approved medium Mate puzzle with popularity 100, 3996 plays, and rating deviation 76"
TKPXc,4rrk1/6pp/p7/5q2/2PQpp2/1P6/P4PPP/4RRK1 w - - 4 24,e1e2,4rrk1/6pp/p7/5q2/2PQpp2/1P6/P3RPPP/5RK1 b - - 5 24,f4f3 e2e3 f5g4 e3f3 f8f3,2121,hard,99,76,1069,advantage endgame long pin,approved,"Approved hard Pin puzzle with popularity 99, 1069 plays, and rating deviation 76"
TNcCS,5r1k/p2Q2pp/1p2B3/4p3/1q1pP3/3P2P1/PP5P/2R3K1 w - - 3 28,c1c8,2R2r1k/p2Q2pp/1p2B3/4p3/1q1pP3/3P2P1/PP5P/6K1 b - - 4 28,b4e1 g1g2 e1f1,1447,medium,100,76,3543,endgame mate mateIn2 short,approved,"Approved medium Mate puzzle with popularity 100, 3543 plays, and rating deviation 76"
TO81v,3rr1k1/1p3p2/p1bqpQp1/6Rp/7P/6R1/P4PPK/8 b - - 7 35,d6f8,3rrqk1/1p3p2/p1b1pQp1/6Rp/7P/6R1/P4PPK/8 w - - 8 36,g5g6 f7g6 f6g6 g8h8 g6h5 f8h6 h5h6,2060,hard,100,79,1030,mate mateIn4 middlegame sacrifice veryLong,approved,"Approved hard Sacrifice puzzle with popularity 100, 1030 plays, and rating deviation 79"
TjTxC,r1b2rk1/pp3ppq/8/3NP3/3b4/6Q1/PPP2PPP/R4RK1 b - - 0 18,c8e6,r4rk1/pp3ppq/4b3/3NP3/3b4/6Q1/PPP2PPP/R4RK1 w - - 1 19,d5f6 g8h8 f6h7,1448,medium,100,75,3404,crushing kingsideAttack middlegame pin short,approved,"Approved medium Pin puzzle with popularity 100, 3404 plays, and rating deviation 75"
Tkp9I,2r1r1k1/p4p1p/6p1/2PpP1q1/8/P7/2Q2PPP/2R2RK1 b - - 0 29,e8e5,2r3k1/p4p1p/6p1/2Ppr1q1/8/P7/2Q2PPP/2R2RK1 w - - 0 30,f2f4 g5e7 f4e5,1498,medium,100,76,3386,crushing endgame fork short,approved,"Approved medium Fork puzzle with popularity 100, 3386 plays, and rating deviation 76"
To9Bd,3r1r2/1R6/4N1pk/8/3p2P1/7P/P4b1K/3n4 b - - 0 35,d8e8,4rr2/1R6/4N1pk/8/3p2P1/7P/P4b1K/3n4 w - - 1 36,g4g5 h6h5 b7h7,1478,medium,100,77,4150,endgame mate mateIn2 short,approved,"Approved medium Mate puzzle with popularity 100, 4150 plays, and rating deviation 77"
Tuzwy,8/4r1p1/1R2N2k/p6n/8/r7/3K4/8 b - - 3 43,h6h7,8/4r1pk/1R2N3/p6n/8/r7/3K4/8 w - - 4 44,e6g5 h7h8 b6b8 e7e8 b8e8,1296,easy,100,76,4246,endgame long mate mateIn3,approved,"Approved easy Mate puzzle with popularity 100, 4246 plays, and rating deviation 76"
U3nka,r7/p1p4p/bp3Rk1/2Q3p1/2P2q2/1P4N1/P5PP/6K1 b - - 0 30,g6f6,r7/p1p4p/bp3k2/2Q3p1/2P2q2/1P4N1/P5PP/6K1 w - - 0 31,g3h5 f6f7 c5d5 f7e7 h5f4,2038,hard,99,76,1223,crushing endgame fork long,approved,"Approved hard Fork puzzle with popularity 99, 1223 plays, and rating deviation 76"
U4Emj,5r2/8/R4pk1/P2R3p/5P1K/r7/8/8 b - - 2 47,f8h8,7r/8/R4pk1/P2R3p/5P1K/r7/8/8 w - - 3 48,f4f5 g6h6 a6f6 h6g7 f6g6,2059,hard,100,77,1586,crushing deflection endgame long rookEndgame,approved,"Approved hard Deflection puzzle with popularity 100, 1586 plays, and rating deviation 77"
U65yH,3r4/1k4R1/p1np1p2/3p1P2/1P1PpP2/KPQ1P2p/P6q/8 b - - 1 35,b7b6,3r4/6R1/pknp1p2/3p1P2/1P1PpP2/KPQ1P2p/P6q/8 w - - 2 36,c3c5 d6c5 d4c5 b6b5 g7b7,2098,hard,99,75,1467,endgame long mate mateIn3 sacrifice,approved,"Approved hard Sacrifice puzzle with popularity 99, 1467 plays, and rating deviation 75"
U6rKB,2r2r2/ppP3p1/7p/3R1P2/2P1k3/6B1/P4PKP/8 b - - 0 32,f8f5,2r5/ppP3p1/7p/3R1r2/2P1k3/6B1/P4PKP/8 w - - 0 33,f2f3 f5f3 d5e5 e4d4 g2f3,2080,hard,99,75,1226,crushing deflection endgame long,approved,"Approved hard Deflection puzzle with popularity 99, 1226 plays, and rating deviation 75"
U836e,4rrk1/Q4ppp/4B2q/4p3/2P5/5R2/P1n2PPP/3R2K1 b - - 0 22,e8e6,5rk1/Q4ppp/4r2q/4p3/2P5/5R2/P1n2PPP/3R2K1 w - - 0 23,a7f7 f8f7 d1d8 e6e8 d8e8 f7f8 f3f8,1523,medium,100,76,4741,mate mateIn4 middlegame sacrifice veryLong,approved,"Approved medium Sacrifice puzzle with popularity 100, 4741 plays, and rating deviation 76"
U91LW,5R2/8/Pk6/3b4/8/4pp2/8/4K3 w - - 1 58,f8e8,4R3/8/Pk6/3b4/8/4pp2/8/4K3 b - - 2 58,f3f2 e1e2 d5c4 e2e3 f2f1q,1339,easy,100,75,5008,advancedPawn crushing deflection endgame exposedKing long master promotion,approved,"Approved easy Deflection puzzle with popularity 100, 5008 plays, and rating deviation 75"
UPfj4,6k1/pQ2np1p/3b2pB/8/3q1P1P/6P1/PPr5/4R2K b - - 1 29,d4f2,6k1/pQ2np1p/3b2pB/8/5P1P/6P1/PPr2q2/4R2K w - - 2 30,b7a8 c2c8 a8c8 e7c8 e1e8 d6f8 e8f8,1388,easy,100,75,5703,fork mate mateIn4 middlegame operaMate sacrifice veryLong,approved,"Approved easy Fork puzzle with popularity 100, 5703 plays, and rating deviation 75"
UPoTk,5Q1R/1kpq2r1/4p3/p2n4/1ppP4/2P5/PP2N3/K7 b - - 3 36,g7f7,5Q1R/1kpq1r2/4p3/p2n4/1ppP4/2P5/PP2N3/K7 w - - 4 37,f8a8 b7b6 h8b8,1468,medium,100,74,4299,endgame mate mateIn2 short,approved,"Approved medium Mate puzzle with popularity 100, 4299 plays, and rating deviation 74"
UPxPK,5Q2/1p5k/p6p/3p1Np1/2q3K1/8/P1P3PP/8 w - - 2 33,g4h5,5Q2/1p5k/p6p/3p1NpK/2q5/8/P1P3PP/8 b - - 3 33,c4e2 g2g4 e2h2 f5h4 h2h4,1365,easy,100,75,4243,endgame long mate mateIn3,approved,"Approved easy Mate puzzle with popularity 100, 4243 plays, and rating deviation 75"
UQYhM,r4b1r/pp1kn2p/2p3p1/3pQ3/3Bp3/1BN4b/PPP2PqP/2KR1R2 w - - 4 16,e5h8,r4b1Q/pp1kn2p/2p3p1/3p4/3Bp3/1BN4b/PPP2PqP/2KR1R2 b - - 0 16,f8h6 c1b1 a8h8,1350,easy,100,76,4480,advantage discoveredAttack middlegame short,approved,"Approved easy Discovered attack puzzle with popularity 100, 4480 plays, and rating deviation 76"
UaDyb,6kn/1pp1q1p1/p6p/3Pp2P/4P3/1Q4P1/5r2/1K1R1B2 b - - 2 30,b7b5,6kn/2p1q1p1/p6p/1p1Pp2P/4P3/1Q4P1/5r2/1K1R1B2 w - b6 0 31,d5d6 e7f7 b3f7 f2f7 d6d7,1330,easy,100,75,4344,advancedPawn advantage discoveredAttack discoveredCheck endgame long,approved,"Approved easy Discovered attack puzzle with popularity 100, 4344 plays, and rating deviation 75"
UaNdl,4r1k1/pp2pp1p/6pB/q1P1Q3/2P5/4R2P/P4bPK/3r4 b - - 1 24,f7f6,4r1k1/pp2p2p/5ppB/q1P1Q3/2P5/4R2P/P4bPK/3r4 w - - 0 25,e5e6 g8h8 e6f6 e7f6 e3e8,2075,hard,98,78,3555,discoveredAttack kingsideAttack long mate mateIn3 middlegame pillsburysMate sacrifice,approved,"Approved hard Discovered attack puzzle with popularity 98, 3555 plays, and rating deviation 78"
Uix0J,r2q2k1/5r1p/p2p1bp1/2pPp3/2p1N3/5PQ1/PP4PR/1K5R b - - 1 25,a8b8,1r1q2k1/5r1p/p2p1bp1/2pPp3/2p1N3/5PQ1/PP4PR/1K5R w - - 2 26,h2h7 f7h7 g3g6 h7g7 e4f6,2035,hard,99,77,1299,capturingDefender crushing kingsideAttack long middlegame sacrifice,approved,"Approved hard Sacrifice puzzle with popularity 99, 1299 plays, and rating deviation 77"
UkY10,r7/8/2Pp4/3P1kp1/5b2/4p2K/P1R5/3R4 w - - 1 46,c6c7,r7/2P5/3p4/3P1kp1/5b2/4p2K/P1R5/3R4 b - - 0 46,a8h8 h3g2 h8h2 g2f1 h2c2,1560,medium,100,77,2782,crushing endgame exposedKing long skewer,approved,"Approved medium Skewer puzzle with popularity 100, 2782 plays, and rating deviation 77"
UkkOu,r1b2rk1/ppqR1pp1/2p2n1p/6N1/8/P1N1P3/BPQ2PPP/5RK1 b - - 0 16,c8d7,r4rk1/ppqb1pp1/2p2n1p/6N1/8/P1N1P3/BPQ2PPP/5RK1 w - - 0 17,c3d5 c6d5 c2c7,2065,hard,99,76,1031,advantage discoveredAttack master middlegame short,approved,"Approved hard Discovered attack puzzle with popularity 99, 1031 plays, and rating deviation 76"
UnGDX,6rk/1p2qrp1/p3p1Qp/3p3R/3P3P/6R1/PPP2P2/2K5 b - - 6 25,f7f6,6rk/1p2q1p1/p3prQp/3p3R/3P3P/6R1/PPP2P2/2K5 w - - 7 26,h5h6 g7h6 g6g8,1341,easy,100,74,4387,endgame kingsideAttack mate mateIn2 short,approved,"Approved easy Mate puzzle with popularity 100, 4387 plays, and rating deviation 74"
Uxzqy,3rr3/pp3R1p/2p3pk/3q4/4n1Q1/2P3P1/1P3P1P/4R1K1 b - - 1 26,g6g5,3rr3/pp3R1p/2p4k/3q2p1/4n1Q1/2P3P1/1P3P1P/4R1K1 w - - 0 27,g4h3 h6g6 h3h7,1390,easy,100,75,5738,mate mateIn2 middlegame short triangleMate,approved,"Approved easy Mate puzzle with popularity 100, 5738 plays, and rating deviation 75"
V4vU0,6k1/4pp1p/6p1/4P3/2P2B2/pR2b2P/Q5P1/4q2K w - - 5 38,h1h2,6k1/4pp1p/6p1/4P3/2P2B2/pR2b2P/Q5PK/4q3 b - - 6 38,e3g1 h2h1 g1f2 h1h2 e1g1,2090,hard,98,76,2767,discoveredAttack discoveredCheck endgame long master mate mateIn3,approved,"Approved hard Discovered attack puzzle with popularity 98, 2767 plays, and rating deviation 76"
V5vPO,3R4/8/7P/5K2/k4P2/6r1/1p6/8 w - - 0 50,d8b8,1R6/8/7P/5K2/k4P2/6r1/1p6/8 b - - 1 50,g3b3 b8b3 a4b3 f5g6 b2b1q,1200,easy,100,76,5970,advancedPawn crushing endgame long promotion rookEndgame,approved,"Approved easy Promotion puzzle with popularity 100, 5970 plays, and rating deviation 76"
V660k,8/8/3p3P/3P4/5P1b/1k1K4/8/8 b - - 0 54,h4f6,8/8/3p1b1P/3P4/5P2/1k1K4/8/8 w - - 1 55,d3e4 b3c4 e4f5 f6b2 f5e6 b2c1 h6h7,2021,hard,98,77,4529,advancedPawn bishopEndgame crushing endgame veryLong,approved,"Approved hard Advanced pawn tactics puzzle with popularity 98, 4529 plays, and rating deviation 77"
V6R99,2r2rkb/pQ5p/5q1P/3pn1p1/5n2/1PN5/PBPP3R/2KR2N1 w - - 1 22,c3d5,2r2rkb/pQ5p/5q1P/3Nn1p1/5n2/1P6/PBPP3R/2KR2N1 b - - 0 22,e5d3 c1b1 f6b2,1437,medium,100,74,4570,discoveredAttack mate mateIn2 middlegame pin queensideAttack short,approved,"Approved medium Pin puzzle with popularity 100, 4570 plays, and rating deviation 74"
VFRWR,4rrk1/3p3p/b2N2P1/p4NQR/5PP1/2qR2K1/2P5/8 b - - 0 33,a6d3,4rrk1/3p3p/3N2P1/p4NQR/5PP1/2qb2K1/2P5/8 w - - 0 34,g6h7 g8h8 g5g8 f8g8 d6f7,2203,hard,98,80,2081,advancedPawn discoveredCheck doubleCheck long mate mateIn3 middlegame sacrifice,approved,"Approved hard Sacrifice puzzle with popularity 98, 2081 plays, and rating deviation 80"
VG9xO,1k1r2nr/pb2q1pp/1p6/1P6/2QN2P1/P1P4P/5P2/R3R1K1 b - - 2 23,e7c7,1k1r2nr/pbq3pp/1p6/1P6/2QN2P1/P1P4P/5P2/R3R1K1 w - - 3 24,c4c7 b8c7 d4e6 c7c8 e6d8,1549,medium,100,75,4197,advantage attraction fork long middlegame,approved,"Approved medium Fork puzzle with popularity 100, 4197 plays, and rating deviation 75"
VSYAO,2kq1r2/pppn4/6p1/2bP4/2B5/1P6/P4PPP/R2QRK2 w - - 2 22,d1g4,2kq1r2/pppn4/6p1/2bP4/2B3Q1/1P6/P4PPP/R3RK2 b - - 3 22,f8f2 f1g1 f2f4 g1h1 f4g4,1417,medium,100,76,3338,crushing discoveredAttack discoveredCheck long middlegame,approved,"Approved medium Discovered attack puzzle with popularity 100, 3338 plays, and rating deviation 76"
VYbvj,8/7k/N7/1p3p2/1P6/PB2n1pp/1B6/6K1 w - - 0 41,b2c1,8/7k/N7/1p3p2/1P6/PB2n1pp/8/2B3K1 b - - 1 41,h3h2 g1h1 e3g4 h1g2 g4f2 g2g3 h2h1q,2134,hard,98,76,1506,advancedPawn crushing endgame promotion quietMove veryLong,approved,"Approved hard Promotion puzzle with popularity 98, 1506 plays, and rating deviation 76"
VZcBJ,r1bq1rk1/2p1bpp1/p3p2p/1p2B3/2pPP1Q1/2R3P1/PP3PBP/5RK1 b - - 1 14,e7f6,r1bq1rk1/2p2pp1/p3pb1p/1p2B3/2pPP1Q1/2R3P1/PP3PBP/5RK1 w - - 2 15,e5f6 d8f6 e4e5 f6e7 g2a8,1427,medium,100,75,3687,advantage discoveredAttack long middlegame pin,approved,"Approved medium Pin puzzle with popularity 100, 3687 plays, and rating deviation 75"
VbfS5,r3k2r/pb1nqppp/1p2p3/2pPp3/P1P1B2n/B1P2P2/3QN1PP/R4RK1 b kq - 2 16,f7f5,r3k2r/pb1nq1pp/1p2p3/2pPpp2/P1P1B2n/B1P2P2/3QN1PP/R4RK1 w kq f6 0 17,d5d6 e7f7 e4b7,1353,easy,100,75,4177,advantage discoveredAttack middlegame short,approved,"Approved easy Discovered attack puzzle with popularity 100, 4177 plays, and rating deviation 75"
VccqF,2rqk2r/3nbpp1/p3pnB1/1p1p4/2pP1B2/2P1PN1P/PPQ2PP1/1K1R3R b k - 0 15,f7g6,2rqk2r/3nb1p1/p3pnp1/1p1p4/2pP1B2/2P1PN1P/PPQ2PP1/1K1R3R w k - 0 16,c2g6 e8f8 f3g5 d8e8 g5e6 f8g8 g6g7,1443,medium,100,75,4147,exposedKing mate mateIn4 middlegame veryLong,approved,"Approved medium Mate puzzle with popularity 100, 4147 plays, and rating deviation 75"
VgTK8,2k5/2p3P1/1p4R1/3K4/2P5/8/p7/4r3 b - - 5 51,e1e8,2k1r3/2p3P1/1p4R1/3K4/2P5/8/p7/8 w - - 6 52,g7g8q e8g8 g6g8 c8b7 g8g1,1410,medium,100,75,4386,advancedPawn crushing defensiveMove endgame long promotion,approved,"Approved medium Promotion puzzle with popularity 100, 4386 plays, and rating deviation 75"
Vi29f,2kr4/pq3pp1/2p4p/2P5/3p4/P2Q3P/5PP1/1R4K1 b - - 2 25,b7c7,2kr4/p1q2pp1/2p4p/2P5/3p4/P2Q3P/5PP1/1R4K1 w - - 3 26,d3a6 c8d7 b1b7,1421,medium,100,78,3520,crushing endgame pin short,approved,"Approved medium Pin puzzle with popularity 100, 3520 plays, and rating deviation 78"
Vkfa7,r6k/p3NR1p/4pn2/3p4/2qb2pB/8/6PP/1B2R2K b - - 5 33,c4c3,r6k/p3NR1p/4pn2/3p4/3b2pB/2q5/6PP/1B2R2K w - - 6 34,h4f6 d4f6 f7h7,1548,medium,100,75,3551,mate mateIn2 middlegame operaMate short,approved,"Approved medium Mate puzzle with popularity 100, 3551 plays, and rating deviation 75"
Vmkkl,8/8/6p1/1P2kp2/7r/2R2K2/5P2/8 w - - 0 41,b5b6,8/8/1P4p1/4kp2/7r/2R2K2/5P2/8 b - - 0 41,h4h3 f3g2 h3c3 b6b7 c3b3 b7b8q b3b8,1260,easy,100,75,3317,crushing endgame rookEndgame skewer veryLong,approved,"Approved easy Skewer puzzle with popularity 100, 3317 plays, and rating deviation 75"
Vnzyk,2krr3/pRp2ppp/2Q1b3/3n4/P2q4/B4B2/2P2PPP/4R1K1 b - - 3 21,e6d7,2krr3/pRpb1ppp/2Q5/3n4/P2q4/B4B2/2P2PPP/4R1K1 w - - 4 22,b7c7 d5c7 c6b7,2166,hard,99,78,1917,clearance mate mateIn2 middlegame queensideAttack sacrifice short,approved,"Approved hard Sacrifice puzzle with popularity 99, 1917 plays, and rating deviation 78"
VtoNX,7R/8/7P/8/6k1/8/5p1r/5K2 b - - 0 57,g4h5,7R/8/7P/7k/8/8/5p1r/5K2 w - - 1 58,h8g8 h5h6 g8h8 h6g5 h8h2,2201,hard,100,77,1092,crushing endgame long quietMove rookEndgame skewer,approved,"Approved hard Skewer puzzle with popularity 100, 1092 plays, and rating deviation 77"
VtvcA,4r3/1p2PR2/2p5/p5k1/P2PK3/1P5p/8/8 w - - 0 48,e4e5,4r3/1p2PR2/2p5/p3K1k1/P2P4/1P5p/8/8 b - - 1 48,h3h2 f7h7 e8e7,2075,hard,100,77,1657,advancedPawn crushing endgame rookEndgame short,approved,"Approved hard Advanced pawn tactics puzzle with popularity 100, 1657 plays, and rating deviation 77"
WHclj,N1b1r1k1/pp1p1ppp/3Q4/4P3/2qn4/8/P4PPP/R3R1K1 w - - 3 17,a1c1,N1b1r1k1/pp1p1ppp/3Q4/4P3/2qn4/8/P4PPP/2R1R1K1 b - - 4 17,d4e2 g1h1 e2c1,1392,easy,100,75,4247,advantage fork middlegame short,approved,"Approved easy Fork puzzle with popularity 100, 4247 plays, and rating deviation 75"
WKBJY,1r3r1k/1P3p1p/3Q2p1/4p3/3pP1N1/7P/5PPK/1q6 b - - 1 38,b1b7,1r3r1k/1q3p1p/3Q2p1/4p3/3pP1N1/7P/5PPK/8 w - - 0 39,d6f6 h8g8 g4h6,1151,easy,100,76,4814,endgame mate mateIn2 short,approved,"Approved easy Mate puzzle with popularity 100, 4814 plays, and rating deviation 76"
WKYIx,8/6pk/6N1/3P2pr/4K3/4P3/8/8 b - - 0 59,h5h4,8/6pk/6N1/3P2p1/4K2r/4P3/8/8 w - - 1 60,g6h4 g5h4 d5d6 h7g6 d6d7,2042,hard,99,75,1041,advancedPawn crushing endgame long,approved,"Approved hard Advanced pawn tactics puzzle with popularity 99, 1041 plays, and rating deviation 75"
WPUyb,2r5/1p3pkp/6p1/Pp1n4/1P1P4/7P/3RBPP1/5K2 w - - 6 32,e2b5,2r5/1p3pkp/6p1/PB1n4/1P1P4/7P/3R1PP1/5K2 b - - 0 32,c8c1 f1e2 d5c3 e2d3 c3b5,1177,easy,100,75,4354,advantage endgame fork long master,approved,"Approved easy Fork puzzle with popularity 100, 4354 plays, and rating deviation 75"
WSgyP,2rq2rk/pb3p1p/1p3PpQ/2p1P3/4PR2/2pB4/PP5P/R5K1 b - - 1 23,c3b2,2rq2rk/pb3p1p/1p3PpQ/2p1P3/4PR2/3B4/Pp5P/R5K1 w - - 0 24,h6h7 h8h7 f4h4,1414,medium,100,76,3363,attraction kingsideAttack mate mateIn2 middlegame sacrifice short,approved,"Approved medium Sacrifice puzzle with popularity 100, 3363 plays, and rating deviation 76"
WTnR2,7r/pR5p/2rbk1q1/3Npp2/7Q/2p2P2/P5PP/3R2K1 b - - 1 34,c3c2,7r/pR5p/2rbk1q1/3Npp2/7Q/5P2/P1p3PP/3R2K1 w - - 0 35,b7e7 d6e7 h4e7,1550,medium,100,76,3726,mate mateIn2 middlegame sacrifice short,approved,"Approved medium Sacrifice puzzle with popularity 100, 3726 plays, and rating deviation 76"
WTrXY,6rk/1b3Rp1/p1pq2Pp/Pp1p3Q/1P6/6RP/6PK/4r3 b - - 1 38,d6e5,6rk/1b3Rp1/p1p3Pp/Pp1pq2Q/1P6/6RP/6PK/4r3 w - - 2 39,h5h6 g7h6 f7h7,1423,medium,100,77,3557,kingsideAttack mate mateIn2 middlegame sacrifice short,approved,"Approved medium Sacrifice puzzle with popularity 100, 3557 plays, and rating deviation 77"
WZqS5,5r1B/3k3p/3n4/p2R4/5K2/1P3N2/3N1q1P/R2Q4 w - - 1 31,f4g4,5r1B/3k3p/3n4/p2R4/6K1/1P3N2/3N1q1P/R2Q4 b - - 2 31,f2g2 g4h5 g2g6 h5h4 f8f4 h4h3 g6g4,2057,hard,99,75,1084,mate mateIn4 middlegame veryLong,approved,"Approved hard Mate puzzle with popularity 99, 1084 plays, and rating deviation 75"
WafSW,3rrnk1/pb2b1pp/1qp1pN2/1p1nN1BQ/1P1P4/2PB4/P4PPP/R4RK1 b - - 0 18,e7f6,3rrnk1/pb4pp/1qp1pb2/1p1nN1BQ/1P1P4/2PB4/P4PPP/R4RK1 w - - 0 19,d3h7 f8h7 h5f7 g8h8 e5g6,2099,hard,100,76,1120,kingsideAttack long mate mateIn3 middlegame sacrifice,approved,"Approved hard Sacrifice puzzle with popularity 100, 1120 plays, and rating deviation 76"
Wjft4,b4r1k/5pp1/p3p1Np/1pQ5/1Pp1q3/7P/6RK/8 b - - 3 41,h8g8,b4rk1/5pp1/p3p1Np/1pQ5/1Pp1q3/7P/6RK/8 w - - 4 42,c5f8 g8h7 f8h8,1154,easy,100,75,9514,endgame mate mateIn2 short,approved,"Approved easy Mate puzzle with popularity 100, 9514 plays, and rating deviation 75"
WlwUS,8/1R6/5P2/4K1k1/8/p2P4/8/4r3 w - - 1 44,e5d4,8/1R6/5P2/6k1/3K4/p2P4/8/4r3 b - - 2 44,a3a2 b7a7 a2a1q a7a1 e1a1,1276,easy,100,76,3971,advancedPawn crushing endgame long promotion rookEndgame,approved,"Approved easy Promotion puzzle with popularity 100, 3971 plays, and rating deviation 76"
Wq8OW,r3kb1r/pp3ppp/1q1p4/6N1/2pnPBn1/2NP4/PPPQ2PP/R4RK1 w kq - 0 13,c3d5,r3kb1r/pp3ppp/1q1p4/3N2N1/2pnPBn1/3P4/PPPQ2PP/R4RK1 b kq - 1 13,d4e2 g1h1 b6g1 f1g1 g4f2,2180,hard,98,80,2870,doubleCheck kingsideAttack long mate mateIn3 middlegame sacrifice smotheredMate,approved,"Approved hard Sacrifice puzzle with popularity 98, 2870 plays, and rating deviation 80"
Wqfdj,2q3k1/R4p2/4p1p1/3pQ2p/P1rP4/7P/5PP1/6K1 w - - 0 30,e5f6,2q3k1/R4p2/4pQp1/3p3p/P1rP4/7P/5PP1/6K1 b - - 1 30,c4c1 g1h2 c8b8 f6e5 b8a7,1322,easy,100,75,4273,crushing endgame fork long,approved,"Approved easy Fork puzzle with popularity 100, 4273 plays, and rating deviation 75"
WuxN7,2r3kr/1N1b1ppp/p1nQ4/8/6B1/2P3Pq/P1P2P1P/3RR1K1 b - - 0 21,d7g4,2r3kr/1N3ppp/p1nQ4/8/6b1/2P3Pq/P1P2P1P/3RR1K1 w - - 0 22,d6d8 c8d8 d1d8 c6d8 e1e8,2023,hard,98,77,2605,backRankMate long mate mateIn3 middlegame sacrifice,approved,"Approved hard Sacrifice puzzle with popularity 98, 2605 plays, and rating deviation 77"
Wvenm,r1b2R2/pp1k3p/1bp2B2/8/1Pr5/8/P5PP/4R2K b - - 1 29,b6f2,r1b2R2/pp1k3p/2p2B2/8/1Pr5/8/P4bPP/4R2K w - - 2 30,e1e7 d7d6 f8d8 c8d7 d8d7,2038,hard,99,76,1885,long mate mateIn3 middlegame,approved,"Approved hard Mate puzzle with popularity 99, 1885 plays, and rating deviation 76"
Wyo4y,1k1r4/1p5p/6p1/8/1PnB4/R2pP1PP/5P2/3K4 w - - 5 31,a3a4,1k1r4/1p5p/6p1/8/RPnB4/3pP1PP/5P2/3K4 b - - 6 31,d8d4 e3d4 c4b2 d1d2 b2a4,1495,medium,100,75,3740,advantage endgame exposedKing fork long sacrifice,approved,"Approved medium Fork puzzle with popularity 100, 3740 plays, and rating deviation 75"
WzNXU,4rrk1/2p2pp1/2p2Nnp/p3P2Q/8/3P3R/Pq4PP/4R1K1 b - - 1 20,g8h8,4rr1k/2p2pp1/2p2Nnp/p3P2Q/8/3P3R/Pq4PP/4R1K1 w - - 2 21,h5h6 g7h6 h3h6 h8g7 h6h7,1328,easy,100,74,6410,hookMate kingsideAttack long mate mateIn3 middlegame sacrifice,approved,"Approved easy Sacrifice puzzle with popularity 100, 6410 plays, and rating deviation 74"
X1pV9,6k1/pp3ppp/3p4/3Pn1P1/8/2P3Q1/P2qr2P/1R3R1K w - - 4 26,b1b7,6k1/pR3ppp/3p4/3Pn1P1/8/2P3Q1/P2qr2P/5R1K b - - 0 26,d2d5 g3f3 e2h2 h1h2 e5f3,2108,hard,100,74,1041,attraction crushing deflection endgame fork long,approved,"Approved hard Fork puzzle with popularity 100, 1041 plays, and rating deviation 74"
X5c5O,5rk1/p1R2ppp/1p3q2/nB4r1/1Q6/5P2/P4P1P/4RK2 b - - 6 23,f6f3,5rk1/p1R2ppp/1p6/nB4r1/1Q6/5q2/P4P1P/4RK2 w - - 0 24,b4f8 g8f8 c7c8,1225,easy,100,75,4112,attraction mate mateIn2 middlegame sacrifice short,approved,"Approved easy Sacrifice puzzle with popularity 100, 4112 plays, and rating deviation 75"
X7byR,5k2/R7/1P6/P6p/4pp1P/1r6/8/4K3 b - - 2 55,f4f3,5k2/R7/1P6/P6p/4p2P/1r3p2/8/4K3 w - - 0 56,b6b7 b3b1 e1f2,1509,medium,100,76,4626,advancedPawn crushing endgame rookEndgame short,approved,"Approved medium Advanced pawn tactics puzzle with popularity 100, 4626 plays, and rating deviation 76"
XDQto,5rk1/3R1r1p/pq3P1Q/n1bB1p2/5P2/2P5/P6P/5R1K b - - 0 31,g8h8,5r1k/3R1r1p/pq3P1Q/n1bB1p2/5P2/2P5/P6P/5R1K w - - 1 32,h6g7 f7g7 f6g7,2039,hard,99,77,1325,advancedPawn mate mateIn2 middlegame sacrifice short,approved,"Approved hard Sacrifice puzzle with popularity 99, 1325 plays, and rating deviation 77"
XIdpN,8/8/8/2pnBkp1/4n3/3K1N1P/6P1/8 b - - 4 42,d5b6,8/8/1n6/2p1Bkp1/4n3/3K1N1P/6P1/8 w - - 5 43,g2g4 f5g6 d3e4,1242,easy,100,75,5999,crushing deflection endgame short,approved,"Approved easy Deflection puzzle with popularity 100, 5999 plays, and rating deviation 75"
XJ6TL,2n5/2P3p1/3k3p/3pN3/5K2/4P2P/6P1/8 w - - 4 48,f4f5,2n5/2P3p1/3k3p/3pNK2/8/4P2P/6P1/8 b - - 5 48,c8e7 f5f4 g7g5 f4f3 d6e5,2026,hard,100,76,1286,crushing deflection endgame knightEndgame long master,approved,"Approved hard Deflection puzzle with popularity 100, 1286 plays, and rating deviation 76"
XKyQ4,r1b2r1k/3pN1pp/p7/1p2p3/1P2PP2/P1K5/q3Q3/3R3R b - - 0 31,a2e2,r1b2r1k/3pN1pp/p7/1p2p3/1P2PP2/P1K5/4q3/3R3R w - - 0 32,h1h7 h8h7 d1h1 e2h2 h1h2,1647,medium,100,77,3391,anastasiaMate attraction long mate mateIn3 middlegame sacrifice,approved,"Approved medium Sacrifice puzzle with popularity 100, 3391 plays, and rating deviation 77"
XTJuF,5r2/R4P2/p2k2P1/1r1p4/5K2/4P3/8/8 b - - 2 53,b5a5,5r2/R4P2/p2k2P1/r2p4/5K2/4P3/8/8 w - - 3 54,g6g7 f8f7 a7f7,1202,easy,100,75,13527,advancedPawn crushing endgame rookEndgame short,approved,"Approved easy Advanced pawn tactics puzzle with popularity 100, 13527 plays, and rating deviation 75"
XXp6g,2r4k/2p5/pp2PNp1/2p2n1p/5P2/7P/PPP3q1/2KRR3 b - - 2 28,h8g7,2r5/2p3k1/pp2PNp1/2p2n1p/5P2/7P/PPP3q1/2KRR3 w - - 3 29,d1d7 f5e7 d7e7 g7f6 e7f7,2091,hard,100,77,1367,endgame long mate mateIn3,approved,"Approved hard Mate puzzle with popularity 100, 1367 plays, and rating deviation 77"
XmDXX,7k/2b2qp1/p6p/2pR4/4pP1Q/P3P3/1B4PP/6K1 b - - 0 29,f7d5,7k/2b3p1/p6p/2pq4/4pP1Q/P3P3/1B4PP/6K1 w - - 0 30,h4h6 h8g8 h6g7,1408,medium,100,75,3604,endgame mate mateIn2 pin short,approved,"Approved medium Pin puzzle with popularity 100, 3604 plays, and rating deviation 75"
XpdRd,8/5p2/5P2/1P1k2P1/8/3b2K1/8/8 b - - 0 43,d3b5,8/5p2/5P2/1b1k2P1/8/6K1/8/8 w - - 0 44,g5g6 d5e6 g6g7 e6f6 g7g8q,1168,easy,100,76,4339,advancedPawn bishopEndgame crushing endgame long promotion,approved,"Approved easy Promotion puzzle with popularity 100, 4339 plays, and rating deviation 76"
XvhqG,5bk1/5p1p/p1N1bn2/2p5/P1N4q/1P2Q2P/2P4K/4R3 w - - 1 39,e3g3,5bk1/5p1p/p1N1bn2/2p5/P1N4q/1P4QP/2P4K/4R3 b - - 2 39,f6g4 g3g4 e6g4,2079,hard,100,79,1528,crushing middlegame pin short,approved,"Approved hard Pin puzzle with popularity 100, 1528 plays, and rating deviation 79"
Xw11f,8/8/1pbk2p1/P3r2p/2R1PK1P/P7/8/8 b - - 0 37,b6a5,8/8/2bk2p1/p3r2p/2R1PK1P/P7/8/8 w - - 0 38,c4c6 d6c6 f4e5 g6g5 h4g5,1480,medium,100,75,3931,crushing deflection endgame long,approved,"Approved medium Deflection puzzle with popularity 100, 3931 plays, and rating deviation 75"
XwD3t,rnb1k2r/ppp3p1/4q2p/4Qp2/7B/2P1bN2/P1P3PP/RK3B1R w kq - 1 15,e5g7,rnb1k2r/ppp3Q1/4q2p/5p2/7B/2P1bN2/P1P3PP/RK3B1R b kq - 0 15,e6b6 f1b5 b6b5,1002,easy,100,76,6700,mate mateIn2 middlegame short,approved,"Approved easy Mate puzzle with popularity 100, 6700 plays, and rating deviation 76"
XxwyZ,r4b2/2k2p2/2b1n2q/2p1N3/pp2P3/3P2QB/PPP5/1K3R2 b - - 3 30,f8d6,r7/2k2p2/2bbn2q/2p1N3/pp2P3/3P2QB/PPP5/1K3R2 w - - 4 31,f1f7 c7b6 e5c4 b6a6 g3d6,2017,hard,98,77,2203,advantage discoveredAttack exposedKing fork long middlegame pin,approved,"Approved hard Fork puzzle with popularity 98, 2203 plays, and rating deviation 77"
Y0eDs,6k1/2pr2p1/3r3p/R2P4/P7/3B2P1/2P3K1/8 b - - 0 45,d6d5,6k1/2pr2p1/7p/R2r4/P7/3B2P1/2P3K1/8 w - - 0 46,a5d5 d7d5 d3c4,2105,hard,98,75,2511,crushing endgame pin short,approved,"Approved hard Pin puzzle with popularity 98, 2511 plays, and rating deviation 75"
Y0k3G,3r2k1/4R3/1R6/4p1P1/P3P2P/2p2P2/1pP5/1K6 w - - 7 53,e7e5,3r2k1/8/1R6/4R1P1/P3P2P/2p2P2/1pP5/1K6 b - - 0 53,d8d1 b1a2 d1a1 a2b3 b2b1q,1482,medium,100,76,3543,advancedPawn crushing deflection endgame long promotion rookEndgame,approved,"Approved medium Deflection puzzle with popularity 100, 3543 plays, and rating deviation 76"
Y0x7B,r1r2k2/2q1p3/3p1nQ1/3N4/4P3/5P2/1pP3RP/1K6 b - - 1 26,c7c4,r1r2k2/4p3/3p1nQ1/3N4/2q1P3/5P2/1pP3RP/1K6 w - - 2 27,g6g7 f8e8 g7e7,1475,medium,100,77,3809,mate mateIn2 middlegame short,approved,"Approved medium Mate puzzle with popularity 100, 3809 plays, and rating deviation 77"
Y2UUk,5rk1/pp3b1p/5rPq/3pN1R1/3PpP2/8/P1P4Q/2K3R1 b - - 0 27,h6h2,5rk1/pp3b1p/5rP1/3pN1R1/3PpP2/8/P1P4q/2K3R1 w - - 0 28,g6f7 g8h8 g5g8 f8g8 g1g8,1410,medium,100,77,3843,advancedPawn discoveredCheck doubleCheck long mate mateIn3 middlegame,approved,"Approved medium Mate puzzle with popularity 100, 3843 plays, and rating deviation 77"
Y2wGz,r1b2r2/pp2bkpQ/4pp2/2qpP3/2N5/6R1/P5PP/5R1K b - - 3 23,c5c4,r1b2r2/pp2bkpQ/4pp2/3pP3/2q5/6R1/P5PP/5R1K w - - 0 24,h7g6 f7g8 g6g7,2102,hard,100,76,1333,mate mateIn2 middlegame pin short,approved,"Approved hard Pin puzzle with popularity 100, 1333 plays, and rating deviation 76"
YGwcZ,6k1/6p1/p7/1p3n1p/4NP1q/P2P1Q2/1PP2K1P/8 w - - 4 34,f2e2,6k1/6p1/p7/1p3n1p/4NP1q/P2P1Q2/1PP1K2P/8 b - - 5 34,f5d4 e2e3 d4f3,1249,easy,100,75,4971,crushing endgame fork master short,approved,"Approved easy Fork puzzle with popularity 100, 4971 plays, and rating deviation 75"
YIQz7,5r1k/2p1q1pp/r4b2/3B2n1/1P1P4/B1P2R2/2Q3PP/RN4K1 w - - 1 21,f3f1,5r1k/2p1q1pp/r4b2/3B2n1/1P1P4/B1P5/2Q3PP/RN3RK1 b - - 2 21,f6d4 c3d4 e7e3 c2f2 f8f2,2004,hard,99,77,1048,crushing kingsideAttack long middlegame sacrifice,approved,"Approved hard Sacrifice puzzle with popularity 99, 1048 plays, and rating deviation 77"
YLNfg,4r1k1/1p6/p2q1n1Q/5p2/1PPp4/P2P1B1P/1B3P2/2R1K3 w - - 0 31,e1d2,4r1k1/1p6/p2q1n1Q/5p2/1PPp4/P2P1B1P/1B1K1P2/2R5 b - - 1 31,f6e4 d3e4 d6h6,1349,easy,100,74,4894,advantage discoveredAttack middlegame short,approved,"Approved easy Discovered attack puzzle with popularity 100, 4894 plays, and rating deviation 74"
YOCvT,8/5p1k/1p2bQp1/p4P1p/8/7P/6PK/3q4 b - - 0 54,d1f1,8/5p1k/1p2bQp1/p4P1p/8/7P/6PK/5q2 w - - 1 55,f5g6 f7g6 f6f1,1368,easy,100,76,3978,crushing discoveredAttack endgame short,approved,"Approved easy Discovered attack puzzle with popularity 100, 3978 plays, and rating deviation 76"
YP6DB,3rnQ2/3q2Rk/1p1b1P1p/p1p1p3/P3P3/4P2P/1P5K/6R1 b - - 0 37,e8g7,3r1Q2/3q2nk/1p1b1P1p/p1p1p3/P3P3/4P2P/1P5K/6R1 w - - 0 38,g1g7 d7g7 f8g7,1396,easy,100,75,4054,endgame fork mate mateIn2 short,approved,"Approved easy Fork puzzle with popularity 100, 4054 plays, and rating deviation 75"
YQqSg,8/1p6/p7/PP3k2/2P4p/8/5K2/8 b - - 0 52,f5e4,8/1p6/p7/PP6/2P1k2p/8/5K2/8 w - - 1 53,c4c5 e4d5 c5c6 b7c6 b5a6,2009,hard,98,75,2496,crushing deflection endgame long pawnEndgame quietMove,approved,"Approved hard Deflection puzzle with popularity 98, 2496 plays, and rating deviation 75"
YS0wW,r5nQ/1p3k2/p4pR1/2p1pPn1/4P3/P1P5/1P4PK/1q6 b - - 13 40,b1e4,r5nQ/1p3k2/p4pR1/2p1pPn1/4q3/P1P5/1P4PK/8 w - - 0 41,g6g7 f7f8 h8g8,2156,hard,98,77,2333,endgame exposedKing mate mateIn2 short,approved,"Approved hard Mate puzzle with popularity 98, 2333 plays, and rating deviation 77"
YYrj5,rn2r1k1/5pp1/2p3qp/1p3b2/pb1PN3/P5P1/1PQN1PBP/2R1R1K1 b - - 0 18,b4d2,rn2r1k1/5pp1/2p3qp/1p3b2/p2PN3/P5P1/1PQb1PBP/2R1R1K1 w - - 0 19,e4f6 g6f6 e1e8,2145,hard,98,79,2423,advantage discoveredAttack kingsideAttack middlegame short,approved,"Approved hard Discovered attack puzzle with popularity 98, 2423 plays, and rating deviation 79"
YcvxH,3r4/5p1p/6pk/4R3/3N1nP1/7P/PP3K2/8 w - - 0 32,d4e2,3r4/5p1p/6pk/4R3/5nP1/7P/PP2NK2/8 b - - 1 32,f4d3 f2e3 d3e5,1397,easy,100,77,5444,advantage endgame fork short,approved,"Approved easy Fork puzzle with popularity 100, 5444 plays, and rating deviation 77"
YgRnX,7R/P4pp1/4p1k1/4P3/5n2/6p1/1r5r/R3N1K1 w - - 2 39,a7a8q,Q6R/5pp1/4p1k1/4P3/5n2/6p1/1r5r/R3N1K1 b - - 0 39,f4e2 g1f1 h2f2,2087,hard,99,75,1438,mate mateIn2 middlegame short,approved,"Approved hard Mate puzzle with popularity 99, 1438 plays, and rating deviation 75"
Yi9wf,r2q1rk1/1b3p2/4N1p1/p2p3n/Pp1P4/4PQ2/1P3P1P/2R1K1R1 b - - 0 24,f7e6,r2q1rk1/1b6/4p1p1/p2p3n/Pp1P4/4PQ2/1P3P1P/2R1K1R1 w - - 0 25,f3h5 f8f6 g1g6 f6g6 h5g6,2152,hard,100,77,1097,crushing exposedKing kingsideAttack long middlegame pin,approved,"Approved hard Pin puzzle with popularity 100, 1097 plays, and rating deviation 77"
YkM7B,8/7R/1p2p1k1/p1b1B3/P1P2P2/1PK5/4r3/8 w - - 23 56,h7d7,8/3R4/1p2p1k1/p1b1B3/P1P2P2/1PK5/4r3/8 b - - 24 56,c5b4 c3d3 e2d2 d3e4 d2d7,1373,easy,100,76,3553,crushing endgame long skewer,approved,"Approved easy Skewer puzzle with popularity 100, 3553 plays, and rating deviation 76"
YtJsl,r5k1/3R3p/1p2p1p1/p2p4/8/PP1Pq3/1B4PP/5R1K b - - 2 26,e3d3,r5k1/3R3p/1p2p1p1/p2p4/8/PP1q4/1B4PP/5R1K w - - 0 27,d7g7 g8h8 g7a7 d5d4 a7a8,2003,hard,100,76,1151,crushing discoveredAttack endgame long,approved,"Approved hard Discovered attack puzzle with popularity 100, 1151 plays, and rating deviation 76"
Yu3nP,8/Q1k2p2/p2pbN2/1p2p3/4P2q/1P1P1B1P/P5PK/2r5 b - - 9 43,c7d8,3k4/Q4p2/p2pbN2/1p2p3/4P2q/1P1P1B1P/P5PK/2r5 w - - 10 44,a7b8 d8e7 b8e8 e7f6 e8d8 f6g7 d8h4,2092,hard,98,76,1389,crushing endgame exposedKing sacrifice skewer veryLong,approved,"Approved hard Skewer puzzle with popularity 98, 1389 plays, and rating deviation 76"
Yxv4P,2r5/p1p3kR/1p1p2p1/3q4/3b4/8/P1Q2rR1/7K b - - 0 29,g7h7,2r5/p1p4k/1p1p2p1/3q4/3b4/8/P1Q2rR1/7K w - - 0 30,c2g6 h7h8 g6h6,1400,medium,100,76,4472,endgame mate mateIn2 short,approved,"Approved medium Mate puzzle with popularity 100, 4472 plays, and rating deviation 76"
Z2Da9,r5k1/1pq1bpp1/p1p2n1p/4p2P/4P1bB/2N3Q1/PPP1BPP1/2KR4 b - - 0 17,g4h5,r5k1/1pq1bpp1/p1p2n1p/4p2b/4P2B/2N3Q1/PPP1BPP1/2KR4 w - - 0 18,h4f6 e7f6 e2h5,1315,easy,100,75,5183,advantage capturingDefender intermezzo middlegame pin short,approved,"Approved easy Pin puzzle with popularity 100, 5183 plays, and rating deviation 75"
Z2PVU,3r4/6p1/1pR3p1/4k3/1P2N2r/P4P1n/5PKP/7R w - - 5 32,c6g6,3r4/6p1/1p4R1/4k3/1P2N2r/P4P1n/5PKP/7R b - - 0 32,h3f4 g2g3 f4g6,1107,easy,100,76,13109,advantage endgame fork short,approved,"Approved easy Fork puzzle with popularity 100, 13109 plays, and rating deviation 76"
Z6pek,3r3r/pk3pQ1/1p2p3/6q1/8/P1P5/4nPPP/R4R1K w - - 0 22,g7g5,3r3r/pk3p2/1p2p3/6Q1/8/P1P5/4nPPP/R4R1K b - - 0 22,h8h2 h1h2 d8h8 g5h4 h8h4,1265,easy,100,75,5334,anastasiaMate attraction endgame long mate mateIn3 sacrifice,approved,"Approved easy Sacrifice puzzle with popularity 100, 5334 plays, and rating deviation 75"
ZDfj6,1r6/8/7p/1p1Pkp2/2n3P1/1R1K3P/5B2/8 b - - 0 43,f5g4,1r6/8/7p/1p1Pk3/2n3p1/1R1K3P/5B2/8 w - - 0 44,f2g3 e5d5 g3b8,1458,medium,100,75,4171,crushing endgame short skewer,approved,"Approved medium Skewer puzzle with popularity 100, 4171 plays, and rating deviation 75"
ZF3EI,4rr1k/2p3pp/p4q2/1p6/8/1Q6/PP2RPPP/R5K1 w - - 5 25,a1e1,4rr1k/2p3pp/p4q2/1p6/8/1Q6/PP2RPPP/4R1K1 b - - 6 25,f6f2 e2f2 e8e1 f2f1 e1f1,1500,medium,100,74,3401,deflection endgame long mate mateIn3 sacrifice,approved,"Approved medium Deflection puzzle with popularity 100, 3401 plays, and rating deviation 74"
ZJU2m,4r1rk/1b2b2p/p4n2/2p1pP2/1pQ5/1P1N3q/P1BR2P1/2B1R1K1 w - - 0 29,d3e5,4r1rk/1b2b2p/p4n2/2p1NP2/1pQ5/1P5q/P1BR2P1/2B1R1K1 b - - 0 29,g8g2 d2g2 h3g2,1302,easy,100,75,4090,kingsideAttack mate mateIn2 middlegame short,approved,"Approved easy Mate puzzle with popularity 100, 4090 plays, and rating deviation 75"
ZLspT,2r5/5r1k/p5p1/1p4Q1/3R2p1/8/PPq4P/KR6 w - - 2 31,d4g4,2r5/5r1k/p5p1/1p4Q1/6R1/8/PPq4P/KR6 b - - 0 31,c2b1 a1b1 f7f1 g5c1 f1c1,1411,medium,100,75,3767,attraction endgame long mate mateIn3 sacrifice,approved,"Approved medium Sacrifice puzzle with popularity 100, 3767 plays, and rating deviation 75"
ZMyOz,2B5/8/1k5R/p2pP3/3P4/b1pr4/8/K7 b - - 1 43,b6b5,2B5/8/7R/pk1pP3/3P4/b1pr4/8/K7 w - - 2 44,c8a6 b5a4 a6d3 c3c2 d3c2,1443,medium,100,75,3375,crushing endgame long skewer,approved,"Approved medium Skewer puzzle with popularity 100, 3375 plays, and rating deviation 75"
ZOWhk,8/7k/3B3p/2P2K1P/p1n3p1/6P1/8/8 w - - 1 51,d6e5,8/7k/7p/2P1BK1P/p1n3p1/6P1/8/8 b - - 2 51,c4e5 f5e5 a4a3 c5c6 a3a2 c6c7 a2a1q,1468,medium,100,75,4704,advancedPawn crushing endgame promotion veryLong,approved,"Approved medium Promotion puzzle with popularity 100, 4704 plays, and rating deviation 75"
ZV3pY,8/6pk/p3Q2p/1p1p4/3Pnq2/2P2N2/PP4PP/6K1 w - - 3 37,g1h1,8/6pk/p3Q2p/1p1p4/3Pnq2/2P2N2/PP4PP/7K b - - 4 37,f4c1 f3e1 c1e1,1138,easy,100,79,7215,backRankMate endgame mate mateIn2 short,approved,"Approved easy Mate puzzle with popularity 100, 7215 plays, and rating deviation 79"
ZZRDX,2r3k1/pQ4pp/4p3/5p1P/5P2/3r4/PP3q1P/1Rn2K1B w - - 0 25,f1f2,2r3k1/pQ4pp/4p3/5p1P/5P2/3r4/PP3K1P/1Rn4B b - - 0 25,c8c2 f2e1 c2e2 e1f1 d3d1,1460,medium,100,74,5596,endgame exposedKing long mate mateIn3,approved,"Approved medium Mate puzzle with popularity 100, 5596 plays, and rating deviation 74"
Zbhfg,4R3/2P5/3K1k2/8/5p2/8/8/2r5 b - - 2 56,f6f5,4R3/2P5/3K4/5k2/5p2/8/8/2r5 w - - 3 57,e8e5 f5g4 e5c5 c1c5 d6c5 f4f3 c7c8q,2048,hard,99,77,1376,advancedPawn crushing endgame promotion rookEndgame veryLong,approved,"Approved hard Promotion puzzle with popularity 99, 1376 plays, and rating deviation 77"
Zcp3Y,8/4rkb1/Q6q/Pp4R1/2pp4/3P3P/1PP3PK/8 w - - 1 39,a6b5,8/4rkb1/7q/PQ4R1/2pp4/3P3P/1PP3PK/8 b - - 0 39,g7e5 g5e5 h6f4 g2g3 f4e5 b5e5 e7e5,2217,hard,100,76,1222,attraction crushing endgame sacrifice veryLong,approved,"Approved hard Sacrifice puzzle with popularity 100, 1222 plays, and rating deviation 76"
ZdDoT,2K5/7R/8/7R/8/1r3pb1/5k2/8 w - - 1 57,h5g5,2K5/7R/8/6R1/8/1r3pb1/5k2/8 b - - 2 57,b3b8 c8d7 b8b7 d7e6 b7h7,1465,medium,100,76,2818,crushing endgame long skewer,approved,"Approved medium Skewer puzzle with popularity 100, 2818 plays, and rating deviation 76"
ZkDCE,8/pkp5/1pn2p2/3r4/3Pq3/1PB3Q1/2PR2PP/6K1 w - - 6 26,g3d3,8/pkp5/1pn2p2/3r4/3Pq3/1PBQ4/2PR2PP/6K1 b - - 7 26,e4e1 d3f1 e1e3 f1f2 e3c3,1466,medium,100,76,3607,advantage endgame fork long,approved,"Approved medium Fork puzzle with popularity 100, 3607 plays, and rating deviation 76"
ZkGZ7,8/4Rpbk/6p1/1P5p/p2pQP1P/q1r3P1/7K/4R3 w - - 0 42,e7f7,8/5Rbk/6p1/1P5p/p2pQP1P/q1r3P1/7K/4R3 b - - 0 42,a3a2 e1e2 a2f7,2012,hard,99,76,1369,advantage endgame fork master short,approved,"Approved hard Fork puzzle with popularity 99, 1369 plays, and rating deviation 76"
Zm7Ng,6rk/7p/1p1pN2P/3P1P2/p1n1P3/Pn4q1/1PB1Q3/1K5R w - - 0 35,e2c4,6rk/7p/1p1pN2P/3P1P2/p1Q1P3/Pn4q1/1PB5/1K5R b - - 0 35,b3d2 b1a2 d2c4,955,easy,100,77,15546,crushing fork middlegame short,approved,"Approved easy Fork puzzle with popularity 100, 15546 plays, and rating deviation 77"
ZpyS3,2R5/5Rpk/p3r3/1p2p2p/6qP/4P1N1/PP3P2/6K1 b - - 0 33,g4h4,2R5/5Rpk/p3r3/1p2p2p/7q/4P1N1/PP3P2/6K1 w - - 0 34,f7g7 h7g7 g3f5 g7f6 f5h4,1431,medium,100,75,4656,advantage attraction endgame fork long sacrifice,approved,"Approved medium Fork puzzle with popularity 100, 4656 plays, and rating deviation 75"
Zr9vc,2r5/p4pkp/6p1/4P3/3pBR2/1q2n3/2PQ2PP/2K4R w - - 0 24,d2d4,2r5/p4pkp/6p1/4P3/3QBR2/1q2n3/2P3PP/2K4R b - - 0 24,c8c2 e4c2 b3c2,1402,medium,100,76,4268,master mate mateIn2 middlegame short,approved,"Approved medium Mate puzzle with popularity 100, 4268 plays, and rating deviation 76"
ZrX4f,r2q1rk1/1ppb4/p1n1p1pQ/2b1P3/8/P4N2/1PP2PPP/R2R2K1 b - - 0 17,c6e5,r2q1rk1/1ppb4/p3p1pQ/2b1n3/8/P4N2/1PP2PPP/R2R2K1 w - - 0 18,f3e5 d8f6 e5d7 c5f2 g1h1,2162,hard,99,76,1272,advantage fork hangingPiece long middlegame,approved,"Approved hard Fork puzzle with popularity 99, 1272 plays, and rating deviation 76"
ZsAx3,r1r2k2/pp1b1p2/4pQ2/3pN3/5P2/2P5/PP3q1P/2KR4 b - - 1 24,d7e8,r1r1bk2/pp3p2/4pQ2/3pN3/5P2/2P5/PP3q1P/2KR4 w - - 2 25,e5g6 f8g8 f6h8,1387,easy,100,75,4262,mate mateIn2 middlegame pin short,approved,"Approved easy Pin puzzle with popularity 100, 4262 plays, and rating deviation 75"
ZuMp7,3r4/4k3/1p3pp1/p3p3/2rPR3/4K3/PP1R1P1P/8 b - - 1 38,e7e6,3r4/8/1p2kpp1/p3p3/2rPR3/4K3/PP1R1P1P/8 w - - 2 39,d4d5 d8d5 e4c4,1328,easy,100,75,4654,crushing discoveredAttack endgame rookEndgame short,approved,"Approved easy Discovered attack puzzle with popularity 100, 4654 plays, and rating deviation 75"
Zwx8c,6rk/6R1/5p1p/1pQ4P/p1b5/P1P4q/1P6/K5R1 b - - 0 39,g8g7,7k/6r1/5p1p/1pQ4P/p1b5/P1P4q/1P6/K5R1 w - - 0 40,c5f8 c4g8 f8g7,1278,easy,100,76,4942,endgame mate mateIn2 short,approved,"Approved easy Mate puzzle with popularity 100, 4942 plays, and rating deviation 76"
ZztCo,1r4k1/p1p1bppp/b2p4/6P1/n2NPP1P/2B5/1N1Q3R/q1KR4 w - - 10 27,c1c2,1r4k1/p1p1bppp/b2p4/6P1/n2NPP1P/2B5/1NKQ3R/q2R4 b - - 11 27,b8b2 c3b2 a1b2,1276,easy,100,75,7442,mate mateIn2 middlegame short,approved,"Approved easy Mate puzzle with popularity 100, 7442 plays, and rating deviation 75"
a4HmU,4kr2/1PR2pp1/4p1p1/4P3/3b2qP/P7/5QK1/6R1 w - - 3 37,f2g3,4kr2/1PR2pp1/4p1p1/4P3/3b2qP/P5Q1/6K1/6R1 b - - 4 37,g4g3 g2g3 d4e5 g3h3 e5c7,2046,hard,100,75,1156,advantage attraction endgame exposedKing fork long,approved,"Approved hard Fork puzzle with popularity 100, 1156 plays, and rating deviation 75"
a4ygj,r2qkbnr/1pp4p/p2p4/4N3/PPBnPpb1/2NP4/2P2PP1/R1BQK2R b KQkq - 0 11,g4d1,r2qkbnr/1pp4p/p2p4/4N3/PPBnPp2/2NP4/2P2PP1/R1BbK2R w KQkq - 0 12,c4f7 e8e7 c3d5,1402,medium,100,74,4777,mate mateIn2 opening short,approved,"Approved medium Mate puzzle with popularity 100, 4777 plays, and rating deviation 74"
a64Y8,1k5r/1p1r1p2/p3p1pp/PbN1P3/5P2/2R5/6PP/2R3K1 b - - 3 27,d7c7,1k5r/1pr2p2/p3p1pp/PbN1P3/5P2/2R5/6PP/2R3K1 w - - 4 28,c5a6 b5a6 c3c7,1303,easy,100,75,4484,advantage discoveredAttack endgame master queensideAttack short,approved,"Approved easy Discovered attack puzzle with popularity 100, 4484 plays, and rating deviation 75"
a7fEX,5k2/5p1p/4p1p1/8/3b4/3r3P/5PP1/1Q4K1 b - - 0 31,d3d2,5k2/5p1p/4p1p1/8/3b4/7P/3r1PP1/1Q4K1 w - - 1 32,b1b4 f8g8 b4d2,1543,medium,100,77,3789,crushing endgame fork short,approved,"Approved medium Fork puzzle with popularity 100, 3789 plays, and rating deviation 77"
aBjw2,r5k1/1q5p/4brp1/2n5/p2QpN2/6PP/PPP2P2/2KRR3 b - - 1 25,b7e7,r5k1/4q2p/4brp1/2n5/p2QpN2/6PP/PPP2P2/2KRR3 w - - 2 26,f4d5 e6d5 d4d5 g8g7 d5a8,2144,hard,100,77,1179,advantage fork long middlegame,approved,"Approved hard Fork puzzle with popularity 100, 1179 plays, and rating deviation 77"
aCRht,6k1/5p2/6r1/ppp5/4P2Q/q2r4/2RR1KB1/8 b - - 1 38,d3g3,6k1/5p2/6r1/ppp5/4P2Q/q5r1/2RR1KB1/8 w - - 2 39,d2d8 g8g7 h4h8,922,easy,100,78,4341,mate mateIn2 middlegame short,approved,"Approved easy Mate puzzle with popularity 100, 4341 plays, and rating deviation 78"
aDp7m,1k5r/4pp2/p6q/1ppP4/2p1Pp2/5QrP/PP3P1K/3R1R2 w - - 1 27,f2g3,1k5r/4pp2/p6q/1ppP4/2p1Pp2/5QPP/PP5K/3R1R2 b - - 0 27,h6h3 h2g1 h3h2,1171,easy,100,75,8091,endgame mate mateIn2 short,approved,"Approved easy Mate puzzle with popularity 100, 8091 plays, and rating deviation 75"
aMC32,8/k1p5/1p1r4/p7/1n3P1P/1P1BQ1P1/1qPK4/3R4 w - - 3 30,d2e1,8/k1p5/1p1r4/p7/1n3P1P/1P1BQ1P1/1qP5/3RK3 b - - 4 30,d6d3 d1d3 b4c2 e1d1 c2e3,2171,hard,98,78,2240,capturingDefender crushing endgame exposedKing fork long,approved,"Approved hard Fork puzzle with popularity 98, 2240 plays, and rating deviation 78"
aNaDA,r7/1p5p/p1n1bpk1/2bNp3/4P3/8/PPP3PP/3R1R1K b - - 1 18,a8d8,3r4/1p5p/p1n1bpk1/2bNp3/4P3/8/PPP3PP/3R1R1K w - - 2 19,f1f6 g6g7 f6e6,1303,easy,100,75,4154,advantage fork middlegame short,approved,"Approved easy Fork puzzle with popularity 100, 4154 plays, and rating deviation 75"
aWeKV,8/6pk/p2p2np/1pp1p2Q/1P6/P1P2N1P/4q1PK/8 b - - 9 34,e5e4,8/6pk/p2p2np/1pp4Q/1P2p3/P1P2N1P/4q1PK/8 w - - 0 35,f3g5 h7g8 h5e2,1132,easy,100,76,5012,crushing discoveredAttack endgame pin short,approved,"Approved easy Pin puzzle with popularity 100, 5012 plays, and rating deviation 76"
aXTcw,2r2r1b/2q2p1k/pnbp3P/1p2pP2/6Q1/P1PP4/B2B1P2/2K3RR b - - 2 28,c6h1,2r2r1b/2q2p1k/pn1p3P/1p2pP2/6Q1/P1PP4/B2B1P2/2K3Rb w - - 0 29,g4g6 f7g6 f5g6,2014,hard,99,74,1095,mate mateIn2 middlegame sacrifice short,approved,"Approved hard Sacrifice puzzle with popularity 99, 1095 plays, and rating deviation 74"
aXdeB,r2q3r/ppp1pk1p/3p1p2/1P5Q/2P1P3/Pn1PB3/5PP1/bN2KB2 b - - 3 17,f7f8,r2q1k1r/ppp1p2p/3p1p2/1P5Q/2P1P3/Pn1PB3/5PP1/bN2KB2 w - - 4 18,e3h6 f8g8 h5d5 e7e6 d5e6,2142,hard,98,77,2223,long mate mateIn3 middlegame,approved,"Approved hard Mate puzzle with popularity 98, 2223 plays, and rating deviation 77"
aftj6,6k1/p2p3p/1pb1p1p1/2q5/4P3/P1NP2Q1/1r4PP/5R1K b - - 1 26,c5c3,6k1/p2p3p/1pb1p1p1/8/4P3/P1qP2Q1/1r4PP/5R1K w - - 0 27,g3b8 g8g7 b8f8,1069,easy,100,76,4575,endgame mate mateIn2 short,approved,"Approved easy Mate puzzle with popularity 100, 4575 plays, and rating deviation 76"
ao815,r2n4/p7/k1p1p3/3p2bQ/Pp1Pn3/1P2P2P/2P2rP1/RN2K2R w KQ - 0 24,h1f1,r2n4/p7/k1p1p3/3p2bQ/Pp1Pn3/1P2P2P/2P2rP1/RN2KR2 b Q - 1 24,f2f1 e1f1 e4g3 f1f2 g3h5,1414,medium,100,74,3669,advantage attraction exposedKing fork long middlegame,approved,"Approved medium Fork puzzle with popularity 100, 3669 plays, and rating deviation 74"
au51B,8/4b3/pR1pk2R/2n1pp2/2K5/8/8/8 b - - 1 38,e7f6,8/8/pR1pkb1R/2n1pp2/2K5/8/8/8 w - - 2 39,h6f6 e6f6 b6d6 f6g5 c4c5,1611,medium,100,76,3749,attraction crushing deflection endgame long,approved,"Approved medium Deflection puzzle with popularity 100, 3749 plays, and rating deviation 76"
b3xKD,6R1/5R2/4pp2/8/2N3P1/3n4/4kr1P/6K1 w - - 5 46,g8e8,4R3/5R2/4pp2/8/2N3P1/3n4/4kr1P/6K1 b - - 6 46,f2f1 g1g2 d3f4 g2g3 f1f3 g3h4 f3h3,2095,hard,100,75,1009,endgame mate mateIn4 veryLong,approved,"Approved hard Mate puzzle with popularity 100, 1009 plays, and rating deviation 75"
b4Vqb,8/p3rk2/Pp2pq2/2p3p1/2Pr4/2Q1R1P1/4RPK1/8 b - - 1 34,e6e5,8/p3rk2/Pp3q2/2p1p1p1/2Pr4/2Q1R1P1/4RPK1/8 w - - 0 35,e3f3 d4f4 g3f4,1445,medium,100,74,3543,advantage endgame master pin short,approved,"Approved medium Pin puzzle with popularity 100, 3543 plays, and rating deviation 74"
b67t3,r4rk1/2qnbpp1/p5b1/1p1pp1N1/3P3P/2P1B3/PP1N1P2/2KQ2RR w - - 0 20,h4h5,r4rk1/2qnbpp1/p5b1/1p1pp1NP/3P4/2P1B3/PP1N1P2/2KQ2RR b - - 0 20,c7c3 b2c3 e7a3,1891,medium,100,79,3866,bodenMate mate mateIn2 middlegame queensideAttack sacrifice short,approved,"Approved medium Sacrifice puzzle with popularity 100, 3866 plays, and rating deviation 79"
b6UWJ,2r1k3/2q1pprp/p6Q/1p5p/4B3/P7/1PP2P2/1K1R4 b - - 1 24,c7e5,2r1k3/4pprp/p6Q/1p2q2p/4B3/P7/1PP2P2/1K1R4 w - - 2 25,h6c6 c8c6 e4c6 e8f8 d1d8,2155,hard,98,76,2428,backRankMate endgame long mate mateIn3 sacrifice,approved,"Approved hard Sacrifice puzzle with popularity 98, 2428 plays, and rating deviation 76"
b6nb7,r3r3/5p1k/p1R2QpN/2pP4/1qP3PP/7K/P1P5/8 w - - 3 35,h6f7,r3r3/5N1k/p1R2Qp1/2pP4/1qP3PP/7K/P1P5/8 b - - 0 35,e8e3 h3g2 b4d2 f6f2 e3e2,1500,medium,100,75,3816,crushing endgame long pin,approved,"Approved medium Pin puzzle with popularity 100, 3816 plays, and rating deviation 75"
b7BFZ,7k/7p/6p1/4b1P1/p1B1P3/1P3R1P/r7/5K2 b - - 0 36,a4b3,7k/7p/6p1/4b1P1/2B1P3/1p3R1P/r7/5K2 w - - 0 37,f3f8 h8g7 f8g8,1401,medium,100,75,3587,endgame mate mateIn2 operaMate short,approved,"Approved medium Mate puzzle with popularity 100, 3587 plays, and rating deviation 75"
bFvkb,r4r1k/pp1R2p1/1b3P1p/4p2b/1P4P1/P1n5/5PK1/1B3R2 b - - 1 27,h5g4,r4r1k/pp1R2p1/1b3P1p/4p3/1P4b1/P1n5/5PK1/1B3R2 w - - 0 28,f6g7 h8g8 b1h7 g8h7 g7f8q,2051,hard,98,74,1482,advancedPawn crushing deflection discoveredAttack discoveredCheck fork long middlegame promotion,approved,"Approved hard Fork puzzle with popularity 98, 1482 plays, and rating deviation 74"
bLWkN,4R3/3p1ppk/6p1/8/8/4Q1P1/Prq2P1P/4R1K1 w - - 2 29,e3e4,4R3/3p1ppk/6p1/8/4Q3/6P1/Prq2P1P/4R1K1 b - - 3 29,c2f2 g1h1 f2h2,1178,easy,100,75,5304,endgame mate mateIn2 short,approved,"Approved easy Mate puzzle with popularity 100, 5304 plays, and rating deviation 75"
bWMCr,5rk1/p3bppp/6r1/1p2P3/2pP1B2/P1P2Q2/1Pq2KPP/1R1R4 w - - 7 24,f3e2,5rk1/p3bppp/6r1/1p2P3/2pP1B2/P1P5/1Pq1QKPP/1R1R4 b - - 8 24,g6g2 f2g2 c2e2,1400,medium,100,75,3455,attraction crushing deflection middlegame short,approved,"Approved medium Deflection puzzle with popularity 100, 3455 plays, and rating deviation 75"
bYgo4,r4bk1/ppq2ppp/2p5/3p1N2/3PrN2/3Q1P1R/PPP3P1/R6K b - - 0 22,e4f4,r4bk1/ppq2ppp/2p5/3p1N2/3P1r2/3Q1P1R/PPP3P1/R6K w - - 0 23,f5e7 f8e7 d3h7 g8f8 h7h8,1451,medium,100,76,4430,discoveredAttack kingsideAttack long mate mateIn3 middlegame sacrifice,approved,"Approved medium Discovered attack puzzle with popularity 100, 4430 plays, and rating deviation 76"
bZz9s,4q1rk/pp3ppp/4pn2/3rN3/7Q/6R1/PPP2PPP/4R1K1 b - - 12 24,f6d7,4q1rk/pp1n1ppp/4p3/3rN3/7Q/6R1/PPP2PPP/4R1K1 w - - 13 25,h4h7 h8h7 g3h3,1467,medium,100,76,3550,attraction kingsideAttack mate mateIn2 middlegame sacrifice short,approved,"Approved medium Sacrifice puzzle with popularity 100, 3550 plays, and rating deviation 76"
bfTP4,r5k1/2q2pP1/4p2p/p7/1Pp4P/P1N2bP1/3Q1P2/3R2K1 b - - 0 28,f3d1,r5k1/2q2pP1/4p2p/p7/1Pp4P/P1N3P1/3Q1P2/3b2K1 w - - 0 29,d2h6 f7f5 h6h8 g8f7 h8a8,1414,medium,100,76,3807,advantage endgame long master masterVsMaster skewer,approved,"Approved medium Skewer puzzle with popularity 100, 3807 plays, and rating deviation 76"
c1G5m,2R3k1/pp3pbp/6p1/4r3/b7/P4P2/1P1n2PP/4R1K1 b - - 2 23,a4e8,2R1b1k1/pp3pbp/6p1/4r3/8/P4P2/1P1n2PP/4R1K1 w - - 3 24,e1e5 g7e5 c8e8 g8g7 e8e5,2088,hard,98,77,3072,advantage capturingDefender endgame fork long pin,approved,"Approved hard Fork puzzle with popularity 98, 3072 plays, and rating deviation 77"
c93hf,r5k1/ppp3pp/3qp3/4nr2/2P5/1PQ2p1P/PB3N1K/R4R2 w - - 0 25,f2e4,r5k1/ppp3pp/3qp3/4nr2/2P1N3/1PQ2p1P/PB5K/R4R2 b - - 1 25,e5g4 h2g1 d6h2,1422,medium,100,75,5171,discoveredCheck doubleCheck mate mateIn2 middlegame short,approved,"Approved medium Mate puzzle with popularity 100, 5171 plays, and rating deviation 75"
cHtP3,8/8/3k2B1/p1n2p2/2PKp1p1/4P2P/P7/8 w - - 0 40,g6f5,8/8/3k4/p1n2B2/2PKp1p1/4P2P/P7/8 b - - 0 40,g4g3 f5e4 c5e4 d4e4 g3g2,1463,medium,100,75,4766,advancedPawn crushing endgame long,approved,"Approved medium Advanced pawn tactics puzzle with popularity 100, 4766 plays, and rating deviation 75"
cIFcj,8/2n2k1p/3p2p1/1PpP4/6P1/1P1B3P/8/6K1 b - - 0 39,c7d5,8/5k1p/3p2p1/1Ppn4/6P1/1P1B3P/8/6K1 w - - 0 40,d3c4 f7e6 b5b6,1471,medium,100,76,3316,crushing endgame pin short,approved,"Approved medium Pin puzzle with popularity 100, 3316 plays, and rating deviation 76"
cN3Cj,r4r1k/1bq1Nppp/p7/1p1Np1P1/3nnP2/P2BB3/1PP4P/R2Q1R1K w - - 1 17,d5c7,r4r1k/1bN1Nppp/p7/1p2p1P1/3nnP2/P2BB3/1PP4P/R2Q1R1K b - - 0 17,e4f2 h1g1 f2h3,2068,hard,100,77,1064,doubleCheck kingsideAttack mate mateIn2 middlegame short,approved,"Approved hard Mate puzzle with popularity 100, 1064 plays, and rating deviation 77"
cQe7q,6k1/1R2r2r/p1p1b3/P1PpPp1q/3P1Pp1/3B2P1/1R4K1/1Q6 w - - 1 34,b7e7,6k1/4R2r/p1p1b3/P1PpPp1q/3P1Pp1/3B2P1/1R4K1/1Q6 b - - 0 34,h5h2 g2f1 h2h1 f1f2 h7h2 f2e3 h1f3,2119,hard,98,78,2808,mate mateIn4 middlegame veryLong,approved,"Approved hard Mate puzzle with popularity 98, 2808 plays, and rating deviation 78"
cRCiL,r2q2rk/ppp2p1p/2bp1PpQ/4n3/4PR2/2P5/P1P1B1PP/R5K1 b - - 5 17,e5d7,r2q2rk/pppn1p1p/2bp1PpQ/8/4PR2/2P5/P1P1B1PP/R5K1 w - - 6 18,h6h7 h8h7 f4h4,1516,medium,100,75,6830,attraction kingsideAttack mate mateIn2 middlegame sacrifice short,approved,"Approved medium Sacrifice puzzle with popularity 100, 6830 plays, and rating deviation 75"
cRlNW,r4r2/1bq2pk1/p1pp4/1p2p2Q/2P1P3/P1NP4/1P3P2/1R2K2R b K - 0 21,f8h8,r6r/1bq2pk1/p1pp4/1p2p2Q/2P1P3/P1NP4/1P3P2/1R2K2R w K - 1 22,h5g5 g7f8 h1h8,1250,easy,100,76,4897,deflection discoveredAttack mate mateIn2 middlegame short,approved,"Approved easy Discovered attack puzzle with popularity 100, 4897 plays, and rating deviation 76"
cTJH9,8/6p1/4n2p/R7/2pp1kP1/1b3P2/4K1P1/8 b - - 7 54,d4d3,8/6p1/4n2p/R7/2p2kP1/1b1p1P2/4K1P1/8 w - - 0 55,e2f2 e6c5 a5c5 d3d2 g2g3,2036,hard,99,75,1110,defensiveMove endgame long mate mateIn3,approved,"Approved hard Mate puzzle with popularity 99, 1110 plays, and rating deviation 75"
cTQaV,4rrk1/5pp1/2ppn3/p3pN2/4P3/P1PP4/B7/3K2R1 b - - 2 29,e8d8,3r1rk1/5pp1/2ppn3/p3pN2/4P3/P1PP4/B7/3K2R1 w - - 3 30,f5e7 g8h7 g1h1,1612,medium,100,77,3499,anastasiaMate endgame master mate mateIn2 short,approved,"Approved medium Mate puzzle with popularity 100, 3499 plays, and rating deviation 77"
cUEU8,5r1k/p6p/5q2/2p1r1p1/8/1Q6/PP3PPP/2R2RK1 w - - 2 25,c1c3,5r1k/p6p/5q2/2p1r1p1/8/1QR5/PP3PPP/5RK1 b - - 3 25,f6f2 f1f2 e5e1 f2f1 e1f1,1410,medium,100,76,4626,endgame long mate mateIn3 sacrifice,approved,"Approved medium Sacrifice puzzle with popularity 100, 4626 plays, and rating deviation 76"
cUg5u,6k1/p4p1p/2p2R2/7q/8/2Br2rP/PPQ3PK/R7 w - - 3 27,f6f2,6k1/p4p1p/2p5/7q/8/2Br2rP/PPQ2RPK/R7 b - - 4 27,g3h3 g2h3 d3h3 h2g1 h3h1 g1g2 h5h3,2173,hard,99,75,1186,mate mateIn4 middlegame sacrifice veryLong,approved,"Approved hard Sacrifice puzzle with popularity 99, 1186 plays, and rating deviation 75"
cVay9,3r3k/2q2pp1/4p2p/1pp5/p2R2QP/7K/P4PR1/1r6 b - - 4 44,f7f6,3r3k/2q3p1/4pp1p/1pp5/p2R2QP/7K/P4PR1/1r6 w - - 0 45,d4d8 c7d8 g4g7,1234,easy,100,77,4263,endgame mate mateIn2 short,approved,"Approved easy Mate puzzle with popularity 100, 4263 plays, and rating deviation 77"
cblxy,6k1/pp4p1/4p1Qp/2pb4/4pPN1/1P2P1KP/2q5/8 b - - 0 37,c2b3,6k1/pp4p1/4p1Qp/2pb4/4pPN1/1q2P1KP/8/8 w - - 0 38,g4f6 g8h8 g6h7,1533,medium,100,76,3299,endgame mate mateIn2 pin short,approved,"Approved medium Pin puzzle with popularity 100, 3299 plays, and rating deviation 76"
cexc3,r1r5/1q1k1Q2/p3p3/1p5p/nBpP4/4P2P/5PP1/1R3K2 b - - 0 39,d7c6,r1r5/1q3Q2/p1k1p3/1p5p/nBpP4/4P2P/5PP1/1R3K2 w - - 1 40,f7e6 c6c7 e6d6,1464,medium,100,75,3981,dovetailMate mate mateIn2 middlegame short,approved,"Approved medium Mate puzzle with popularity 100, 3981 plays, and rating deviation 75"
cgozN,7k/2r3p1/p4p2/4pN2/P3P1K1/6P1/Q2R4/5r1q b - - 2 41,g7g6,7k/2r5/p4pp1/4pN2/P3P1K1/6P1/Q2R4/5r1q w - - 0 42,d2d8 h8h7 a2g8,1029,easy,100,76,15999,endgame mate mateIn2 short,approved,"Approved easy Mate puzzle with popularity 100, 15999 plays, and rating deviation 76"
ciOK6,8/4bppp/4p3/nk2P3/p2PN3/P2K2P1/1B5P/8 b - - 0 34,a5c4,8/4bppp/4p3/1k2P3/p1nPN3/P2K2P1/1B5P/8 w - - 1 35,e4c3 b5c6 d3c4,1392,easy,100,77,4268,crushing deflection endgame master short,approved,"Approved easy Deflection puzzle with popularity 100, 4268 plays, and rating deviation 77"
conTx,2br2k1/1pp4p/4p1pR/2b5/4Q3/1P1B1N2/3P1PP1/q1KR4 w - - 0 19,d3b1,2br2k1/1pp4p/4p1pR/2b5/4Q3/1P3N2/3P1PP1/qBKR4 b - - 1 19,c5a3 c1c2 a1b2,1124,easy,100,76,4181,master mate mateIn2 middlegame queensideAttack short,approved,"Approved easy Mate puzzle with popularity 100, 4181 plays, and rating deviation 76"
cpJZj,1r4k1/p1pb3R/4p1p1/3p2P1/n4rP1/K7/P1P5/7R b - - 5 27,a4c5,1r4k1/p1pb3R/4p1p1/2np2P1/5rP1/K7/P1P5/7R w - - 6 28,h7h8 g8f7 h1h7,1526,medium,100,77,4552,endgame mate mateIn2 short,approved,"Approved medium Mate puzzle with popularity 100, 4552 plays, and rating deviation 77"
csFvJ,3r4/7k/2q5/5p1Q/P2B4/3K4/8/8 b - - 4 42,c6h6,3r4/7k/7q/5p1Q/P2B4/3K4/8/8 w - - 5 43,h5f7 h6g7 f7g7,1534,medium,100,76,4410,endgame mate mateIn2 short,approved,"Approved medium Mate puzzle with popularity 100, 4410 plays, and rating deviation 76"
cxApH,8/1ppk3R/5p2/3Np1p1/p1P1P3/3P1K2/2P5/2q5 b - - 3 37,d7c6,8/1pp4R/2k2p2/3Np1p1/p1P1P3/3P1K2/2P5/2q5 w - - 4 38,h7c7 c6d6 c4c5 d6e6 c7e7,1558,medium,100,76,3476,endgame exposedKing hookMate long mate mateIn3,approved,"Approved medium Mate puzzle with popularity 100, 3476 plays, and rating deviation 76"
d0hWD,r5kr/ppp2p2/4PPpp/8/8/P1P1BPKQ/1q6/7R b - - 0 29,b2c3,r5kr/ppp2p2/4PPpp/8/8/P1q1BPKQ/8/7R w - - 0 30,e6f7 g8f7 h3d7 f7f6 e3d4 c3d4 d7d4,1512,medium,100,75,3807,advancedPawn attraction crushing endgame fork veryLong,approved,"Approved medium Fork puzzle with popularity 100, 3807 plays, and rating deviation 75"
d1Ul5,7r/pQB1nk1p/3p1ppb/8/8/3P1P2/qPP3P1/3KRB2 w - - 0 23,c7d6,7r/pQ2nk1p/3B1ppb/8/8/3P1P2/qPP3P1/3KRB2 b - - 0 23,a2b1 d1e2 b1c2,1410,medium,100,75,5364,deflection mate mateIn2 middlegame short,approved,"Approved medium Deflection puzzle with popularity 100, 5364 plays, and rating deviation 75"
d6sGw,B6k/p1Q3pp/3p2r1/8/8/2P1B2q/PPP5/4R1K1 w - - 3 25,g1f2,B6k/p1Q3pp/3p2r1/8/8/2P1B2q/PPP2K2/4R3 b - - 4 25,h3h2 f2f1 g6f6 a8f3 f6f3 e3f2 h2f2,2062,hard,99,75,1171,endgame exposedKing mate mateIn4 veryLong,approved,"Approved hard Mate puzzle with popularity 99, 1171 plays, and rating deviation 75"
d8bo3,8/2r5/2P5/1R1kp1pp/2r2p2/5P1P/P1R1K3/8 b - - 0 41,d5d4,8/2r5/2P5/1R2p1pp/2rk1p2/5P1P/P1R1K3/8 w - - 1 42,c2d2 d4c3 b5b3,1230,easy,100,76,4466,endgame mate mateIn2 rookEndgame short,approved,"Approved easy Mate puzzle with popularity 100, 4466 plays, and rating deviation 76"
dBrN3,2k4r/pp4pq/2n1p3/3P2n1/3P1BP1/Q3PP2/PP3RK1/R7 w - - 3 33,d5c6,2k4r/pp4pq/2P1p3/6n1/3P1BP1/Q3PP2/PP3RK1/R7 b - - 0 33,h7h3 g2g1 h3h1,1447,medium,100,75,4791,master mate mateIn2 middlegame short,approved,"Approved medium Mate puzzle with popularity 100, 4791 plays, and rating deviation 75"
dCsui,8/8/2R5/7P/2p2p2/3k1Pp1/1p4K1/8 w - - 0 49,c6b6,8/8/1R6/7P/2p2p2/3k1Pp1/1p4K1/8 b - - 1 49,c4c3 h5h6 c3c2 b6b3 d3c4 b3b2 c2c1q,2096,hard,99,75,1142,advancedPawn crushing defensiveMove endgame promotion rookEndgame veryLong,approved,"Approved hard Promotion puzzle with popularity 99, 1142 plays, and rating deviation 75"
dMENY,7k/pp2Pbp1/7p/P1P5/8/8/7P/4K3 b - - 0 44,h8h7,8/pp2Pbpk/7p/P1P5/8/8/7P/4K3 w - - 1 45,a5a6 b7a6 c5c6 f7e8 c6c7,1239,easy,100,75,4089,advancedPawn advantage bishopEndgame endgame long,approved,"Approved easy Advanced pawn tactics puzzle with popularity 100, 4089 plays, and rating deviation 75"
dNcyj,6rk/1p4b1/p1nN2Qn/P1p4p/3p1p1q/3P1P2/1PPB3N/6RK b - - 0 32,g7f8,5brk/1p6/p1nN2Qn/P1p4p/3p1p1q/3P1P2/1PPB3N/6RK w - - 1 33,d6f7 h6f7 g6g8,1362,easy,100,76,4320,deflection kingsideAttack master mate mateIn2 middlegame short,approved,"Approved easy Deflection puzzle with popularity 100, 4320 plays, and rating deviation 76"
dNl2p,6k1/pb3q2/1p2pPBQ/2p3P1/2P4P/1P6/P4r2/6K1 b - - 1 39,f2g2,6k1/pb3q2/1p2pPBQ/2p3P1/2P4P/1P6/P5r1/6K1 w - - 2 40,g1f1 f7c7 f6f7 c7f7 g6f7,1341,easy,100,74,5215,advancedPawn crushing endgame exposedKing long,approved,"Approved easy Advanced pawn tactics puzzle with popularity 100, 5215 plays, and rating deviation 74"
dPhpC,8/1n3k2/1P1p4/1N1Np3/2K1P2p/5P1b/7P/8 w - - 6 54,c4d3,8/1n3k2/1P1p4/1N1Np3/4P2p/3K1P1b/7P/8 b - - 7 54,h3f1 d3e3 f1b5,1397,easy,100,75,6910,advantage endgame master short skewer,approved,"Approved easy Skewer puzzle with popularity 100, 6910 plays, and rating deviation 75"
dPx9S,5rk1/p6p/1p2pb2/6pP/2p2pQ1/2P2R1N/PP4PK/R1Brq3 w - - 2 32,h3f2,5rk1/p6p/1p2pb2/6pP/2p2pQ1/2P2R2/PP3NPK/R1Brq3 b - - 3 32,e1g1 h2h3 g1h1 f2h1 d1h1,1482,medium,100,76,3392,long mate mateIn3 middlegame sacrifice,approved,"Approved medium Sacrifice puzzle with popularity 100, 3392 plays, and rating deviation 76"
dUBEu,6k1/p4ppp/2p2n2/8/3P4/bqNQB2P/1r3PP1/KR3B1R w - - 6 23,d3c4,6k1/p4ppp/2p2n2/8/2QP4/bqN1B2P/1r3PP1/KR3B1R b - - 7 23,b2b1 c3b1 b3b2,1443,medium,100,77,3848,clearance mate mateIn2 middlegame short,approved,"Approved medium Mate puzzle with popularity 100, 3848 plays, and rating deviation 77"
dWMjV,8/p1p5/1p2p3/1k1pP1p1/1P1P2P1/P1P5/2K5/8 b - - 2 37,b5a4,8/p1p5/1p2p3/3pP1p1/kP1P2P1/P1P5/2K5/8 w - - 3 38,c3c4 c7c6 b4b5 c6b5 c4d5,2056,hard,99,75,1394,crushing deflection endgame long pawnEndgame,approved,"Approved hard Deflection puzzle with popularity 99, 1394 plays, and rating deviation 75"
dYgTK,r1bk1b1r/ppp2Bpp/8/3Qp3/Pq2P1p1/4BP2/1P3KPP/2R5 b - - 3 22,f8d6,r1bk3r/ppp2Bpp/3b4/3Qp3/Pq2P1p1/4BP2/1P3KPP/2R5 w - - 4 23,e3g5 d8d7 d5e6,1194,easy,100,77,4355,mate mateIn2 middlegame short,approved,"Approved easy Mate puzzle with popularity 100, 4355 plays, and rating deviation 77"
dZfpC,2k1r3/ppn2ppp/2p5/q7/2bQ4/1P6/P2R1PPP/5BK1 b - - 1 23,c4f1,2k1r3/ppn2ppp/2p5/q7/3Q4/1P6/P2R1PPP/5bK1 w - - 0 24,d4d7 c8b8 d7d8 e8d8 d2d8,1316,easy,100,76,5120,backRankMate endgame long mate mateIn3 sacrifice,approved,"Approved easy Sacrifice puzzle with popularity 100, 5120 plays, and rating deviation 76"
degWM,3rR1k1/6pp/5b2/1p6/1qpp3P/5BP1/4QP2/6K1 b - - 1 33,d8e8,4r1k1/6pp/5b2/1p6/1qpp3P/5BP1/4QP2/6K1 w - - 0 34,e2e8 b4f8 f3d5 g8h8 e8f8,1201,easy,100,75,12376,deflection endgame long mate mateIn3,approved,"Approved easy Deflection puzzle with popularity 100, 12376 plays, and rating deviation 75"
dhOtp,8/ppQ3pk/3n3p/4p3/2P5/K1P5/PP1r3r/1R6 w - - 0 33,c4c5,8/ppQ3pk/3n3p/2P1p3/8/K1P5/PP1r3r/1R6 b - - 0 33,d6b5 a3a4 b5c7,1493,medium,100,75,3790,crushing endgame fork short,approved,"Approved medium Fork puzzle with popularity 100, 3790 plays, and rating deviation 75"
dkHWB,r2qr1k1/pb2bppp/1p6/2ppP3/4n3/2NB1Q1P/PPPB1PP1/R4RK1 w - - 1 14,c3e4,r2qr1k1/pb2bppp/1p6/2ppP3/4N3/3B1Q1P/PPPB1PP1/R4RK1 b - - 0 14,d5e4 d3e4 b7e4 f3e4 d8d2,1267,easy,100,76,4007,advantage fork long middlegame,approved,"Approved easy Fork puzzle with popularity 100, 4007 plays, and rating deviation 76"
dnzDB,Q7/2p3pk/7B/4p3/4P3/2P3KP/1r6/R2bn3 w - - 1 39,a1d1,Q7/2p3pk/7B/4p3/4P3/2P3KP/1r6/3Rn3 b - - 0 39,b2g2 g3h4 e1f3 h4h5 g7g6,1414,medium,100,75,5386,endgame long mate mateIn3,approved,"Approved medium Mate puzzle with popularity 100, 5386 plays, and rating deviation 75"
dqgXD,2kr4/ppp2pp1/8/6P1/1P3bqp/P5P1/2P2PB1/R4QK1 b - - 1 25,h4g3,2kr4/ppp2pp1/8/6P1/1P3bq1/P5p1/2P2PB1/R4QK1 w - - 0 26,g2h3 g3f2 g1f2,2208,hard,100,79,1453,advantage endgame pin short,approved,"Approved hard Pin puzzle with popularity 100, 1453 plays, and rating deviation 79"
duo8N,r3k2r/pbpp1p2/1p2P1n1/4q1Bp/4P1p1/PB4P1/2P2P1P/R2Q1RK1 b kq - 0 18,e5g5,r3k2r/pbpp1p2/1p2P1n1/6qp/4P1p1/PB4P1/2P2P1P/R2Q1RK1 w kq - 0 19,d1d7 e8f8 d7f7,1277,easy,100,77,4196,mate mateIn2 middlegame short,approved,"Approved easy Mate puzzle with popularity 100, 4196 plays, and rating deviation 77"
dvEQJ,r4rk1/ppb3p1/4pn1p/q3p3/2p1P3/1PPP1NBP/P2Q2P1/3R1R1K w - - 0 24,d3c4,r4rk1/ppb3p1/4pn1p/q3p3/2P1P3/1PP2NBP/P2Q2P1/3R1R1K b - - 0 24,f6e4 d2e1 e4g3 e1g3 e5e4,1707,medium,100,77,3969,advantage fork long middlegame,approved,"Approved medium Fork puzzle with popularity 100, 3969 plays, and rating deviation 77"
e104b,8/8/5r2/8/7K/6R1/5k2/8 w - - 17 107,h4h3,8/8/5r2/8/8/6RK/5k2/8 b - - 18 107,f6h6 h3g4 h6g6 g4f5 g6g3,1149,easy,100,75,16774,crushing deflection endgame exposedKing long rookEndgame skewer,approved,"Approved easy Skewer puzzle with popularity 100, 16774 plays, and rating deviation 75"
e6SLD,4r1k1/1Qp1npp1/p2b2qp/P7/3P4/2P1B2P/R2N1PP1/6K1 w - - 1 24,b7a6,4r1k1/2p1npp1/Q2b2qp/P7/3P4/2P1B2P/R2N1PP1/6K1 b - - 0 24,d6h2 g1h2 g6a6,1448,medium,100,77,5647,advantage discoveredAttack middlegame short,approved,"Approved medium Discovered attack puzzle with popularity 100, 5647 plays, and rating deviation 77"
e6jxh,r2qk2r/1ppbnpbp/p2p2pB/3N4/P3P3/1B3P2/1PPQ2PP/1R3RK1 b kq - 8 16,g7h6,r2qk2r/1ppbnp1p/p2p2pb/3N4/P3P3/1B3P2/1PPQ2PP/1R3RK1 w kq - 0 17,d5f6 e8f8 d2h6,1315,easy,100,77,4345,intermezzo mate mateIn2 middlegame short,approved,"Approved easy Mate puzzle with popularity 100, 4345 plays, and rating deviation 77"
e7TTL,6K1/8/8/p2Q4/1p6/1P6/P3k3/1q6 b - - 2 63,b1a2,6K1/8/8/p2Q4/1p6/1P6/q3k3/8 w - - 0 64,d5g2 e2d3 g2a2,1379,easy,100,75,3451,crushing endgame queenEndgame short skewer,approved,"Approved easy Skewer puzzle with popularity 100, 3451 plays, and rating deviation 75"
eBUiM,3r2k1/5p2/p2P1qpb/7p/1P6/P2Q3P/5PP1/4R1K1 b - - 0 40,f6d6,3r2k1/5p2/p2q2pb/7p/1P6/P2Q3P/5PP1/4R1K1 w - - 0 41,e1e8 d8e8 d3d6,1125,easy,100,75,6089,advantage deflection endgame short,approved,"Approved easy Deflection puzzle with popularity 100, 6089 plays, and rating deviation 75"
eDJbA,1R5Q/5pp1/p3q1k1/7b/3Pp2P/1P2B1P1/5P1K/r7 w - - 10 36,e3h6,1R5Q/5pp1/p3q1kB/7b/3Pp2P/1P4P1/5P1K/r7 b - - 11 36,e6h3 h2h3 a1h1 h3g2 h5f3,2077,hard,99,76,1788,attraction endgame long mate mateIn3 sacrifice,approved,"Approved hard Sacrifice puzzle with popularity 99, 1788 plays, and rating deviation 76"
eDyLq,2kr2r1/ppp1p3/2b4b/8/2nP4/2P1p1B1/PPQ3PP/2K1R2R w - - 4 20,b2b3,2kr2r1/ppp1p3/2b4b/8/2nP4/1PP1p1B1/P1Q3PP/2K1R2R b - - 0 20,e3e2 c1b1 c4a3 b1b2 a3c2,1338,easy,100,75,7926,advancedPawn crushing discoveredAttack discoveredCheck exposedKing fork long middlegame,approved,"Approved easy Fork puzzle with popularity 100, 7926 plays, and rating deviation 75"
eHFhj,5r2/5ppk/p7/1p1p4/2P1pqP1/PP6/6K1/R6Q b - - 1 34,h7g6,5r2/5pp1/p5k1/1p1p4/2P1pqP1/PP6/6K1/R6Q w - - 2 35,h1h5 g6f6 a1f1,1286,easy,100,76,6150,advantage endgame pin short,approved,"Approved easy Pin puzzle with popularity 100, 6150 plays, and rating deviation 76"
eJdzE,b4rk1/5pp1/p6p/3p1NPQ/2pP1P2/2q2N1P/1r6/4R1K1 b - - 0 28,g7g6,b4rk1/5p2/p5pp/3p1NPQ/2pP1P2/2q2N1P/1r6/4R1K1 w - - 0 29,f5e7 g8g7 h5h6,2097,hard,98,78,2407,kingsideAttack mate mateIn2 middlegame short,approved,"Approved hard Mate puzzle with popularity 98, 2407 plays, and rating deviation 78"
eLanu,3k4/8/2r2p1R/8/5P2/5KP1/5P2/8 w - - 3 71,f3e4,3k4/8/2r2p1R/8/4KP2/6P1/5P2/8 b - - 4 71,f6f5 e4e5 c6h6,1302,easy,100,74,4562,advantage discoveredAttack endgame rookEndgame short,approved,"Approved easy Discovered attack puzzle with popularity 100, 4562 plays, and rating deviation 74"
eLjcT,2r2bk1/2P2p2/q5p1/1p1Q2Pp/1P2P3/2NR4/2P1N1n1/2K5 w - - 0 34,c3b5,2r2bk1/2P2p2/q5p1/1N1Q2Pp/1P2P3/3R4/2P1N1n1/2K5 b - - 0 34,a6a1 c1d2 a1e1,2016,hard,99,77,1542,mate mateIn2 middlegame queensideAttack short,approved,"Approved hard Mate puzzle with popularity 99, 1542 plays, and rating deviation 77"
eMZ6H,5r1k/5p2/1q3NPp/2p3P1/2Pp4/P2Q1P2/6K1/8 b - - 0 39,h6g5,5r1k/5p2/1q3NP1/2p3p1/2Pp4/P2Q1P2/6K1/8 w - - 0 40,g6g7 h8g7 d3h7 g7f6 h7h6 f6e7 h6b6,2015,hard,100,75,1244,advancedPawn attraction crushing endgame exposedKing fork sacrifice skewer veryLong,approved,"Approved hard Fork puzzle with popularity 100, 1244 plays, and rating deviation 75"
eVgoG,r1b2qk1/ppp4p/2npnbp1/8/4PP2/2N5/PPPQB1P1/2KR2NR w - - 0 15,f4f5,r1b2qk1/ppp4p/2npnbp1/5P2/4P3/2N5/PPPQB1P1/2KR2NR b - - 0 15,f6g5 d2g5 e6g5,1502,medium,100,76,4397,advantage opening pin short,approved,"Approved medium Pin puzzle with popularity 100, 4397 plays, and rating deviation 76"
eY6Nb,5rk1/1p2bnNp/p3p3/3pP3/3n2P1/3qB2Q/PR1N3P/7K b - - 0 28,g8g7,5r2/1p2bnkp/p3p3/3pP3/3n2P1/3qB2Q/PR1N3P/7K w - - 0 29,e3h6 f7h6 h3d3,1394,easy,100,76,18356,advantage discoveredAttack middlegame short,approved,"Approved easy Discovered attack puzzle with popularity 100, 18356 plays, and rating deviation 76"
ec14N,6k1/p4rpp/4P3/8/4p3/2B4P/PPr3P1/3R2K1 b - - 0 28,f7f2,6k1/p5pp/4P3/8/4p3/2B4P/PPr2rP1/3R2K1 w - - 1 29,d1d8 f2f8 e6e7 c2c1 g1h2,1269,easy,100,75,4074,advancedPawn crushing defensiveMove endgame long,approved,"Approved easy Advanced pawn tactics puzzle with popularity 100, 4074 plays, and rating deviation 75"
ecLOU,2r3k1/6pp/1N2p3/p2b2r1/3P3q/P3Q3/1P2RPPP/4R1K1 w - - 1 27,g2g3,2r3k1/6pp/1N2p3/p2b2r1/3P3q/P3Q1P1/1P2RP1P/4R1K1 b - - 0 27,h4h2 g1h2 g5h5 h2g1 h5h1,2054,hard,100,75,1029,attraction kingsideAttack long master mate mateIn3 middlegame sacrifice,approved,"Approved hard Sacrifice puzzle with popularity 100, 1029 plays, and rating deviation 75"
eg06E,3R4/1B3pk1/2P1p1p1/p4n1p/P1r5/7P/5PP1/6K1 b - - 6 48,f5d4,3R4/1B3pk1/2P1p1p1/p6p/P1rn4/7P/5PP1/6K1 w - - 7 49,d8d4 c4d4 c6c7,1315,easy,100,75,4348,advancedPawn advantage endgame master sacrifice short,approved,"Approved easy Sacrifice puzzle with popularity 100, 4348 plays, and rating deviation 75"
eh1NL,3q3k/1Qr3p1/3p3p/5r2/3B1b2/2P5/PP3PPP/R4RK1 w - - 1 23,d4b6,3q3k/1Qr3p1/1B1p3p/5r2/5b2/2P5/PP3PPP/R4RK1 b - - 2 23,f4h2 g1h2 d8h4 h2g1 c7b7,2080,hard,99,75,1000,attraction crushing long middlegame sacrifice,approved,"Approved hard Sacrifice puzzle with popularity 99, 1000 plays, and rating deviation 75"
eheXo,1r5k/2p3bp/Q5p1/8/4Nq2/5P1P/PrR3P1/KR6 w - - 0 30,c2b2,1r5k/2p3bp/Q5p1/8/4Nq2/5P1P/PR4P1/KR6 b - - 0 30,g7b2 b1b2 f4c1 b2b1 c1b1,1606,medium,100,76,3491,long master mate mateIn3 middlegame,approved,"Approved medium Mate puzzle with popularity 100, 3491 plays, and rating deviation 76"
ehr9P,Bn5k/p5pp/6q1/2p1pb2/2P2r2/1P6/PB3P1P/R4Q1K w - - 3 22,b2e5,Bn5k/p5pp/6q1/2p1Bb2/2P2r2/1P6/P4P1P/R4Q1K b - - 0 22,f5e4 a8e4 g6e4 f1g2 e4e5,1326,easy,100,74,5653,advantage fork long middlegame,approved,"Approved easy Fork puzzle with popularity 100, 5653 plays, and rating deviation 74"
eib4W,8/5pk1/R2b2p1/7p/1p1P3P/1P2PQP1/2q3K1/8 w - - 2 45,g2h3,8/5pk1/R2b2p1/7p/1p1P3P/1P2PQPK/2q5/8 b - - 3 45,c2c8 h3g2 c8a6,1558,medium,100,75,3363,crushing endgame fork short,approved,"Approved medium Fork puzzle with popularity 100, 3363 plays, and rating deviation 75"
ell2g,r3k2r/pp2bppp/1qn1pn2/1N1p4/3P2b1/1QN1P1P1/PP3PBP/R1B1K2R b KQkq - 6 11,a7a6,r3k2r/1p2bppp/pqn1pn2/1N1p4/3P2b1/1QN1P1P1/PP3PBP/R1B1K2R w KQkq - 0 12,b5d6 e7d6 b3b6,1380,easy,100,74,6894,advantage discoveredAttack middlegame short,approved,"Approved easy Discovered attack puzzle with popularity 100, 6894 plays, and rating deviation 74"
emUuN,5qk1/4Qp2/5Ppp/2pB4/p2rP1P1/P1r5/3p1K1P/1R6 b - - 7 51,d2d1q,5qk1/4Qp2/5Ppp/2pB4/p2rP1P1/P1r5/5K1P/1R1q4 w - - 0 52,e7f8 g8f8 b1b8,2115,hard,100,80,1137,attraction mate mateIn2 middlegame short,approved,"Approved hard Mate puzzle with popularity 100, 1137 plays, and rating deviation 80"
esYzQ,3r3k/1p2q1pp/8/2P2R2/1P6/1B6/2PK1QPP/r7 w - - 1 34,f5d5,3r3k/1p2q1pp/8/2PR4/1P6/1B6/2PK1QPP/r7 b - - 2 34,d8d5 b3d5 e7g5 d2c3 g5d5,2184,hard,99,76,1088,advantage endgame fork long,approved,"Approved hard Fork puzzle with popularity 99, 1088 plays, and rating deviation 76"
eyGTT,1k1r3r/p4N2/b1Rb4/4Q3/3p2q1/2N3Pp/PPP4P/R6K w - - 3 23,f7d6,1k1r3r/p7/b1RN4/4Q3/3p2q1/2N3Pp/PPP4P/R6K b - - 0 23,g4f3 h1g1 f3g2,1187,easy,100,77,4127,fork mate mateIn2 middlegame short,approved,"Approved easy Fork puzzle with popularity 100, 4127 plays, and rating deviation 77"
ezc7L,4r1k1/1b3p2/p1q1p2Q/1p4p1/8/1B3PB1/PPP3rP/R5K1 w - - 0 23,g1g2,4r1k1/1b3p2/p1q1p2Q/1p4p1/8/1B3PB1/PPP3KP/R7 b - - 0 23,c6f3 g2h3 f3f5,2154,hard,99,76,1484,mate mateIn2 middlegame short,approved,"Approved hard Mate puzzle with popularity 99, 1484 plays, and rating deviation 76"
f2yhq,2r1kb2/1R3p2/4pPp1/1Q1pP2p/3P4/2q4P/5P2/6K1 b - - 3 36,c3c6,2r1kb2/1R3p2/2q1pPp1/1Q1pP2p/3P4/7P/5P2/6K1 w - - 4 37,b5c6 c8c6 b7b8 e8d7 b8f8,1320,easy,100,75,2890,advantage deflection endgame long skewer,approved,"Approved easy Skewer puzzle with popularity 100, 2890 plays, and rating deviation 75"
fAIc6,8/5pp1/4p2p/1k1pPPP1/3P3P/2p5/n1KN4/8 b - - 0 38,c3d2,8/5pp1/4p2p/1k1pPPP1/3P3P/8/n1Kp4/8 w - - 0 39,f5f6 g7f6 g5h6,2136,hard,99,77,1250,crushing deflection endgame knightEndgame short,approved,"Approved hard Deflection puzzle with popularity 99, 1250 plays, and rating deviation 77"
fDwSk,3r1r2/pp2k1p1/3b4/3Q4/4NP1q/8/PP2n1PP/1BR2R1K w - - 3 25,c1e1,3r1r2/pp2k1p1/3b4/3Q4/4NP1q/8/PP2n1PP/1B2RR1K b - - 4 25,h4h2 h1h2 f8h8 d5h5 h8h5,1881,medium,100,79,4464,anastasiaMate attraction kingsideAttack long mate mateIn3 middlegame sacrifice,approved,"Approved medium Sacrifice puzzle with popularity 100, 4464 plays, and rating deviation 79"
fE3Bi,r3kb1r/1pqb1N2/1n2p3/1Bp1n3/3p4/PQ1P4/1PP3PP/4RRK1 b kq - 0 19,e5f7,r3kb1r/1pqb1n2/1n2p3/1Bp5/3p4/PQ1P4/1PP3PP/4RRK1 w kq - 0 20,b3e6 e8d8 e6e8 d7e8 e1e8,2095,hard,99,76,1151,exposedKing long mate mateIn3 middlegame pin sacrifice,approved,"Approved hard Pin puzzle with popularity 99, 1151 plays, and rating deviation 76"
fEcDH,3r3k/5p1N/2q5/1pp1n3/3p3Q/3P4/2P4P/5RK1 b - - 2 34,d8g8,6rk/5p1N/2q5/1pp1n3/3p3Q/3P4/2P4P/5RK1 w - - 3 35,h7g5 h8g7 h4h7 g7f8 f1f7 e5f7 h7f7,1707,medium,100,75,3217,discoveredAttack discoveredCheck endgame exposedKing mate mateIn4 veryLong,approved,"Approved medium Discovered attack puzzle with popularity 100, 3217 plays, and rating deviation 75"
fFzMc,2b1r1k1/8/1p1q4/2p2pQ1/6P1/1P1P3R/P3r1P1/6K1 b - - 0 41,g8f8,2b1rk2/8/1p1q4/2p2pQ1/6P1/1P1P3R/P3r1P1/6K1 w - - 1 42,h3h8 f8f7 h8h7 f7e6 g5f5,2118,hard,100,75,1235,endgame exposedKing long mate mateIn3,approved,"Approved hard Mate puzzle with popularity 100, 1235 plays, and rating deviation 75"
fLjj9,6rk/3n1Q2/2p5/3p4/P2P4/4r1qN/6BK/R5R1 w - - 2 39,h2h1,6rk/3n1Q2/2p5/3p4/P2P4/4r1qN/6B1/R5RK b - - 3 39,g3h3 g2h3 e3h3,1300,easy,100,75,4068,mate mateIn2 middlegame sacrifice short,approved,"Approved easy Sacrifice puzzle with popularity 100, 4068 plays, and rating deviation 75"
fPvVK,6k1/1Q3pp1/2p1p2p/P7/1P3q2/7P/3r2P1/4R1K1 w - - 1 40,b7c6,6k1/5pp1/2Q1p2p/P7/1P3q2/7P/3r2P1/4R1K1 b - - 0 40,f4f2 g1h2 f2e1,1258,easy,100,75,5226,crushing endgame fork short,approved,"Approved easy Fork puzzle with popularity 100, 5226 plays, and rating deviation 75"
fQPNQ,r4bk1/pp3r1p/q1npQ1B1/2pNp3/4P3/1P4P1/P4P2/R3K2R b KQ - 0 21,h7g6,r4bk1/pp3r2/q1npQ1p1/2pNp3/4P3/1P4P1/P4P2/R3K2R w KQ - 0 22,d5f6 g8g7 h1h7,2046,hard,99,75,1332,kingsideAttack master mate mateIn2 middlegame short,approved,"Approved hard Mate puzzle with popularity 99, 1332 plays, and rating deviation 75"
fSqLI,6k1/5p1p/4pQp1/p2p3P/Pp4PK/5P2/1Pr1q3/5R2 b - - 3 39,e2f1,6k1/5p1p/4pQp1/p2p3P/Pp4PK/5P2/1Pr5/5q2 w - - 0 40,f6d8 g8g7 h5h6 g7h6 d8f8,2192,hard,100,76,1033,attraction endgame long mate mateIn3,approved,"Approved hard Mate puzzle with popularity 100, 1033 plays, and rating deviation 76"
fWuNy,2Q3k1/5pp1/1q2p2p/1P6/5P2/6P1/1R4KP/3r4 b - - 2 31,g8h7,2Q5/5ppk/1q2p2p/1P6/5P2/6P1/1R4KP/3r4 w - - 3 32,c8c2 h7g8 c2d1,1128,easy,100,75,15582,crushing endgame fork short,approved,"Approved easy Fork puzzle with popularity 100, 15582 plays, and rating deviation 75"
fXUDI,r7/ppQ3k1/3R2pp/4nn2/5q2/8/PP4PP/R6K b - - 1 28,e5f7,r7/ppQ2nk1/3R2pp/5n2/5q2/8/PP4PP/R6K w - - 2 29,d6g6 g7g6 c7f4,1318,easy,100,76,4353,crushing discoveredAttack middlegame short,approved,"Approved easy Discovered attack puzzle with popularity 100, 4353 plays, and rating deviation 76"
fZhPM,8/pp5p/6p1/3p2k1/3P2P1/6KP/PP6/8 b - - 2 38,h7h5,8/pp6/6p1/3p2kp/3P2P1/6KP/PP6/8 w - h6 0 39,h3h4 g5f6 g4h5 g6h5 g3f4,2101,hard,99,78,1274,crushing defensiveMove deflection endgame long pawnEndgame zugzwang,approved,"Approved hard Deflection puzzle with popularity 99, 1274 plays, and rating deviation 78"
fcYxs,r7/p1k1q1rR/2pp4/4pQ2/2P3P1/6p1/PP4P1/2K4R b - - 3 30,a8f8,5r2/p1k1q1rR/2pp4/4pQ2/2P3P1/6p1/PP4P1/2K4R w - - 4 31,h7g7 e7g7 h1h7 g7h7 f5h7,1270,easy,100,78,5148,clearance crushing endgame long pin,approved,"Approved easy Pin puzzle with popularity 100, 5148 plays, and rating deviation 78"
ffUYK,r2n1k1r/2QRqpp1/p3p2p/1p6/8/P7/1PP3PP/5R1K b - - 7 28,e7g5,r2n1k1r/2QR1pp1/p3p2p/1p4q1/8/P7/1PP3PP/5R1K w - - 8 29,d7d8 a8d8 c7f7,2184,hard,99,79,1308,discoveredAttack mate mateIn2 middlegame short,approved,"Approved hard Discovered attack puzzle with popularity 99, 1308 plays, and rating deviation 79"
fhR5z,5R2/1p4r1/p1b1pk2/2Kp4/1P3p2/2P5/6r1/7R b - - 3 37,f6e5,5R2/1p4r1/p1b1p3/2Kpk3/1P3p2/2P5/6r1/7R w - - 4 38,h1e1 g2e2 e1e2,1452,medium,100,75,5902,endgame mate mateIn2 short,approved,"Approved medium Mate puzzle with popularity 100, 5902 plays, and rating deviation 75"
fhxUd,3r3k/6pp/p1N1p3/4Q3/P2nPP2/6Pq/2r2R1P/R5K1 w - - 0 26,c6d8,3N3k/6pp/p3p3/4Q3/P2nPP2/6Pq/2r2R1P/R5K1 b - - 0 26,d4f3 g1h1 h3h2 f2h2 c2h2,2021,hard,100,78,1027,arabianMate long mate mateIn3 middlegame sacrifice xRayAttack,approved,"Approved hard Sacrifice puzzle with popularity 100, 1027 plays, and rating deviation 78"
fkazk,6k1/pp6/2pNp2p/4p1p1/4P3/P2P1r1r/1PP2R1K/R7 w - - 0 25,h2g2,6k1/pp6/2pNp2p/4p1p1/4P3/P2P1r1r/1PP2RK1/R7 b - - 1 25,f3g3 g2f1 h3h1 f1e2 h1a1,1446,medium,100,76,3358,advantage endgame exposedKing long skewer,approved,"Approved medium Skewer puzzle with popularity 100, 3358 plays, and rating deviation 76"
fl0S3,8/3nkPKp/8/p7/3N4/8/8/8 b - - 2 52,a5a4,8/3nkPKp/8/8/p2N4/8/8/8 w - - 0 53,d4c6 e7e6 c6b8 d7b8 f7f8q,2008,hard,98,75,1969,advancedPawn crushing deflection endgame knightEndgame long promotion,approved,"Approved hard Deflection puzzle with popularity 98, 1969 plays, and rating deviation 75"
fn683,2r2k2/p4p2/6p1/4Q3/3B2Pb/7r/1K6/8 b - - 9 42,a7a5,2r2k2/5p2/6p1/p3Q3/3B2Pb/7r/1K6/8 w - a6 0 43,e5h8 f8e7 h8c8,1459,medium,100,76,2935,crushing endgame short skewer,approved,"Approved medium Skewer puzzle with popularity 100, 2935 plays, and rating deviation 76"
fpSaX,r6k/3n4/p1bNB1R1/1pp3p1/5p2/P2P4/1PP3r1/4K3 b - - 5 38,d7e5,r6k/8/p1bNB1R1/1pp1n1p1/5p2/P2P4/1PP3r1/4K3 w - - 6 39,g6h6 h8g7 d6f5 g7f8 h6h8,1512,medium,100,78,3289,exposedKing long mate mateIn3 middlegame pillsburysMate,approved,"Approved medium Mate puzzle with popularity 100, 3289 plays, and rating deviation 78"
fxtVg,rr6/4Qbkp/2p3p1/q1P1ppB1/4P1P1/2N2P1P/4n2K/2R5 b - - 3 29,a5d8,rr1q4/4Qbkp/2p3p1/2P1ppB1/4P1P1/2N2P1P/4n2K/2R5 w - - 4 30,e7e5 g7g8 g5d8,2236,hard,99,77,1691,advantage discoveredAttack master middlegame short,approved,"Approved hard Discovered attack puzzle with popularity 99, 1691 plays, and rating deviation 77"
g2sVU,5rk1/6p1/3R1p1p/7P/4Q3/8/1PP2q2/2K5 b - - 0 28,f8c8,2r3k1/6p1/3R1p1p/7P/4Q3/8/1PP2q2/2K5 w - - 1 29,e4e6 g8h7 e6c8 f2f4 d6d2,1404,medium,100,76,4138,crushing defensiveMove endgame fork long,approved,"Approved medium Fork puzzle with popularity 100, 4138 plays, and rating deviation 76"
g8AFQ,8/8/3k4/1R2R3/2p4P/5q2/PPPp4/1KN5 w - - 0 47,b5d5,8/8/3k4/3RR3/2p4P/5q2/PPPp4/1KN5 b - - 1 47,f3d5 e5d5 d6d5 c2c3 d2d1q,1224,easy,100,75,4169,advancedPawn crushing endgame long promotion,approved,"Approved easy Promotion puzzle with popularity 100, 4169 plays, and rating deviation 75"
gFzsX,5r2/3n2pk/6pp/p1p1P3/1p1PN1Q1/8/Pq4PP/5RK1 w - - 0 31,g4d7,5r2/3Q2pk/6pp/p1p1P3/1p1PN3/8/Pq4PP/5RK1 b - - 0 31,f8f1 g1f1 b2b1 f1f2 b1e4,1434,medium,100,75,4263,advantage attraction endgame fork long,approved,"Approved medium Fork puzzle with popularity 100, 4263 plays, and rating deviation 75"
gGa9j,5r2/pp4kp/6p1/2bp4/7Q/P2P1r2/1P5P/4R2K w - - 2 28,h4g5,5r2/pp4kp/6p1/2bp2Q1/8/P2P1r2/1P5P/4R2K b - - 3 28,f3f1 e1f1 f8f1 h1g2 f1g1 g2f3 g1g5,1288,easy,100,76,3300,crushing endgame skewer veryLong,approved,"Approved easy Skewer puzzle with popularity 100, 3300 plays, and rating deviation 76"
gGlQp,8/8/8/7p/4K3/6k1/4Bp2/8 w - - 0 58,e4e3,8/8/8/7p/8/4K1k1/4Bp2/8 b - - 1 58,g3g2 e2f3 g2g1 f3h5 f2f1q,2121,hard,99,75,1145,advancedPawn bishopEndgame crushing defensiveMove endgame long promotion,approved,"Approved hard Promotion puzzle with popularity 99, 1145 plays, and rating deviation 75"
gIbuy,6k1/6p1/8/p6p/P4N2/1P2n1P1/1r4P1/2R3K1 w - - 1 32,c1c3,6k1/6p1/8/p6p/P4N2/1PR1n1P1/1r4P1/6K1 b - - 2 32,b2b1 g1f2 e3d1 f2e2 d1c3,1426,medium,100,76,3282,crushing endgame fork long,approved,"Approved medium Fork puzzle with popularity 100, 3282 plays, and rating deviation 76"
gJJOZ,6k1/8/3PN3/5K1p/3r4/1P6/pb6/6R1 b - - 3 46,g8f7,8/5k2/3PN3/5K1p/3r4/1P6/pb6/6R1 w - - 4 47,g1g7 f7e8 g7e7,2077,hard,100,80,1159,endgame mate mateIn2 short,approved,"Approved hard Mate puzzle with popularity 100, 1159 plays, and rating deviation 80"
gSjvr,rnbq2k1/ppp2r2/3p1bp1/4Pp1p/2B4P/5N2/PPP2PP1/R2QK2R b KQ - 0 12,d6e5,rnbq2k1/ppp2r2/5bp1/4pp1p/2B4P/5N2/PPP2PP1/R2QK2R w KQ - 0 13,d1d8 f6d8 f3e5 d8f6 e5f7,2098,hard,99,76,1488,advantage kingsideAttack long opening pin,approved,"Approved hard Pin puzzle with popularity 99, 1488 plays, and rating deviation 76"
gcJ7i,8/1q1r1p1k/4p1p1/p3Q3/P2P2P1/5R2/5PK1/8 b - - 0 35,d7d5,8/1q3p1k/4p1p1/p2rQ3/P2P2P1/5R2/5PK1/8 w - - 1 36,f3h3 h7g8 e5h8,1308,easy,100,75,4433,endgame master mate mateIn2 short,approved,"Approved easy Mate puzzle with popularity 100, 4433 plays, and rating deviation 75"
ggOn4,8/pp4pk/7p/6q1/2Pp2Q1/P1b2P2/2b5/3K3R w - - 0 34,d1c2,8/pp4pk/7p/6q1/2Pp2Q1/P1b2P2/2K5/7R b - - 0 34,g5d2 c2b3 d2b2 b3a4 b7b5 c4b5 b2c2,2148,hard,100,76,1201,endgame exposedKing master mate mateIn4 veryLong,approved,"Approved hard Mate puzzle with popularity 100, 1201 plays, and rating deviation 76"
grxOA,1r3b1k/2q2ppp/3p4/3Qp1Pn/p3P2P/P3BP2/1PPR4/1K4R1 w - - 3 29,g5g6,1r3b1k/2q2ppp/3p2P1/3Qp2n/p3P2P/P3BP2/1PPR4/1K4R1 b - - 0 29,c7c3 d5a2 c3e3,2092,hard,99,75,1071,advantage middlegame pin short,approved,"Approved hard Pin puzzle with popularity 99, 1071 plays, and rating deviation 75"
h5Eu3,2r2rk1/4npp1/4q3/1bb4Q/7p/2P2N1P/PPB2PPB/R4K1R w - - 7 25,f1g1,2r2rk1/4npp1/4q3/1bb4Q/7p/2P2N1P/PPB2PPB/R5KR b - - 8 25,c5f2 g1f2 e6e2 f2g1 e2e3,2082,hard,100,76,1107,attraction fork long mate mateIn3 middlegame sacrifice,approved,"Approved hard Fork puzzle with popularity 100, 1107 plays, and rating deviation 76"
hIA0r,r1b3k1/pp1p1ppp/8/8/8/3q2P1/P2BnPBP/R2Q2KR w - - 5 20,g1f1,r1b3k1/pp1p1ppp/8/8/8/3q2P1/P2BnPBP/R2Q1K1R b - - 6 20,e2c3 f1g1 c3d1,1301,easy,100,74,6836,advantage discoveredAttack discoveredCheck middlegame short,approved,"Approved easy Discovered attack puzzle with popularity 100, 6836 plays, and rating deviation 74"
hOVX6,8/2prkpp1/2Qbp3/1N1n3p/P2Bq3/7P/1P3PP1/3R1K2 w - - 7 27,b5d6,8/2prkpp1/2QNp3/3n3p/P2Bq3/7P/1P3PP1/3R1K2 b - - 0 27,d5e3 f2e3 e4c6,2137,hard,99,76,1738,crushing discoveredAttack middlegame short,approved,"Approved hard Discovered attack puzzle with popularity 99, 1738 plays, and rating deviation 76"
hTitY,8/p1R1n1pk/4Q1pp/4P3/8/7P/P3qrP1/7K w - - 0 30,e6e7,8/p1R1Q1pk/6pp/4P3/8/7P/P3qrP1/7K b - - 0 30,e2f1 h1h2 f2g2,1473,medium,100,75,6084,endgame mate mateIn2 short,approved,"Approved medium Mate puzzle with popularity 100, 6084 plays, and rating deviation 75"
hTtOE,r2q1b2/pp1bk3/2n1pp2/2pp1nNB/5PQ1/2NP4/PPP5/R1B1K3 b Q - 1 16,f6g5,r2q1b2/pp1bk3/2n1p3/2pp1npB/5PQ1/2NP4/PPP5/R1B1K3 w Q - 0 17,g4g5 e7d6 c3b5,1375,easy,100,76,3989,mate mateIn2 middlegame short,approved,"Approved easy Mate puzzle with popularity 100, 3989 plays, and rating deviation 76"
hUAUF,r5k1/pp3ppp/4b3/4P3/1r3P2/3B1NPq/nPP1Q2P/1K1R3R w - - 2 21,f3g5,r5k1/pp3ppp/4b3/4P1N1/1r3P2/3B2Pq/nPP1Q2P/1K1R3R b - - 3 21,a2c3 b1c1 c3e2,1002,easy,100,75,5210,crushing middlegame pin queensideAttack short,approved,"Approved easy Pin puzzle with popularity 100, 5210 plays, and rating deviation 75"
hYemq,4k2r/1pp1bp1p/5p2/q3p3/3P4/1p2QN2/5PPP/K2R1B1R w k - 1 19,a1b2,4k2r/1pp1bp1p/5p2/q3p3/3P4/1p2QN2/1K3PPP/3R1B1R b k - 2 19,a5a2 b2c3 a2c2,1624,medium,100,77,3419,mate mateIn2 middlegame short,approved,"Approved medium Mate puzzle with popularity 100, 3419 plays, and rating deviation 77"
hbrlp,3r2k1/R4ppp/4p3/1N6/8/1P2Q2P/PB3PP1/1q3K2 w - - 1 28,e3c1,3r2k1/R4ppp/4p3/1N6/8/1P5P/PB3PP1/1qQ2K2 b - - 2 28,d8d1 c1d1 b1d1,1161,easy,100,75,4131,endgame fork mate mateIn2 short xRayAttack,approved,"Approved easy Fork puzzle with popularity 100, 4131 plays, and rating deviation 75"
hdStQ,8/8/8/p2P1p2/7p/4P1pk/P7/6K1 b - - 0 59,h3g4,8/8/8/p2P1p2/6kp/4P1p1/P7/6K1 w - - 1 60,d5d6 h4h3 d6d7 h3h2 g1g2,1410,medium,100,76,3841,advancedPawn crushing defensiveMove endgame long pawnEndgame,approved,"Approved medium Advanced pawn tactics puzzle with popularity 100, 3841 plays, and rating deviation 76"
heIji,3qr1k1/pp3p1p/4r1pB/1b6/1P3Q2/8/P4PPP/R4RK1 w - - 1 25,f1d1,3qr1k1/pp3p1p/4r1pB/1b6/1P3Q2/8/P4PPP/R2R2K1 b - - 2 25,d8d1 a1d1 e6e1 d1e1 e8e1,1376,easy,100,74,4720,backRankMate long mate mateIn3 middlegame sacrifice,approved,"Approved easy Sacrifice puzzle with popularity 100, 4720 plays, and rating deviation 74"
hijk6,R7/3k4/P2p1p2/3PpP2/4P3/r1p5/5KP1/8 w - - 2 62,a6a7,R7/P2k4/3p1p2/3PpP2/4P3/r1p5/5KP1/8 b - - 0 62,c3c2 a8h8 c2c1q,1591,medium,100,76,3034,advancedPawn crushing endgame promotion rookEndgame short,approved,"Approved medium Promotion puzzle with popularity 100, 3034 plays, and rating deviation 76"
hnL5W,r1b4r/p3R1kp/n1p3p1/3p4/3P1BPn/N1P2P2/PP5P/4R1K1 b - - 2 23,g7f6,r1b4r/p3R2p/n1p2kp1/3p4/3P1BPn/N1P2P2/PP5P/4R1K1 w - - 3 24,g4g5 f6f5 e7f7,2032,hard,100,76,1071,mate mateIn2 middlegame short,approved,"Approved hard Mate puzzle with popularity 100, 1071 plays, and rating deviation 76"
ho8pK,4k3/p5pp/3P4/2p1p3/2p1N3/P1P5/r6P/1rBK1R2 w - - 5 34,e4c5,4k3/p5pp/3P4/2N1p3/2p5/P1P5/r6P/1rBK1R2 b - - 0 34,b1c1 d1c1 a2a1 c1d2 a1f1,1557,medium,100,77,3375,advantage attraction endgame exposedKing long sacrifice skewer,approved,"Approved medium Skewer puzzle with popularity 100, 3375 plays, and rating deviation 77"
hoZWE,6k1/8/4p3/4P2p/3Q2pr/2P2q2/P1P3RP/6RK w - - 2 39,d4f2,6k1/8/4p3/4P2p/6pr/2P2q2/P1P2QRP/6RK b - - 3 39,h4h2 h1h2 f3h3,1466,medium,100,76,4795,attraction endgame mate mateIn2 pin sacrifice short,approved,"Approved medium Pin puzzle with popularity 100, 4795 plays, and rating deviation 76"
horHc,8/1p4pk/p5np/2P5/2Q2r2/P4pNq/5P1P/4R1RK w - - 6 33,c4d3,8/1p4pk/p5np/2P5/5r2/P2Q1pNq/5P1P/4R1RK b - - 7 33,h3h2 h1h2 f4h4,1451,medium,100,77,5571,attraction mate mateIn2 middlegame sacrifice short,approved,"Approved medium Sacrifice puzzle with popularity 100, 5571 plays, and rating deviation 77"
hp1UO,r1b2r1k/1p1nNpb1/p5Np/2q5/4P2p/1Q1B4/PPP3PP/5R1K b - - 5 23,f7g6,r1b2r1k/1p1nN1b1/p5pp/2q5/4P2p/1Q1B4/PPP3PP/5R1K w - - 0 24,f1f8 d7f8 b3g8,2074,hard,99,79,1327,kingsideAttack mate mateIn2 middlegame short,approved,"Approved hard Mate puzzle with popularity 99, 1327 plays, and rating deviation 79"
hqvOX,1r3r2/3R2k1/p5pN/1p2N3/1P2PnQ1/7P/2q2P2/6K1 b - - 0 39,g7h6,1r3r2/3R4/p5pk/1p2N3/1P2PnQ1/7P/2q2P2/6K1 w - - 0 40,g4h4 f4h5 e5g4,1626,medium,100,75,4134,mate mateIn2 middlegame short,approved,"Approved medium Mate puzzle with popularity 100, 4134 plays, and rating deviation 75"
htGGr,r1b3k1/q2n1pp1/2p4p/2NP4/1p1P4/3B1P2/1PQ3PP/4R1K1 b - - 0 22,c6d5,r1b3k1/q2n1pp1/7p/2Np4/1p1P4/3B1P2/1PQ3PP/4R1K1 w - - 0 23,e1e8 d7f8 d3h7 g8h8 e8f8,1344,easy,100,75,4735,deflection kingsideAttack long mate mateIn3 middlegame,approved,"Approved easy Deflection puzzle with popularity 100, 4735 plays, and rating deviation 75"
hy0Gh,8/7p/5P2/p7/Pk6/2p1K3/8/8 b - - 0 41,c3c2,8/7p/5P2/p7/Pk6/4K3/2p5/8 w - - 0 42,e3d2 b4b3 d2c1 h7h5 f6f7,1538,medium,100,77,3910,advancedPawn crushing endgame long pawnEndgame,approved,"Approved medium Advanced pawn tactics puzzle with popularity 100, 3910 plays, and rating deviation 77"
i1M35,5r2/pp5k/2p2pRp/3q3P/6Q1/P5PK/8/8 b - - 3 45,f8f7,8/pp3r1k/2p2pRp/3q3P/6Q1/P5PK/8/8 w - - 4 46,g6h6 h7h6 g4g6,1304,easy,100,74,3998,attraction endgame mate mateIn2 sacrifice short,approved,"Approved easy Sacrifice puzzle with popularity 100, 3998 plays, and rating deviation 74"
i4b1y,r6r/pbq3pN/1p2Rnk1/2b2p2/2P4Q/1P6/PB3PPP/R5K1 b - - 4 20,h8h7,r7/pbq3pr/1p2Rnk1/2b2p2/2P4Q/1P6/PB3PPP/R5K1 w - - 0 21,e6f6 g7f6 h4f6 g6h5 f6f5,1192,easy,100,76,4479,crushing deflection long middlegame,approved,"Approved easy Deflection puzzle with popularity 100, 4479 plays, and rating deviation 76"
i5MMP,r1bqr1k1/ppp1npp1/4Pn1p/8/2P5/B2B1N2/P4PPP/R3QRK1 b - - 0 15,d8d3,r1b1r1k1/ppp1npp1/4Pn1p/8/2P5/B2q1N2/P4PPP/R3QRK1 w - - 0 16,e6f7 g8f7 f3e5 f7g8 e5d3,1304,easy,100,76,4825,advancedPawn advantage attraction fork long opening,approved,"Approved easy Fork puzzle with popularity 100, 4825 plays, and rating deviation 76"
iHjzW,3rr2k/p1p2p1p/5P2/3Q4/4Np2/5Pq1/PPP1K3/R4R2 w - - 7 24,d5f7,3rr2k/p1p2Q1p/5P2/8/4Np2/5Pq1/PPP1K3/R4R2 b - - 0 24,e8e4 f3e4 g3e3,1581,medium,100,75,4075,mate mateIn2 middlegame sacrifice short,approved,"Approved medium Sacrifice puzzle with popularity 100, 4075 plays, and rating deviation 75"
iKYCG,3q4/2pr4/k4p2/p1QPp1p1/P3Pn1p/2P4P/5P1K/1R6 b - - 0 35,d7d6,3q4/2p5/k2r1p2/p1QPp1p1/P3Pn1p/2P4P/5P1K/1R6 w - - 1 36,c5b5 a6a7 b5b7,1200,easy,100,76,4231,endgame master mate mateIn2 short,approved,"Approved easy Mate puzzle with popularity 100, 4231 plays, and rating deviation 76"
iQ0zK,8/pp3bk1/2p5/5N2/2P5/3pP2p/PP4rP/4KR2 b - - 3 39,g7g6,8/pp3b2/2p3k1/5N2/2P5/3pP2p/PP4rP/4KR2 w - - 4 40,f5h4 g6h6 h4g2 h3g2 f1g1,1419,medium,100,76,4484,advantage endgame fork long,approved,"Approved medium Fork puzzle with popularity 100, 4484 plays, and rating deviation 76"
iTsX5,6r1/q2n2bk/3p3p/2nPp3/1p2P3/1P3P2/6Q1/1KN3RR b - - 3 32,d7f8,5nr1/q5bk/3p3p/2nPp3/1p2P3/1P3P2/6Q1/1KN3RR w - - 4 33,h1h6 g7h6 g2g8,1322,easy,100,76,4148,mate mateIn2 middlegame short,approved,"Approved easy Mate puzzle with popularity 100, 4148 plays, and rating deviation 76"
iVy5T,6rk/p1p2Qpp/2pp4/8/4P2q/1P1P4/2P2RP1/4K3 w - - 4 29,f7c7,6rk/p1Q3pp/2pp4/8/4P2q/1P1P4/2P2RP1/4K3 b - - 0 29,g8f8 c7a7 c6c5 e1d1 h4f2,2034,hard,99,74,1102,crushing endgame long pin quietMove,approved,"Approved hard Pin puzzle with popularity 99, 1102 plays, and rating deviation 74"
iZxaV,8/5p2/1pk1p1p1/r3P1Pp/PR1P3P/3K4/5P2/8 w - - 2 34,d3c4,8/5p2/1pk1p1p1/r3P1Pp/PRKP3P/8/5P2/8 b - - 3 34,a5a4 b4a4 b6b5 c4c3 b5a4,1567,medium,100,74,3371,attraction crushing endgame fork long rookEndgame sacrifice,approved,"Approved medium Fork puzzle with popularity 100, 3371 plays, and rating deviation 74"
iaz3E,4rrk1/5ppp/8/p2Q2P1/6K1/3P3P/P2q4/2R2R2 b - - 5 30,e8e3,5rk1/5ppp/8/p2Q2P1/6K1/3Pr2P/P2q4/2R2R2 w - - 6 31,d5f7 f8f7 c1c8 e3e8 c8e8 f7f8 f1f8,1413,medium,100,75,3316,endgame mate mateIn4 sacrifice veryLong,approved,"Approved medium Sacrifice puzzle with popularity 100, 3316 plays, and rating deviation 75"
igKP0,r4rk1/pbq1bpp1/1p2p2p/3nN1N1/3n1P1P/6Q1/PP1B2P1/RB2K2R b KQ - 7 18,f7f6,r4rk1/pbq1b1p1/1p2pp1p/3nN1N1/3n1P1P/6Q1/PP1B2P1/RB2K2R w KQ - 0 19,b1h7 g8h8 e5g6,2184,hard,99,78,1081,kingsideAttack mate mateIn2 middlegame short,approved,"Approved hard Mate puzzle with popularity 99, 1081 plays, and rating deviation 78"
ihe2Z,r3k2r/ppp2ppp/3p4/2N1p3/2B1P1nq/P2P1n2/1PP1N2P/R1BQ1K1R w kq - 1 12,e2g3,r3k2r/ppp2ppp/3p4/2N1p3/2B1P1nq/P2P1nN1/1PP4P/R1BQ1K1R b kq - 2 12,h4h3 f1e2 h3g2,2129,hard,100,76,1223,mate mateIn2 middlegame short,approved,"Approved hard Mate puzzle with popularity 100, 1223 plays, and rating deviation 76"
ikeXy,8/5ppk/B6p/2P4b/1q6/4Q3/p4PPP/4R1K1 w - - 0 41,e3e4,8/5ppk/B6p/2P4b/1q2Q3/8/p4PPP/4R1K1 b - - 1 41,b4e4 e1e4 a2a1q,1612,medium,100,75,2988,advancedPawn advantage endgame promotion short,approved,"Approved medium Promotion puzzle with popularity 100, 2988 plays, and rating deviation 75"
iqIeM,3r4/3r2p1/5p1p/8/3Nnk1N/2P5/2K3R1/8 b - - 9 50,g7g5,3r4/3r4/5p1p/6p1/3Nnk1N/2P5/2K3R1/8 w - g6 0 51,h4g6 f4e3 g2e2,2006,hard,100,76,1319,endgame hookMate mate mateIn2 short,approved,"Approved hard Mate puzzle with popularity 100, 1319 plays, and rating deviation 76"
iv7S2,2r3k1/pp4pp/4p3/2q1n3/6n1/1P2P1R1/P3N1PP/1B1Q2K1 w - - 0 22,d1d4,2r3k1/pp4pp/4p3/2q1n3/3Q2n1/1P2P1R1/P3N1PP/1B4K1 b - - 1 22,c5c1 e2c1 c8c1 d4d1 c1d1,1292,easy,100,75,4802,fork long mate mateIn3 middlegame sacrifice,approved,"Approved easy Fork puzzle with popularity 100, 4802 plays, and rating deviation 75"
ivsDo,r2qr1k1/pp3p1p/2p3pB/3Np3/3nP3/1P1P3P/1bPQ1PP1/3R1RK1 w - - 0 17,d5e3,r2qr1k1/pp3p1p/2p3pB/4p3/3nP3/1P1PN2P/1bPQ1PP1/3R1RK1 b - - 1 17,b2c3 d2c3 d4e2 g1h2 e2c3,2015,hard,98,77,3638,advantage attraction fork long middlegame sacrifice,approved,"Approved hard Fork puzzle with popularity 98, 3638 plays, and rating deviation 77"
iwlDu,4rbk1/pp1R2pp/2p2p2/2P2Q2/1q6/5PB1/4r2P/6RK b - - 1 31,b4c5,4rbk1/pp1R2pp/2p2p2/2q2Q2/8/5PB1/4r2P/6RK w - - 0 32,d7g7 f8g7 f5c5,2004,hard,99,76,2124,advantage deflection middlegame short,approved,"Approved hard Deflection puzzle with popularity 99, 2124 plays, and rating deviation 76"
iyjTQ,r3r3/1p3p1k/p1q1n1pp/P1p2N2/2P1R3/3P2RP/3Q1PP1/6K1 b - - 1 27,g6f5,r3r3/1p3p1k/p1q1n2p/P1p2p2/2P1R3/3P2RP/3Q1PP1/6K1 w - - 0 28,d2h6 h7h6 e4h4,1384,easy,100,77,4510,attraction mate mateIn2 middlegame sacrifice short,approved,"Approved easy Sacrifice puzzle with popularity 100, 4510 plays, and rating deviation 77"
j28jV,r7/Pk2b3/8/4Np1p/6p1/4P1P1/3K3P/R7 b - - 10 41,a8a7,8/rk2b3/8/4Np1p/6p1/4P1P1/3K3P/R7 w - - 0 42,a1a7 b7a7 e5c6 a7b6 c6e7,1296,easy,100,75,5209,attraction crushing endgame exposedKing fork long,approved,"Approved easy Fork puzzle with popularity 100, 5209 plays, and rating deviation 75"
jEqOl,8/8/2p1k3/4P2P/1p1P2PK/p7/PP6/8 w - - 0 45,h5h6,8/8/2p1k2P/4P3/1p1P2PK/p7/PP6/8 b - - 0 45,a3b2 h6h7 b2b1q h7h8q b1h1 h4g5 h1h8,1365,easy,100,76,3312,advancedPawn crushing endgame pawnEndgame promotion skewer veryLong,approved,"Approved easy Skewer puzzle with popularity 100, 3312 plays, and rating deviation 76"
jM04I,2r5/1R3k2/4pPp1/3pP1P1/5N2/Pp6/5q2/1K6 b - - 1 42,f7g8,2r3k1/1R6/4pPp1/3pP1P1/5N2/Pp6/5q2/1K6 w - - 2 43,b7g7 g8f8 f4e6 f8e8 g7e7,2150,hard,98,78,2492,endgame exposedKing long mate mateIn3 vukovicMate,approved,"Approved hard Mate puzzle with popularity 98, 2492 plays, and rating deviation 78"
jUuO1,3r1k2/p6R/2p3r1/1p3p2/1P1P3Q/2q5/P5PK/8 b - - 9 49,c3d4,3r1k2/p6R/2p3r1/1p3p2/1P1q3Q/8/P5PK/8 w - - 0 50,h4e7 f8g8 e7f7,2022,hard,100,75,1053,endgame mate mateIn2 short,approved,"Approved hard Mate puzzle with popularity 100, 1053 plays, and rating deviation 75"
jbi4V,2kr2nr/1pp2ppp/p2b1q2/5n2/6B1/2N1P3/PPP2PPP/R1BQ1RK1 w - - 1 11,c3e4,2kr2nr/1pp2ppp/p2b1q2/5n2/4N1B1/4P3/PPP2PPP/R1BQ1RK1 b - - 2 11,d6h2 g1h2 f6h4 h2g1 d8d1,2089,hard,98,77,3037,advantage attraction kingsideAttack long opening sacrifice,approved,"Approved hard Sacrifice puzzle with popularity 98, 3037 plays, and rating deviation 77"
jjMxg,r2q1r2/1pp1pRbk/p1n1P1pp/8/3P4/2P4Q/P1P3PP/R1B3K1 b - - 6 17,d8d5,r4r2/1pp1pRbk/p1n1P1pp/3q4/3P4/2P4Q/P1P3PP/R1B3K1 w - - 7 18,h3h6 h7g8 h6g7,1378,easy,100,76,6192,mate mateIn2 middlegame pin short,approved,"Approved easy Pin puzzle with popularity 100, 6192 plays, and rating deviation 76"
jpJG9,2r2k1R/1q4b1/p2rpnB1/1p3p2/1PpP1N2/6P1/7Q/5RK1 b - - 15 33,g7h8,2r2k1b/1q6/p2rpnB1/1p3p2/1PpP1N2/6P1/7Q/5RK1 w - - 0 34,h2h8 f8e7 h8g7,1325,easy,100,76,6836,crushing fork middlegame short,approved,"Approved easy Fork puzzle with popularity 100, 6836 plays, and rating deviation 76"
jqBCS,6rk/ppp2r2/3pN3/3Pbn2/2P3R1/2N5/PP4P1/5RK1 w - - 5 27,e6g5,6rk/ppp2r2/3p4/3PbnN1/2P3R1/2N5/PP4P1/5RK1 b - - 6 27,g8g5 g4g5 e5d4,2038,hard,99,78,1144,advantage middlegame sacrifice short,approved,"Approved hard Sacrifice puzzle with popularity 99, 1144 plays, and rating deviation 78"
jwaIz,7Q/5Bp1/7k/1p2Pb1p/8/6K1/PP4P1/5r1r b - - 6 42,h6g5,7Q/5Bp1/8/1p2Pbkp/8/6K1/PP4P1/5r1r w - - 7 43,h8g7 f5g6 g7g6,1245,easy,100,75,4454,endgame mate mateIn2 short,approved,"Approved easy Mate puzzle with popularity 100, 4454 plays, and rating deviation 75"
k001B,r3kbr1/pp1q1p1p/2nppQp1/1N6/4P3/2N1P3/PPP3PP/R4RK1 b q - 3 13,f8g7,r3k1r1/pp1q1pbp/2nppQp1/1N6/4P3/2N1P3/PPP3PP/R4RK1 w q - 4 14,b5d6 d7d6 f6f7,1321,easy,100,75,4248,attackingF2F7 crushing deflection middlegame short,approved,"Approved easy Deflection puzzle with popularity 100, 4248 plays, and rating deviation 75"
k7Ucb,4r1k1/p4p1p/2R3p1/2Q1Pq2/8/4P3/b3r1PP/3R2K1 b - - 0 28,e8e5,6k1/p4p1p/2R3p1/2Q1rq2/8/4P3/b3r1PP/3R2K1 w - - 0 29,d1d8 e5e8 d8e8 g8g7 c5f8,2004,hard,99,76,1368,long master mate mateIn3 middlegame,approved,"Approved hard Mate puzzle with popularity 99, 1368 plays, and rating deviation 76"
k7fwC,8/2r1nk2/2P5/2R3P1/2N1K3/1p6/8/8 b - - 2 53,c7c6,8/4nk2/2r5/2R3P1/2N1K3/1p6/8/8 w - - 0 54,c4e5 f7e8 e5c6 b3b2 c5b5,1285,easy,100,75,5079,crushing endgame fork long master masterVsMaster,approved,"Approved easy Fork puzzle with popularity 100, 5079 plays, and rating deviation 75"
k9qiZ,5rk1/3pQp1p/p4Pp1/1p5q/8/1Pr4P/P3R1P1/4R2K b - - 4 34,h5d5,5rk1/3pQp1p/p4Pp1/1p1q4/8/1Pr4P/P3R1P1/4R2K w - - 5 35,e7f8 g8f8 e2e8,1369,easy,100,75,5374,attraction endgame mate mateIn2 sacrifice short,approved,"Approved easy Sacrifice puzzle with popularity 100, 5374 plays, and rating deviation 75"
kKMlA,8/5pkp/p4Rp1/1pq5/6N1/2P4P/PP4Q1/4r2K w - - 1 35,h1h2,8/5pkp/p4Rp1/1pq5/6N1/2P4P/PP4QK/4r3 b - - 2 35,c5c7 g2g3 e1h1 h2h1 c7g3,2179,hard,99,75,1043,crushing deflection endgame long,approved,"Approved hard Deflection puzzle with popularity 99, 1043 plays, and rating deviation 75"
kKc8p,4kbnr/1p3ppp/1N2p3/1b6/4q3/2N5/PPnp1PPP/1RBQ1K1R w k - 0 18,c3b5,4kbnr/1p3ppp/1N2p3/1N6/4q3/8/PPnp1PPP/1RBQ1K1R b k - 0 18,e4e1 d1e1 d2e1q,1639,medium,100,77,3242,advancedPawn mate mateIn2 opening promotion short,approved,"Approved medium Promotion puzzle with popularity 100, 3242 plays, and rating deviation 77"
kM37p,3k3r/2p2ppp/1pP3q1/p1p5/Q7/2P4P/P4PP1/4R1K1 b - - 0 25,h8e8,3kr3/2p2ppp/1pP3q1/p1p5/Q7/2P4P/P4PP1/4R1K1 w - - 1 26,a4d1 g6d6 d1d6 c7d6 c6c7 d8c7 e1e8,2151,hard,99,75,1038,advancedPawn crushing deflection endgame veryLong,approved,"Approved hard Deflection puzzle with popularity 99, 1038 plays, and rating deviation 75"
kOKAL,4rrk1/p6p/2R3p1/4R2n/1q3p2/1P6/PBQ2PPP/6K1 w - - 1 28,h2h3,4rrk1/p6p/2R3p1/4R2n/1q3p2/1P5P/PBQ2PP1/6K1 b - - 0 28,e8e5 b2e5 b4e1 g1h2 e1e5,1368,easy,100,76,5078,advantage fork long master middlegame,approved,"Approved easy Fork puzzle with popularity 100, 5078 plays, and rating deviation 76"
kOlq8,3r2k1/5pp1/p2P3p/5R2/2p1n3/2P4P/6P1/3R3K w - - 1 31,d6d7,3r2k1/3P1pp1/p6p/5R2/2p1n3/2P4P/6P1/3R3K b - - 0 31,e4g3 h1g1 g3f5,1335,easy,100,75,4392,advantage endgame fork short,approved,"Approved easy Fork puzzle with popularity 100, 4392 plays, and rating deviation 75"
kPDuf,3r4/6k1/8/1pp2P2/8/pP1rQ3/P7/1K6 w - - 0 39,e3c5,3r4/6k1/8/1pQ2P2/8/pP1r4/P7/1K6 b - - 0 39,d3d1 b1c2 d8d2 c2c3 d1c1 c3d2 c1c5,1344,easy,100,76,5964,crushing endgame queenRookEndgame skewer veryLong,approved,"Approved easy Skewer puzzle with popularity 100, 5964 plays, and rating deviation 76"
kSVYG,6k1/p1R4p/1p4pb/8/8/rP2N2P/5PP1/6K1 w - - 1 32,e3c4,6k1/p1R4p/1p4pb/8/2N5/rP5P/5PP1/6K1 b - - 2 32,a3a1 g1h2 h6f4 g2g3 f4c7,1136,easy,100,74,4221,crushing endgame fork long,approved,"Approved easy Fork puzzle with popularity 100, 4221 plays, and rating deviation 74"
kUro9,8/4k3/1KP5/p7/P6p/8/8/8 b - - 2 54,e7d8,3k4/8/1KP5/p7/P6p/8/8/8 w - - 3 55,b6b7 d8e7 c6c7,1480,medium,100,75,3673,advancedPawn crushing endgame pawnEndgame short,approved,"Approved medium Advanced pawn tactics puzzle with popularity 100, 3673 plays, and rating deviation 75"
kWLyX,1r3r1k/pp1b1pp1/8/4R3/P1p5/2P2NqP/5bP1/RQ5K b - - 1 25,d7h3,1r3r1k/pp3pp1/8/4R3/P1p5/2P2Nqb/5bP1/RQ5K w - - 0 26,e5h5 h8g8 b1h7,1114,easy,100,76,7653,mate mateIn2 middlegame short,approved,"Approved easy Mate puzzle with popularity 100, 7653 plays, and rating deviation 76"
ke9Fs,2r3k1/1Q3ppp/p1r1p3/3qP3/1P6/P1Rp4/5PPP/2R3K1 b - - 0 27,c6c3,2r3k1/1Q3ppp/p3p3/3qP3/1P6/P1rp4/5PPP/2R3K1 w - - 0 28,b7c8 c3c8 c1c8 d5d8 c8d8,1138,easy,100,76,6975,backRankMate endgame long mate mateIn3 xRayAttack,approved,"Approved easy Mate puzzle with popularity 100, 6975 plays, and rating deviation 76"
khlHi,5rk1/5ppp/2N1p3/p2pN3/1r6/8/5PPP/2R3K1 b - - 2 28,b4b6,5rk1/5ppp/1rN1p3/p2pN3/8/8/5PPP/2R3K1 w - - 3 29,c6e7 g8h8 e5f7 f8f7 c1c8 f7f8 c8f8,2157,hard,100,77,1086,backRankMate deflection endgame mate mateIn4 sacrifice veryLong,approved,"Approved hard Deflection puzzle with popularity 100, 1086 plays, and rating deviation 77"
kiErN,8/8/p7/3k3P/r3p1R1/6P1/4K3/8 b - - 0 47,d5d4,8/8/p7/7P/r2kp1R1/6P1/4K3/8 w - - 1 48,h5h6 a4a2 e2f1 d4e3 h6h7,2017,hard,100,76,1140,advancedPawn crushing defensiveMove endgame long rookEndgame,approved,"Approved hard Advanced pawn tactics puzzle with popularity 100, 1140 plays, and rating deviation 76"
kigK0,8/8/5p2/R3bPp1/4k1Kp/8/8/8 b - - 13 67,e4d3,8/8/5p2/R3bPp1/6Kp/3k4/8/8 w - - 14 68,a5e5 f6e5 f5f6 e5e4 f6f7 e4e3 f7f8q,1416,medium,100,74,4045,advancedPawn crushing endgame promotion sacrifice veryLong,approved,"Approved medium Sacrifice puzzle with popularity 100, 4045 plays, and rating deviation 74"
kl4Sp,4rr1k/pp1b1pp1/n2p1P1p/3Nq2Q/1PPpP3/P2P2R1/6BP/2R4K b - - 0 25,e5h5,4rr1k/pp1b1pp1/n2p1P1p/3N3q/1PPpP3/P2P2R1/6BP/2R4K w - - 0 26,f6g7 h8g8 d5f6,1445,medium,100,76,3842,advancedPawn fork mate mateIn2 middlegame short,approved,"Approved medium Fork puzzle with popularity 100, 3842 plays, and rating deviation 76"
klhOe,3q1r2/6k1/3P2p1/2Q1pp2/6p1/P1P5/6B1/6K1 b - - 0 37,f8f6,3q4/6k1/3P1rp1/2Q1pp2/6p1/P1P5/6B1/6K1 w - - 1 38,c5c7 d8c7 d6c7 f6f8 g2b7,1471,medium,100,77,3535,advancedPawn advantage defensiveMove endgame long,approved,"Approved medium Advanced pawn tactics puzzle with popularity 100, 3535 plays, and rating deviation 77"
kmOPk,5Q2/8/3k1b2/3ppr2/8/8/4K3/8 b - - 7 63,d6e6,5Q2/8/4kb2/3ppr2/8/8/4K3/8 w - - 8 64,f8c8 e6d6 c8f5,1424,medium,100,75,3073,crushing deflection endgame short skewer,approved,"Approved medium Skewer puzzle with popularity 100, 3073 plays, and rating deviation 75"
kschz,r3r1k1/2R3n1/1p4Qp/p3p3/2P5/1P2q3/PK5P/8 b - - 1 33,e3g5,r3r1k1/2R3n1/1p4Qp/p3p1q1/2P5/1P6/PK5P/8 w - - 2 34,c7g7 g8h8 g6h7,1383,easy,100,74,5903,endgame mate mateIn2 short,approved,"Approved easy Mate puzzle with popularity 100, 5903 plays, and rating deviation 74"
kvoNj,7r/6pp/p1k1p3/1pn5/4NP2/3pP3/P5PP/2R3K1 b - - 1 27,c6d5,7r/6pp/p3p3/1pnk4/4NP2/3pP3/P5PP/2R3K1 w - - 2 28,c1c5 d5e4 c5e5,2059,hard,99,76,1295,endgame master mate mateIn2 short,approved,"Approved hard Mate puzzle with popularity 99, 1295 plays, and rating deviation 76"
kyFCV,rn1q1b1r/ppp1n1p1/3pbk1p/4N2Q/4P2P/2N5/PP3PP1/R1B1K2R b KQ - 0 10,d6e5,rn1q1b1r/ppp1n1p1/4bk1p/4p2Q/4P2P/2N5/PP3PP1/R1B1K2R w KQ - 0 11,c1g5 h6g5 h4g5,2007,hard,98,76,2990,mate mateIn2 opening sacrifice short,approved,"Approved hard Sacrifice puzzle with popularity 98, 2990 plays, and rating deviation 76"
l0bwA,1r6/2p2R1P/2kp4/8/8/pp3P2/5P1K/B7 w - - 0 43,h7h8q,1r5Q/2p2R2/2kp4/8/8/pp3P2/5P1K/B7 b - - 0 43,b8h8 a1h8 b3b2 h8b2 a3b2,1246,easy,100,75,4755,advancedPawn crushing endgame long,approved,"Approved easy Advanced pawn tactics puzzle with popularity 100, 4755 plays, and rating deviation 75"
l8BGl,r5rk/1pq1b1Rb/2pp1nRQ/3Pp3/1nP1P2P/2N2N2/2B2P2/7K b - - 3 36,e7f8,r4brk/1pq3Rb/2pp1nRQ/3Pp3/1nP1P2P/2N2N2/2B2P2/7K w - - 4 37,h6h7 f6h7 g7g8,2138,hard,100,76,1135,deflection kingsideAttack mate mateIn2 middlegame short,approved,"Approved hard Deflection puzzle with popularity 100, 1135 plays, and rating deviation 76"
lBFqb,7r/2p2kp1/4qpp1/4n2r/3Q4/P5P1/1PP2PB1/R4RK1 w - - 5 24,g2d5,7r/2p2kp1/4qpp1/3Bn2r/3Q4/P5P1/1PP2P2/R4RK1 b - - 6 24,h5h1 d5h1 h8h1 g1h1 e6h3 h1g1 e5f3,2084,hard,98,78,2252,attraction mate mateIn4 middlegame sacrifice veryLong,approved,"Approved hard Sacrifice puzzle with popularity 98, 2252 plays, and rating deviation 78"
lIprX,r1bk1b1r/ppp3pp/2n5/8/4RB2/2P2N2/PPP2PPP/R2K4 b - - 0 12,c8g4,r2k1b1r/ppp3pp/2n5/8/4RBb1/2P2N2/PPP2PPP/R2K4 w - - 1 13,f4g5 d8d7 e4g4,1438,medium,100,75,5595,advantage discoveredAttack middlegame short,approved,"Approved medium Discovered attack puzzle with popularity 100, 5595 plays, and rating deviation 75"
lKqfA,8/4k1p1/2p1p2p/1p1p4/3P2Nn/2P2PqP/3Q2P1/7K b - - 3 40,h6h5,8/4k1p1/2p1p3/1p1p3p/3P2Nn/2P2PqP/3Q2P1/7K w - - 0 41,d2g5 e7e8 g4f6 g7f6 g5g3,1426,medium,100,75,3545,crushing discoveredAttack endgame long,approved,"Approved medium Discovered attack puzzle with popularity 100, 3545 plays, and rating deviation 75"
lMKOP,2brr2k/2q2pp1/2p4p/4NP2/1P1n4/6Q1/6PP/RB2R1K1 b - - 2 34,h8h7,2brr3/2q2ppk/2p4p/4NP2/1P1n4/6Q1/6PP/RB2R1K1 w - - 3 35,f5f6 g7g6 b1g6 f7g6 g3g6,1240,easy,100,75,4126,crushing discoveredAttack discoveredCheck long middlegame,approved,"Approved easy Discovered attack puzzle with popularity 100, 4126 plays, and rating deviation 75"
lcQfz,6k1/r2Rqpp1/2P4p/5Q2/4p3/4P1P1/1p3PP1/6K1 w - - 0 36,d7e7,6k1/r3Rpp1/2P4p/5Q2/4p3/4P1P1/1p3PP1/6K1 b - - 0 36,b2b1q g1h2 a7e7,1543,medium,100,75,3352,advancedPawn advantage endgame intermezzo promotion short,approved,"Approved medium Promotion puzzle with popularity 100, 3352 plays, and rating deviation 75"
ldek0,8/pp1r1pk1/5R2/3K2P1/PP1P4/7r/8/5R2 w - - 3 38,d5c5,8/pp1r1pk1/5R2/2K3P1/PP1P4/7r/8/5R2 b - - 4 38,h3c3 c5b5 d7d5,1416,medium,100,76,3892,endgame mate mateIn2 rookEndgame short,approved,"Approved medium Mate puzzle with popularity 100, 3892 plays, and rating deviation 76"
lheGu,7k/4nr1p/5qp1/2Bp4/1P1N4/1NP1bpPb/P6P/R3Q2K w - - 0 29,e1e3,7k/4nr1p/5qp1/2Bp4/1P1N4/1NP1QpPb/P6P/R6K b - - 0 29,h3g2 h1g1 f3f2 g1g2 f2f1q a1f1 f6f1,2259,hard,98,77,3211,advancedPawn kingsideAttack mate mateIn4 middlegame promotion veryLong,approved,"Approved hard Promotion puzzle with popularity 98, 3211 plays, and rating deviation 77"
lhhCZ,2Q5/5ppk/4r3/8/4nP2/5Rp1/PP4Pr/5RK1 w - - 4 29,f1e1,2Q5/5ppk/4r3/8/4nP2/5Rp1/PP4Pr/4R1K1 b - - 5 29,h2h1 g1h1 e4f2 f3f2 e6e1 f2f1 e1f1,2083,hard,100,77,1074,attraction discoveredAttack endgame mate mateIn4 sacrifice veryLong,approved,"Approved hard Discovered attack puzzle with popularity 100, 1074 plays, and rating deviation 77"
lr2E3,3r1k2/1p3pRp/7r/2Pp4/4P2n/1P3P1q/PB1Q3P/4R1K1 w - - 1 27,g7g3,3r1k2/1p3p1p/7r/2Pp4/4P2n/1P3PRq/PB1Q3P/4R1K1 b - - 2 27,h3g3 h2g3 h4f3,2012,hard,99,76,1957,advantage kingsideAttack middlegame sacrifice short,approved,"Approved hard Sacrifice puzzle with popularity 99, 1957 plays, and rating deviation 76"
lrBO8,2k4r/ppp2r2/4p1q1/P1PpP3/3n3p/1Q1B2pP/6P1/R1B2RK1 w - - 0 25,d3g6,2k4r/ppp2r2/4p1B1/P1PpP3/3n3p/1Q4pP/6P1/R1B2RK1 b - - 0 25,d4e2 g1h1 f7f1,1552,medium,100,76,3841,deflection kingsideAttack mate mateIn2 middlegame short,approved,"Approved medium Deflection puzzle with popularity 100, 3841 plays, and rating deviation 76"
m65Mq,5Q2/6p1/6kp/3pp2q/4P3/5PP1/6P1/6K1 b - - 1 51,d5d4,5Q2/6p1/6kp/4p2q/3pP3/5PP1/6P1/6K1 w - - 0 52,f8e8 g6f6 e8h5,1421,medium,100,76,2668,crushing deflection endgame queenEndgame short skewer,approved,"Approved medium Skewer puzzle with popularity 100, 2668 plays, and rating deviation 76"
m8OJw,1r4k1/5pP1/1P5p/p1pqP2Q/P1pB2p1/2P5/7P/6K1 b - - 0 34,c5d4,1r4k1/5pP1/1P5p/p2qP2Q/P1pp2p1/2P5/7P/6K1 w - - 0 35,h5h6 f7f6 h6h8 g8f7 h8b8,1162,easy,100,75,4470,crushing endgame long skewer,approved,"Approved easy Skewer puzzle with popularity 100, 4470 plays, and rating deviation 75"
mAGJn,8/1p3k2/p2p4/2PPp1p1/1PK1n1B1/8/P7/8 b - - 1 39,e4f2,8/1p3k2/p2p4/2PPp1p1/1PK3B1/8/P4n2/8 w - - 2 40,c5c6 b7c6 d5c6 f2g4 c6c7,2037,hard,100,75,1024,advancedPawn crushing endgame long sacrifice,approved,"Approved hard Sacrifice puzzle with popularity 100, 1024 plays, and rating deviation 75"
mIiwT,q1r5/5pk1/1pbp2pp/2n1p3/P3P3/1P3N2/2B1QPPP/2R3K1 b - - 1 30,c5e4,q1r5/5pk1/1pbp2pp/4p3/P3n3/1P3N2/2B1QPPP/2R3K1 w - - 0 31,c2e4 c6e4 c1c8 a8c8 e2e4,1260,easy,100,75,3990,advantage discoveredAttack long middlegame,approved,"Approved easy Discovered attack puzzle with popularity 100, 3990 plays, and rating deviation 75"
mQFao,r1bq1rk1/pp4p1/2p1p2p/3pB2P/3Pn1pb/2NBPP2/PPP1K3/R2Q3R w - - 0 16,f3e4,r1bq1rk1/pp4p1/2p1p2p/3pB2P/3PP1pb/2NBP3/PPP1K3/R2Q3R b - - 0 16,f8f2 e2e1 f2h2,1426,medium,100,76,3663,advantage discoveredAttack discoveredCheck middlegame short,approved,"Approved medium Discovered attack puzzle with popularity 100, 3663 plays, and rating deviation 76"
mX4RJ,2R5/5pkp/4p1p1/3pP3/qP6/4PP1P/1r4P1/4Q1K1 w - - 3 32,e1h4,2R5/5pkp/4p1p1/3pP3/qP5Q/4PP1P/1r4P1/6K1 b - - 4 32,a4d1 g1h2 d1f3 h4f6 f3f6,2108,hard,99,75,1142,advantage endgame long pin,approved,"Approved hard Pin puzzle with popularity 99, 1142 plays, and rating deviation 75"
mYQci,5rk1/pQ4pp/2p5/8/7q/8/P1P3bB/6RK w - - 0 36,g1g2,5rk1/pQ4pp/2p5/8/7q/8/P1P3RB/7K b - - 0 36,f8f1 g2g1 h4e4,1342,easy,100,75,4632,endgame mate mateIn2 short,approved,"Approved easy Mate puzzle with popularity 100, 4632 plays, and rating deviation 75"
mYT2n,r3k2r/pb1qb1pB/1p2p3/1N1pP3/8/P7/1PQ3PP/2R2RK1 b kq - 3 22,d7b5,r3k2r/pb2b1pB/1p2p3/1q1pP3/8/P7/1PQ3PP/2R2RK1 w kq - 0 23,h7g6 e8d7 c2c7,1308,easy,100,76,4372,mate mateIn2 middlegame short,approved,"Approved easy Mate puzzle with popularity 100, 4372 plays, and rating deviation 76"
mZYTl,5k2/2q2p1p/p3pQpP/3p4/5PK1/r7/2p5/2R5 b - - 6 40,a3b3,5k2/2q2p1p/p3pQpP/3p4/5PK1/1r6/2p5/2R5 w - - 7 41,c1c2 c7d7 c2c8 d7c8 f6h8 f8e7 h8c8,2056,hard,99,77,1149,advantage endgame sacrifice skewer veryLong,approved,"Approved hard Skewer puzzle with popularity 99, 1149 plays, and rating deviation 77"
maYE7,8/3R3p/5ppk/8/8/8/2q1r1PP/2B3RK b - - 3 37,h6h5,8/3R3p/5pp1/7k/8/8/2q1r1PP/2B3RK w - - 4 38,g2g4 h5h4 d7h7,2033,hard,98,76,3747,endgame mate mateIn2 pillsburysMate short,approved,"Approved hard Mate puzzle with popularity 98, 3747 plays, and rating deviation 76"
mdZBq,r4r2/5p1k/p4Bp1/qpp4p/2Pn2PQ/3PR3/PP3P1P/R5K1 w - - 1 24,a1e1,r4r2/5p1k/p4Bp1/qpp4p/2Pn2PQ/3PR3/PP3P1P/4R1K1 b - - 2 24,a5e1 e3e1 d4f3 g1f1 f3h4,1662,medium,100,76,3620,advantage fork long middlegame sacrifice,approved,"Approved medium Fork puzzle with popularity 100, 3620 plays, and rating deviation 76"
mmQ93,r4bk1/1pN3r1/1B1p1n2/P2Pp2p/1P2Pp1n/5PqP/4BRp1/2RQN1K1 w - - 2 28,e2f1,r4bk1/1pN3r1/1B1p1n2/P2Pp2p/1P2Pp1n/5PqP/5Rp1/2RQNBK1 b - - 3 28,g3h2 g1h2 g2g1q,2241,hard,100,78,1023,advancedPawn attraction kingsideAttack mate mateIn2 middlegame promotion short,approved,"Approved hard Promotion puzzle with popularity 100, 1023 plays, and rating deviation 78"
mpIue,r3r3/5Q2/p1k1p3/3pP3/2N2P2/2P1P3/Pq4P1/1B1b2K1 b - - 0 31,d5c4,r3r3/5Q2/p1k1p3/4P3/2p2P2/2P1P3/Pq4P1/1B1b2K1 w - - 0 32,b1e4 c6b6 f7b7 b6a5 b7b2,1287,easy,100,75,3066,crushing endgame exposedKing long skewer,approved,"Approved easy Skewer puzzle with popularity 100, 3066 plays, and rating deviation 75"
mv1Io,8/7R/4k3/6K1/8/1r3P1p/8/8 w - - 6 51,f3f4,8/7R/4k3/6K1/5P2/1r5p/8/8 b - - 0 51,b3g3 g5h4 g3g1 h4h3 g1h1 h3g2 h1h7,2088,hard,98,76,1748,crushing endgame quietMove rookEndgame skewer veryLong,approved,"Approved hard Skewer puzzle with popularity 98, 1748 plays, and rating deviation 76"
n08au,r3k3/1bP2p2/p2ppqr1/7p/3n2p1/1B4Q1/PP3PPP/RN3RK1 w q - 0 19,g3d6,r3k3/1bP2p2/p2Qpqr1/7p/3n2p1/1B6/PP3PPP/RN3RK1 b q - 0 19,d4e2 g1h1 b7g2 h1g2 f6f3,2055,hard,98,78,2311,attraction kingsideAttack long mate mateIn3 middlegame sacrifice,approved,"Approved hard Sacrifice puzzle with popularity 98, 2311 plays, and rating deviation 78"
n6SPc,r7/P7/K1k1p1p1/5p1p/5P1P/6P1/3p4/1R6 b - - 1 66,a8d8,3r4/P7/K1k1p1p1/5p1p/5P1P/6P1/3p4/1R6 w - - 2 67,b1b8 d8b8 a7b8q d2d1q b8c8,2020,hard,98,78,1597,advancedPawn crushing endgame long promotion rookEndgame,approved,"Approved hard Promotion puzzle with popularity 98, 1597 plays, and rating deviation 78"
nIRfW,4r1k1/pp3p2/1qp2rpQ/8/8/3R4/P1B2PPP/5RK1 w - - 3 27,d3h3,4r1k1/pp3p2/1qp2rpQ/8/8/7R/P1B2PPP/5RK1 b - - 4 27,b6f2 f1f2 e8e1 f2f1 e1f1,1357,easy,100,74,4895,long mate mateIn3 middlegame sacrifice,approved,"Approved easy Sacrifice puzzle with popularity 100, 4895 plays, and rating deviation 74"
nJktr,4R3/5k1r/P1Bp3q/3P1p2/3b2p1/P5P1/6QP/7K w - - 6 41,g2e2,4R3/5k1r/P1Bp3q/3P1p2/3b2p1/P5P1/4Q2P/7K b - - 7 41,h6c1 e2e1 h7h2 h1h2 c1h6 h2g2 h6h3,2169,hard,99,76,1158,attraction deflection discoveredAttack endgame mate mateIn4 sacrifice veryLong,approved,"Approved hard Discovered attack puzzle with popularity 99, 1158 plays, and rating deviation 76"
nPSC9,5rk1/1p3ppp/p1pQ4/1q1nN3/8/1PP5/P4PPP/4R1K1 b - - 2 19,d5c3,5rk1/1p3ppp/p1pQ4/1q2N3/8/1Pn5/P4PPP/4R1K1 w - - 0 20,d6f8 g8f8 e5d7 f8g8 e1e8,1347,easy,100,74,4055,attraction backRankMate endgame long mate mateIn3 sacrifice,approved,"Approved easy Sacrifice puzzle with popularity 100, 4055 plays, and rating deviation 74"
nXyPN,r4rk1/pp2qppp/6b1/2p5/3n2P1/3P3P/PPP2PB1/R1BQ1RK1 w - - 1 15,c1f4,r4rk1/pp2qppp/6b1/2p5/3n1BP1/3P3P/PPP2PB1/R2Q1RK1 b - - 2 15,d4e2 g1h2 e2f4,1065,easy,100,75,5377,advantage fork master middlegame short,approved,"Approved easy Fork puzzle with popularity 100, 5377 plays, and rating deviation 75"
nbSFl,8/8/3k4/R4p2/8/4p2p/8/6K1 w - - 0 84,a5f5,8/8/3k4/5R2/8/4p2p/8/6K1 b - - 0 84,h3h2 g1h2 e3e2 h2g3 e2e1q,2033,hard,98,78,2373,advancedPawn crushing endgame long promotion rookEndgame,approved,"Approved hard Promotion puzzle with popularity 98, 2373 plays, and rating deviation 78"
nctB8,7R/8/8/p7/k7/1p3K2/8/8 w - - 0 60,h8h1,8/8/8/p7/k7/1p3K2/8/7R b - - 1 60,b3b2 f3e4 a4b3 e4d5 a5a4 d5c5 a4a3,2124,hard,99,76,1043,advancedPawn crushing endgame quietMove rookEndgame veryLong,approved,"Approved hard Advanced pawn tactics puzzle with popularity 99, 1043 plays, and rating deviation 76"
nn5pB,1r6/4p3/2ppkp2/p3n1pp/Nr1RPP2/1P2K1PP/P1P5/3R4 b - - 0 28,e5f7,1r6/4pn2/2ppkp2/p5pp/Nr1RPP2/1P2K1PP/P1P5/3R4 w - - 1 29,a4c5 d6c5 f4f5 e6e5 d4d5 c6d5 d1d5,2074,hard,98,76,2690,endgame mate mateIn4 sacrifice veryLong,approved,"Approved hard Sacrifice puzzle with popularity 98, 2690 plays, and rating deviation 76"
nr4gN,1r1q1knr/2b2ppp/N1Q5/4p3/2P5/3bP3/PP1P1P1P/R1B1R1K1 w - - 2 18,c6c7,1r1q1knr/2Q2ppp/N7/4p3/2P5/3bP3/PP1P1P1P/R1B1R1K1 b - - 0 18,d8g5 g1h1 d3e4 f2f3 e4f3,1054,easy,100,76,5127,kingsideAttack long mate mateIn3 middlegame,approved,"Approved easy Mate puzzle with popularity 100, 5127 plays, and rating deviation 76"
nryH7,8/8/8/1r3k1K/1P3p2/1R5p/5P2/8 w - - 0 41,b3h3,8/8/8/1r3k1K/1P3p2/7R/5P2/8 b - - 0 41,b5b8 h5h6 b8h8 h6g7 h8h3,2011,hard,99,76,1534,crushing endgame long rookEndgame skewer,approved,"Approved hard Skewer puzzle with popularity 99, 1534 plays, and rating deviation 76"
nszuI,5r2/1kpn4/1p6/1P5p/3Pp1p1/1N2P1K1/R5PP/8 w - - 5 29,a2f2,5r2/1kpn4/1p6/1P5p/3Pp1p1/1N2P1K1/5RPP/8 b - - 6 29,h5h4 g3g4 f8f2,1470,medium,100,76,4624,crushing deflection endgame master short,approved,"Approved medium Deflection puzzle with popularity 100, 4624 plays, and rating deviation 76"
nt1J9,2kr4/1pp2pp1/p3qn1p/8/8/1P2PQ2/PBPr1PPP/R2R2K1 b - - 4 17,d2c2,2kr4/1pp2pp1/p3qn1p/8/8/1P2PQ2/PBr2PPP/R2R2K1 w - - 0 18,d1d8 c8d8 f3d1 d8c8 d1c2,2011,hard,100,75,1379,attraction crushing fork long middlegame,approved,"Approved hard Fork puzzle with popularity 100, 1379 plays, and rating deviation 75"
nzv4A,3rr1kb/1p5p/p5n1/P1pq1NQ1/8/3P2P1/1PP2P1P/R3R1K1 b - - 0 24,h8g7,3rr1k1/1p4bp/p5n1/P1pq1NQ1/8/3P2P1/1PP2P1P/R3R1K1 w - - 1 25,e1e8 d8e8 f5h6 g7h6 g5d5,2045,hard,99,77,1020,crushing discoveredAttack kingsideAttack long middlegame,approved,"Approved hard Discovered attack puzzle with popularity 99, 1020 plays, and rating deviation 77"
o2Vqv,r7/p5Q1/b6p/2P3k1/3P1p2/5P1q/PP3K1P/8 b - - 3 42,g5f5,r7/p5Q1/b6p/2P2k2/3P1p2/5P1q/PP3K1P/8 w - - 4 43,g7d7 f5g6 d7h3,1544,medium,100,75,3096,crushing endgame master short skewer,approved,"Approved medium Skewer puzzle with popularity 100, 3096 plays, and rating deviation 75"
o8Mwr,2r2r2/4N2k/p7/2q1p1P1/2n1Q3/2P4P/P6K/5R2 b - - 1 33,h7h8,2r2r1k/4N3/p7/2q1p1P1/2n1Q3/2P4P/P6K/5R2 w - - 2 34,e4h4 h8g7 h4h6,2005,hard,99,75,1461,mate mateIn2 middlegame short,approved,"Approved hard Mate puzzle with popularity 99, 1461 plays, and rating deviation 75"
oAFik,2q3k1/p1Pb2p1/2NQ2np/8/8/7P/P5PK/8 b - - 14 46,d7c6,2q3k1/p1P3p1/2bQ2np/8/8/7P/P5PK/8 w - - 0 47,d6d8 c8d8 c7d8q,1235,easy,100,76,3984,advancedPawn advantage endgame promotion short,approved,"Approved easy Promotion puzzle with popularity 100, 3984 plays, and rating deviation 76"
oE20c,4Q3/2b4p/p2q1p1k/8/3P1p2/2P4P/PP5K/6R1 w - - 4 32,g1g4,4Q3/2b4p/p2q1p1k/8/3P1pR1/2P4P/PP5K/8 b - - 5 32,f4f3 h2g1 d6h2 g1f1 h2h3,2009,hard,99,76,1127,advantage discoveredAttack endgame long,approved,"Approved hard Discovered attack puzzle with popularity 99, 1127 plays, and rating deviation 76"
oJdbd,2r2rk1/p4ppp/1q2p3/2bpP3/3N4/P3PQ1P/1P4P1/2R2RK1 b - - 3 19,c5d4,2r2rk1/p4ppp/1q2p3/3pP3/3b4/P3PQ1P/1P4P1/2R2RK1 w - - 0 20,f3f7 f8f7 c1c8 b6d8 c8d8 f7f8 f1f8,2243,hard,99,77,1180,deflection kingsideAttack mate mateIn4 middlegame sacrifice veryLong,approved,"Approved hard Deflection puzzle with popularity 99, 1180 plays, and rating deviation 77"
oP2xm,2Q5/8/1p1p1p1k/2nPp3/5qBP/8/8/7K b - - 4 46,f6f5,2Q5/8/1p1p3k/2nPpp2/5qBP/8/8/7K w - - 0 47,c8h8 h6g6 g4h5,2028,hard,99,76,1616,endgame mate mateIn2 short,approved,"Approved hard Mate puzzle with popularity 99, 1616 plays, and rating deviation 76"
oTD4X,5r1k/3b2p1/3p2qp/1p1Pp3/1P6/4QB1P/2R2BPK/8 w - - 5 38,e3e4,5r1k/3b2p1/3p2qp/1p1Pp3/1P2Q3/5B1P/2R2BPK/8 b - - 6 38,d7f5 e4h4 f5c2,1493,medium,100,75,2802,advantage middlegame short skewer,approved,"Approved medium Skewer puzzle with popularity 100, 2802 plays, and rating deviation 75"
oTbIn,1r4k1/5p2/4p2p/8/2qPRp2/Q7/P2r1PPP/5RK1 w - - 2 32,e4f4,1r4k1/5p2/4p2p/8/2qP1R2/Q7/P2r1PPP/5RK1 b - - 0 32,c4f1 g1f1 b8b1 a3c1 b1c1,1400,medium,100,74,3663,attraction endgame long mate mateIn3 sacrifice,approved,"Approved medium Sacrifice puzzle with popularity 100, 3663 plays, and rating deviation 74"
oXPjW,8/1pr4p/5Q2/6pk/P3K3/1P3P1P/3r4/8 w - - 7 47,h3h4,8/1pr4p/5Q2/6pk/P3K2P/1P3P2/3r4/8 b - - 0 47,c7e7 f6e7 d2e2 e4f5 e2e7,2005,hard,100,76,1141,crushing endgame long queenRookEndgame sacrifice skewer,approved,"Approved hard Skewer puzzle with popularity 100, 1141 plays, and rating deviation 76"
oe9aj,8/p7/8/6p1/PP6/5k1K/8/8 w - - 2 39,b4b5,8/p7/8/1P4p1/P7/5k1K/8/8 b - - 0 39,g5g4 h3h2 f3f2 a4a5 g4g3 h2h3 g3g2,1460,medium,100,74,6798,advancedPawn crushing endgame exposedKing pawnEndgame veryLong,approved,"Approved medium Advanced pawn tactics puzzle with popularity 100, 6798 plays, and rating deviation 74"
ojvg9,7r/1p3k1p/2p2p2/4pB1P/2PbP3/pP3P2/P1K3R1/8 b - - 0 32,h8g8,6r1/1p3k1p/2p2p2/4pB1P/2PbP3/pP3P2/P1K3R1/8 w - - 1 33,f5e6 f7e6 g2g8,1462,medium,100,75,3796,advantage deflection endgame short,approved,"Approved medium Deflection puzzle with popularity 100, 3796 plays, and rating deviation 75"
opD4H,1kr3nr/ppp3pp/4Q3/8/1n3NP1/q1N4P/P4P2/3RR1K1 b - - 4 20,a3c3,1kr3nr/ppp3pp/4Q3/8/1n3NP1/2q4P/P4P2/3RR1K1 w - - 0 21,e6c8 b8c8 e1e8,1235,easy,100,75,4619,attraction mate mateIn2 middlegame queensideAttack sacrifice short,approved,"Approved easy Sacrifice puzzle with popularity 100, 4619 plays, and rating deviation 75"
oveUV,r1b1r1k1/pp2q1p1/4pn1p/3p4/3P4/2PB1RQ1/PP3PPP/R5K1 b - - 5 23,f6h5,r1b1r1k1/pp2q1p1/4p2p/3p3n/3P4/2PB1RQ1/PP3PPP/R5K1 w - - 6 24,g3g6 h5f6 f3f6 e7f6 g6e8,2031,hard,98,76,2101,capturingDefender crushing deflection kingsideAttack long middlegame pin,approved,"Approved hard Pin puzzle with popularity 98, 2101 plays, and rating deviation 76"
owksL,3r2rk/pp2qp1p/2n2R2/4P3/3P1B1n/P2Q4/1P2N2P/6RK b - - 6 22,c6e5,3r2rk/pp2qp1p/5R2/4n3/3P1B1n/P2Q4/1P2N2P/6RK w - - 0 23,d3h7 h8h7 f6h6,2015,hard,99,75,1195,attraction kingsideAttack mate mateIn2 middlegame sacrifice short,approved,"Approved hard Sacrifice puzzle with popularity 99, 1195 plays, and rating deviation 75"
p1rOD,r2qk1nr/ppp3pp/3p1p2/2bQ4/4P3/1B3P1b/PPP2P2/RNB2RK1 b kq - 1 10,d8e7,r3k1nr/ppp1q1pp/3p1p2/2bQ4/4P3/1B3P1b/PPP2P2/RNB2RK1 w kq - 2 11,d5h5 g7g6 h5h3,2065,hard,99,76,1126,advantage fork opening short,approved,"Approved hard Fork puzzle with popularity 99, 1126 plays, and rating deviation 76"
p2eAy,8/2p4p/3kb1p1/p4p2/P1P1p3/1B6/1rP2PPP/R4K2 w - - 1 24,f1e2,8/2p4p/3kb1p1/p4p2/P1P1p3/1B6/1rP1KPPP/R7 b - - 2 24,e6c4 b3c4 b2c2,1173,easy,100,75,15509,advantage deflection endgame master short,approved,"Approved easy Deflection puzzle with popularity 100, 15509 plays, and rating deviation 75"
p7HKz,5kr1/p1q1pN1p/5b1P/2pQN3/5P2/1P6/P3nP2/1K6 b - - 2 30,e2f4,5kr1/p1q1pN1p/5b1P/2pQN3/5n2/1P6/P4P2/1K6 w - - 0 31,d5a8 c7b8 a8b8,2123,hard,98,79,2739,mate mateIn2 middlegame short,approved,"Approved hard Mate puzzle with popularity 98, 2739 plays, and rating deviation 79"
p9LVs,2Qnk1nr/pp1r1ppp/8/7q/6b1/2N2N1P/PPP1PPP1/R3KB1R w KQk - 5 13,a1d1,2Qnk1nr/pp1r1ppp/8/7q/6b1/2N2N1P/PPP1PPP1/3RKB1R b Kk - 6 13,d7d1 e1d1 g4c8,1290,easy,100,75,8311,advantage discoveredAttack opening short,approved,"Approved easy Discovered attack puzzle with popularity 100, 8311 plays, and rating deviation 75"
pBU6h,r5k1/p1p2ppp/2pr4/8/2B2b1q/2NP3P/PPP2PQ1/R3R1K1 w - - 5 17,g2g4,r5k1/p1p2ppp/2pr4/8/2B2bQq/2NP3P/PPP2P2/R3R1K1 b - - 6 17,d6g6 g4g6 h7g6,1498,medium,100,74,4559,advantage middlegame pin short,approved,"Approved medium Pin puzzle with popularity 100, 4559 plays, and rating deviation 74"
pFMJj,8/2K5/p7/1p6/1P6/k3Q3/P7/7q b - - 19 59,a3b4,8/2K5/p7/1p6/1k6/4Q3/P7/7q w - - 0 60,e3b3 b4c5 b3c3 c5d5 c3c6 d5d4 c6h1,2335,hard,100,76,1318,crushing endgame queenEndgame skewer veryLong,approved,"Approved hard Skewer puzzle with popularity 100, 1318 plays, and rating deviation 76"
pG62n,r4rk1/pp1n1ppp/3p4/6q1/2B5/2B2P2/P4P1P/3R2RK b - - 5 16,g5f4,r4rk1/pp1n1ppp/3p4/8/2B2q2/2B2P2/P4P1P/3R2RK w - - 6 17,g1g7 g8h8 g7g8 h8g8 d1g1 f4g3 g1g3,2236,hard,99,78,1369,attraction doubleCheck kingsideAttack mate mateIn4 middlegame sacrifice veryLong,approved,"Approved hard Sacrifice puzzle with popularity 99, 1369 plays, and rating deviation 78"
pMMj6,5rk1/1p1bppbp/1q3Bp1/4p3/p1r5/2N2P2/PPPQ2PP/1KNR3R b - - 0 18,g7f6,5rk1/1p1bpp1p/1q3bp1/4p3/p1r5/2N2P2/PPPQ2PP/1KNR3R w - - 0 19,c3d5 b6c5 d5f6 e7f6 d2d7,2007,hard,98,77,2150,advantage discoveredAttack kingsideAttack long master middlegame,approved,"Approved hard Discovered attack puzzle with popularity 98, 2150 plays, and rating deviation 77"
pMVbv,6r1/1pb1k2p/4P3/p2pR3/3P4/8/1P3Q1P/3q1B1K b - - 1 33,c7e5,6r1/1p2k2p/4P3/p2pb3/3P4/8/1P3Q1P/3q1B1K w - - 0 34,f2f7 e7d6 f7d7,1426,medium,100,75,3310,endgame fork mate mateIn2 short,approved,"Approved medium Fork puzzle with popularity 100, 3310 plays, and rating deviation 75"
pPL1M,8/ppr5/4r3/2k2p2/PR5P/1KP2n2/2P5/3R4 b - - 3 38,a7a6,8/1pr5/p3r3/2k2p2/PR5P/1KP2n2/2P5/3R4 w - - 0 39,b4c4 c5b6 a4a5 b6a5 c4c7,1531,medium,100,75,3864,advantage deflection endgame long,approved,"Approved medium Deflection puzzle with popularity 100, 3864 plays, and rating deviation 75"
pPNkL,2kr3r/1pp3p1/p2q1pn1/3p4/7p/P1PB1P1b/1PQ1NP1P/R3R1K1 b - - 1 19,g6f4,2kr3r/1pp3p1/p2q1p2/3p4/5n1p/P1PB1P1b/1PQ1NP1P/R3R1K1 w - - 2 20,d3f5 h3f5 c2f5 d6e6 f5f4,1356,easy,100,77,4283,advantage deflection long middlegame,approved,"Approved easy Deflection puzzle with popularity 100, 4283 plays, and rating deviation 77"
pQh3U,7r/ppp1k1p1/8/2bpp1q1/4P1n1/1B1P1n1Q/PPP2PP1/RN3R1K w - - 0 18,h3h8,7Q/ppp1k1p1/8/2bpp1q1/4P1n1/1B1P1n2/PPP2PP1/RN3R1K b - - 0 18,g4f2 f1f2 g5c1 f2f1 c1f1,2115,hard,99,77,1199,kingsideAttack long mate mateIn3 middlegame sacrifice,approved,"Approved hard Sacrifice puzzle with popularity 99, 1199 plays, and rating deviation 77"
pRHnB,4rrk1/2p3b1/p1n2q2/1p1p4/3P1B1P/2PbPNQ1/PP3PP1/R3K2R w KQ - 3 20,h4h5,4rrk1/2p3b1/p1n2q2/1p1p3P/3P1B2/2PbPNQ1/PP3PP1/R3K2R b KQ - 0 20,f6f4 g3f4 f8f4,1440,medium,100,75,3829,advantage middlegame pin short,approved,"Approved medium Pin puzzle with popularity 100, 3829 plays, and rating deviation 75"
pRc0U,8/3R4/1R6/2pk4/2p5/3p2PK/4q3/8 b - - 4 53,d5e4,8/3R4/1R6/2p5/2p1k3/3p2PK/4q3/8 w - - 5 54,b6e6 e4f5 e6e2 d3e2 d7e7,1584,medium,100,75,3230,crushing endgame long queenRookEndgame skewer,approved,"Approved medium Skewer puzzle with popularity 100, 3230 plays, and rating deviation 75"
pZEFK,1R2k3/p3r1p1/5p2/3B1Pn1/3K2P1/r2P4/8/1R6 b - - 3 36,e8d7,1R6/p2kr1p1/5p2/3B1Pn1/3K2P1/r2P4/8/1R6 w - - 4 37,b1b7 d7d6 b8d8 e7d7 b7d7,1458,medium,100,75,3460,endgame exposedKing long mate mateIn3 pillsburysMate,approved,"Approved medium Mate puzzle with popularity 100, 3460 plays, and rating deviation 75"
pfFRu,6k1/1R3p1p/4b2B/4P3/2r2K1P/2P5/8/8 w - - 1 44,f4f3,6k1/1R3p1p/4b2B/4P3/2r4P/2P2K2/8/8 b - - 2 44,e6d5 f3f2 d5b7,1483,medium,100,74,4177,crushing endgame fork master short,approved,"Approved medium Fork puzzle with popularity 100, 4177 plays, and rating deviation 74"
pjG9K,4b3/7p/8/1P3kB1/2P1p2P/4Kp2/8/8 b - - 0 42,e8f7,8/5b1p/8/1P3kB1/2P1p2P/4Kp2/8/8 w - - 1 43,b5b6 f7c4 b6b7,1176,easy,100,75,7796,advancedPawn bishopEndgame crushing endgame master short,approved,"Approved easy Advanced pawn tactics puzzle with popularity 100, 7796 plays, and rating deviation 75"
pmkxP,8/1Q6/pqp2pB1/2kp1P1P/2n2b2/1R6/PPP5/2KN4 w - - 0 37,c1b1,8/1Q6/pqp2pB1/2kp1P1P/2n2b2/1R6/PPP5/1K1N4 b - - 1 37,c4d2 b1a1 d2b3 a2b3 b6b7,1197,easy,100,76,7371,advantage fork long middlegame,approved,"Approved easy Fork puzzle with popularity 100, 7371 plays, and rating deviation 76"
prv0o,5r1r/pp3pk1/1n2b1p1/3pN3/6Pq/2PQ1R2/PPB2P2/4RK2 b - - 4 28,e6g4,5r1r/pp3pk1/1n4p1/3pN3/6bq/2PQ1R2/PPB2P2/4RK2 w - - 0 29,f3f7 f8f7 d3g6 g7f8 g6f7,1416,medium,100,76,3287,attraction long mate mateIn3 middlegame sacrifice,approved,"Approved medium Sacrifice puzzle with popularity 100, 3287 plays, and rating deviation 76"
pwP5K,8/8/P4pp1/2N3p1/P7/1K4P1/4b2k/8 b - - 0 46,h2g3,8/8/P4pp1/2N3p1/P7/1K4k1/4b3/8 w - - 0 47,c5e4 g3f4 a6a7 e2f3 a7a8q,2028,hard,99,75,1709,advancedPawn crushing endgame long promotion,approved,"Approved hard Promotion puzzle with popularity 99, 1709 plays, and rating deviation 75"
qDY4m,6k1/6r1/p2qbp2/4pn1Q/1P1p4/7N/3B2PK/5R2 b - - 5 35,f5g3,6k1/6r1/p2qbp2/4p2Q/1P1p4/6nN/3B2PK/5R2 w - - 6 36,h5e8 d6f8 e8e6,1646,medium,100,76,3450,advantage deflection middlegame short,approved,"Approved medium Deflection puzzle with popularity 100, 3450 plays, and rating deviation 76"
qYkiB,4k3/1N1n4/pp1P2p1/2p5/3r4/P7/6PP/4R1K1 b - - 7 40,e8f7,8/1N1n1k2/pp1P2p1/2p5/3r4/P7/6PP/4R1K1 w - - 8 41,e1e7 f7f6 e7d7,1325,easy,100,75,4243,advantage endgame fork short,approved,"Approved easy Fork puzzle with popularity 100, 4243 plays, and rating deviation 75"
qahW4,8/2Q2pkp/1P2p3/8/4q3/3p2P1/3K1P1P/8 w - - 0 42,b6b7,8/1PQ2pkp/4p3/8/4q3/3p2P1/3K1P1P/8 b - - 0 42,e4e2 d2c3 e2c2 c3d4 c2c7,1230,easy,100,74,2817,crushing endgame exposedKing long queenEndgame skewer,approved,"Approved easy Skewer puzzle with popularity 100, 2817 plays, and rating deviation 74"
qiGAb,5b1k/p3q2p/6p1/3QB3/8/7P/P3p1PK/8 b - - 2 32,f8g7,7k/p3q1bp/6p1/3QB3/8/7P/P3p1PK/8 w - - 3 33,d5a8 e7f8 a8f8,1496,medium,100,76,5905,endgame mate mateIn2 pin short,approved,"Approved medium Pin puzzle with popularity 100, 5905 plays, and rating deviation 76"
qpbwE,8/ppB1Q3/1kp5/3p4/8/1Pb2r1P/P1Pn2p1/2K5 b - - 15 50,b6a6,8/ppB1Q3/k1p5/3p4/8/1Pb2r1P/P1Pn2p1/2K5 w - - 16 51,e7a3 a6b5 a3a4 b5c5 a4a7 b7b6 a7b6,2139,hard,99,76,1158,endgame exposedKing master mate mateIn4 veryLong,approved,"Approved hard Mate puzzle with popularity 99, 1158 plays, and rating deviation 76"
qut5l,8/2N2pkp/p2P2p1/1p6/1P6/1rP5/2R3KP/b7 b - - 0 43,a1c3,8/2N2pkp/p2P2p1/1p6/1P6/1rb5/2R3KP/8 w - - 0 44,d6d7 c3f6 c7e8 g7f8 e8f6,2107,hard,99,76,1061,advancedPawn crushing deflection endgame long,approved,"Approved hard Deflection puzzle with popularity 99, 1061 plays, and rating deviation 76"
r3sbn,3r2k1/p4p1p/1p2p1pQ/4P3/3r4/1P5R/2q3PP/5RK1 b - - 1 30,d4d1,3r2k1/p4p1p/1p2p1pQ/4P3/8/1P5R/2q3PP/3r1RK1 w - - 2 31,h6h7 g8f8 h7f7,1457,medium,100,76,3362,endgame mate mateIn2 short,approved,"Approved medium Mate puzzle with popularity 100, 3362 plays, and rating deviation 76"
r4Jlw,2kr1b1r/Qpp1q1pp/5p2/4p3/2B5/2N3P1/PPP2P2/R3nK2 b - - 0 17,e7c5,2kr1b1r/Qpp3pp/5p2/2q1p3/2B5/2N3P1/PPP2P2/R3nK2 w - - 1 18,c4e6 d8d7 a7a8,1483,medium,100,76,4190,mate mateIn2 middlegame pin queensideAttack short,approved,"Approved medium Pin puzzle with popularity 100, 4190 plays, and rating deviation 76"
r9bNX,3q3k/4bp2/p5p1/2p1pP1p/1pN1P2P/1P3QP1/1PP5/6K1 w - - 0 28,c4e5,3q3k/4bp2/p5p1/2p1NP1p/1p2P2P/1P3QP1/1PP5/6K1 b - - 0 28,d8d4 g1h2 d4e5,1183,easy,100,76,4209,advantage endgame fork short,approved,"Approved easy Fork puzzle with popularity 100, 4209 plays, and rating deviation 76"
rP5by,2r3k1/1p2q2p/pQ3bp1/3p4/1P1N4/4B2P/5PP1/6K1 b - - 0 33,e7g7,2r3k1/1p4qp/pQ3bp1/3p4/1P1N4/4B2P/5PP1/6K1 w - - 1 34,b6e6 g7f7 e6c8,1307,easy,100,76,4333,advantage endgame fork short,approved,"Approved easy Fork puzzle with popularity 100, 4333 plays, and rating deviation 76"
rR0l1,Q2r1b1r/2pk1ppp/p3p3/3Nq3/8/7P/PPP3P1/3R1RK1 b - - 0 17,e6d5,Q2r1b1r/2pk1ppp/p7/3pq3/8/7P/PPP3P1/3R1RK1 w - - 0 18,d1d5 f8d6 f1f7 d7e6 d5e5,2103,hard,98,75,2066,advantage fork long middlegame,approved,"Approved hard Fork puzzle with popularity 98, 2066 plays, and rating deviation 75"
rRpT1,7B/3K3p/3P2p1/pk6/7R/1p6/8/5r2 w - - 0 49,d7c8,2K4B/7p/3P2p1/pk6/7R/1p6/8/5r2 b - - 1 49,f1f8 c8c7 f8h8,1128,easy,100,76,11819,crushing endgame fork master short,approved,"Approved easy Fork puzzle with popularity 100, 11819 plays, and rating deviation 76"
rYPEl,7r/8/6p1/4ppk1/8/1P2PR1p/P6K/8 b - - 1 44,g5g4,7r/8/6p1/4pp2/6k1/1P2PR1p/P6K/8 w - - 2 45,f3g3 g4h5 g3h3 h5g5 h3h8,1105,easy,100,76,3935,crushing deflection endgame long rookEndgame skewer,approved,"Approved easy Skewer puzzle with popularity 100, 3935 plays, and rating deviation 76"
rcFTr,r4r2/ppp2p1k/1b1p3p/4qbR1/7Q/3B4/PP3PPP/5RK1 b - - 9 22,e5f6,r4r2/ppp2p1k/1b1p1q1p/5bR1/7Q/3B4/PP3PPP/5RK1 w - - 10 23,d3f5 h7h8 g5g8 f8g8 h4f6,1410,medium,100,75,4321,crushing discoveredAttack long middlegame pin,approved,"Approved medium Pin puzzle with popularity 100, 4321 plays, and rating deviation 75"
rdKQA,3r1rk1/1R5p/6p1/p1p1q3/P7/P2B1Q1P/6P1/3R2K1 b - - 0 34,f8f3,3r2k1/1R5p/6p1/p1p1q3/P7/P2B1r1P/6P1/3R2K1 w - - 0 35,d3c4 f3f7 d1d8 g8g7 b7f7,1509,medium,100,76,3690,crushing discoveredAttack endgame long pin,approved,"Approved medium Pin puzzle with popularity 100, 3690 plays, and rating deviation 76"
ri0TY,r3kb1r/ppp1pppp/4q3/3N4/1PBn1Bb1/3P1N2/P1P2P2/R2QK2R w KQkq - 3 14,e1f1,r3kb1r/ppp1pppp/4q3/3N4/1PBn1Bb1/3P1N2/P1P2P2/R2Q1K1R b kq - 4 14,g4h3 f1g1 e6g4 f4g3 d4f3 d1f3 g4f3,2177,hard,99,76,1048,advantage opening pin veryLong,approved,"Approved hard Pin puzzle with popularity 99, 1048 plays, and rating deviation 76"
riKur,rnb1qb1r/k1B3p1/p2N1n1p/1p3p2/4p3/1Q6/PP3PPP/RN2KB1R b KQ - 0 17,f8d6,rnb1q2r/k1B3p1/p2b1n1p/1p3p2/4p3/1Q6/PP3PPP/RN2KB1R w KQ - 0 18,b3e3 d6c5 e3c5 a7b7 c5b6,1161,easy,100,78,17395,long mate mateIn3 middlegame,approved,"Approved easy Mate puzzle with popularity 100, 17395 plays, and rating deviation 78"
rlOce,1r1r2k1/4Qpp1/2q1B1p1/3P4/1p3P2/4BKP1/7P/8 b - - 0 42,c6b7,1r1r2k1/1q2Qpp1/4B1p1/3P4/1p3P2/4BKP1/7P/8 w - - 1 43,e6f7 g8h8 e7h4,1309,easy,100,75,4108,endgame mate mateIn2 short,approved,"Approved easy Mate puzzle with popularity 100, 4108 plays, and rating deviation 75"
rtpJx,6k1/4p3/8/Pp1Pbp1p/1p3ppP/1P1Q4/5PPK/2r5 w - - 0 42,d3f5,6k1/4p3/8/Pp1PbQ1p/1p3ppP/1P6/5PPK/2r5 b - - 0 42,g4g3 f2g3 f4g3 h2h3 c1h1,1655,medium,100,76,4283,endgame long master mate mateIn3,approved,"Approved medium Mate puzzle with popularity 100, 4283 plays, and rating deviation 76"
ru7Tt,2Q5/4r1pk/p7/3p2qp/4n3/P4R1P/1PR3P1/7K w - - 3 34,c8f5,8/4r1pk/p7/3p1Qqp/4n3/P4R1P/1PR3P1/7K b - - 4 34,g5f5 f3f5 e4g3 h1g1 g3f5,1447,medium,100,74,3863,advantage attraction endgame fork long,approved,"Approved medium Fork puzzle with popularity 100, 3863 plays, and rating deviation 74"
ruo1A,6rk/1p1r1ppp/p1b1p3/1qR4Q/6R1/1B2P3/PP3PPP/6K1 b - - 8 24,b5b3,6rk/1p1r1ppp/p1b1p3/2R4Q/6R1/1q2P3/PP3PPP/6K1 w - - 0 25,h5h7 h8h7 c5h5,1495,medium,100,75,4047,attraction kingsideAttack mate mateIn2 middlegame sacrifice short,approved,"Approved medium Sacrifice puzzle with popularity 100, 4047 plays, and rating deviation 75"
s0bvu,3R4/8/4P3/8/3P4/5k2/r5p1/6K1 w - - 1 52,d8g8,6R1/8/4P3/8/3P4/5k2/r5p1/6K1 b - - 2 52,a2a1 g1h2 a1h1,1152,easy,100,76,5600,endgame mate mateIn2 rookEndgame short,approved,"Approved easy Mate puzzle with popularity 100, 5600 plays, and rating deviation 76"
sDVq0,4rr1k/6b1/p1p3Rp/1p6/4N3/1BPP2KQ/Pq5P/8 b - - 1 34,e8e4,5r1k/6b1/p1p3Rp/1p6/4r3/1BPP2KQ/Pq5P/8 w - - 0 35,g6h6 g7h6 h3h6,1216,easy,100,76,4964,mate mateIn2 middlegame short,approved,"Approved easy Mate puzzle with popularity 100, 4964 plays, and rating deviation 76"
sKHMe,8/8/b4p1p/3kp1p1/4Q1P1/BPq2P2/P2p1K1P/8 b - - 3 48,d5e6,8/8/b3kp1p/4p1p1/4Q1P1/BPq2P2/P2p1K1P/8 w - - 4 49,e4f5 e6f7 f5h7 f7e6 h7e7 e6d5 e7d7,2039,hard,99,76,1106,endgame mate mateIn4 veryLong,approved,"Approved hard Mate puzzle with popularity 99, 1106 plays, and rating deviation 76"
sLQiM,r4rk1/p4p2/1p1bp1p1/7Q/P2B1q2/1P6/5PRP/6RK b - - 0 32,f4d4,r4rk1/p4p2/1p1bp1p1/7Q/P2q4/1P6/5PRP/6RK w - - 0 33,g2g6 f7g6 h5g6 d4g7 g6g7,2041,hard,100,75,1013,long mate mateIn3 middlegame sacrifice,approved,"Approved hard Sacrifice puzzle with popularity 100, 1013 plays, and rating deviation 75"
sS4Ij,4k3/8/8/2pp4/3B4/1Pp4P/1b3PP1/4K3 w - - 0 40,d4c5,4k3/8/8/2Bp4/8/1Pp4P/1b3PP1/4K3 b - - 0 40,c3c2 c5e3 d5d4 e3g5 d4d3,2020,hard,99,77,1186,advancedPawn bishopEndgame crushing endgame long,approved,"Approved hard Advanced pawn tactics puzzle with popularity 99, 1186 plays, and rating deviation 77"
sU9Gs,3rr1k1/5pp1/p2p1q1p/8/3R2P1/1PPQ4/P4PP1/3R2K1 w - - 6 27,d4d6,3rr1k1/5pp1/p2R1q1p/8/6P1/1PPQ4/P4PP1/3R2K1 b - - 0 27,d8d6 d3d6 e8e1 d1e1 f6d6,1608,medium,100,75,5698,advantage deflection endgame long,approved,"Approved medium Deflection puzzle with popularity 100, 5698 plays, and rating deviation 75"
sW6Uc,3rk2r/5p1p/pq2pp2/3N3Q/P7/8/1PP3PP/4R2K b k - 0 19,b6d4,3rk2r/5p1p/p3pp2/3N3Q/P2q4/8/1PP3PP/4R2K w k - 1 20,e1e6 e8f8 h5h6 f8g8 d5e7,2055,hard,98,74,3787,endgame long mate mateIn3 pin,approved,"Approved hard Pin puzzle with popularity 98, 3787 plays, and rating deviation 74"
si5hi,8/8/2P4R/6p1/5kP1/7P/2r3K1/8 w - - 1 45,g2h1,8/8/2P4R/6p1/5kP1/7P/2r5/7K b - - 2 45,f4g3 h6f6 c2c1 f6f1 c1f1,1285,easy,100,75,4640,endgame exposedKing long mate mateIn3 rookEndgame,approved,"Approved easy Mate puzzle with popularity 100, 4640 plays, and rating deviation 75"
sm7EE,r2qkbnr/2pb3p/p2p1pN1/1p3P1Q/4P3/1nN5/PPPP2PP/R1B1K2R b KQkq - 0 11,h7g6,r2qkbnr/2pb4/p2p1pp1/1p3P1Q/4P3/1nN5/PPPP2PP/R1B1K2R w KQkq - 0 12,h5g6 e8e7 c3d5,1052,easy,100,76,9600,mate mateIn2 middlegame short,approved,"Approved easy Mate puzzle with popularity 100, 9600 plays, and rating deviation 76"
smVU2,8/2p1q3/pkR4p/1p4p1/PP6/3p1QPP/4rP1K/8 b - - 1 40,b6a7,8/k1p1q3/p1R4p/1p4p1/PP6/3p1QPP/4rP1K/8 w - - 2 41,c6a6 a7a6 f3a8 a6b6 a4a5,2071,hard,99,75,1482,attraction endgame long mate mateIn3 sacrifice,approved,"Approved hard Sacrifice puzzle with popularity 99, 1482 plays, and rating deviation 75"
sp1S7,7k/5pp1/2R4p/r7/5q2/6PP/1BR2P1K/8 b - - 0 38,f4f3,7k/5pp1/2R4p/r7/8/5qPP/1BR2P1K/8 w - - 1 39,c6h6 h8g8 c2c8,1538,medium,100,74,3323,endgame mate mateIn2 pin short,approved,"Approved medium Pin puzzle with popularity 100, 3323 plays, and rating deviation 74"
srqLt,r1b1k2r/pp1pbppp/8/3npNB1/2q1P3/8/PP3PPP/R2Q2KR b kq - 1 14,e7g5,r1b1k2r/pp1p1ppp/8/3npNb1/2q1P3/8/PP3PPP/R2Q2KR w kq - 0 15,f5d6 e8f8 d6c4,1409,medium,100,76,3744,advantage fork middlegame short,approved,"Approved medium Fork puzzle with popularity 100, 3744 plays, and rating deviation 76"
suHfi,8/4k2p/p4p1Q/2q1p1n1/2P1P2P/6P1/P2r2K1/2R2B2 w - - 1 36,g2h1,8/4k2p/p4p1Q/2q1p1n1/2P1P2P/6P1/P2r4/2R2B1K b - - 2 36,c5g1 h1g1 g5f3 g1h1 d2h2,2330,hard,100,79,1111,arabianMate attraction endgame exposedKing long mate mateIn3 sacrifice,approved,"Approved hard Sacrifice puzzle with popularity 100, 1111 plays, and rating deviation 79"
sxjOy,6k1/5p1p/6p1/1R6/4Pq2/1Q5P/BPr2PP1/2rR2K1 w - - 3 37,b3f3,6k1/5p1p/6p1/1R6/4Pq2/5Q1P/BPr2PP1/2rR2K1 b - - 4 37,c1d1 f3d1 f4f2 g1h2 f2g2,2287,hard,100,77,1673,long mate mateIn3 middlegame,approved,"Approved hard Mate puzzle with popularity 100, 1673 plays, and rating deviation 77"
t0f0D,6rk/p4R2/1p1Q3p/2p5/3bN3/P2P3P/1PP1q1P1/6K1 w - - 1 28,e4f2,6rk/p4R2/1p1Q3p/2p5/3b4/P2P3P/1PP1qNP1/6K1 b - - 2 28,e2e1 g1h2 d4e5 d6e5 e1e5,1582,medium,100,76,3810,crushing endgame fork long,approved,"Approved medium Fork puzzle with popularity 100, 3810 plays, and rating deviation 76"
t2mmB,5r1k/2p3p1/4p2p/PPb5/8/r3PB2/4KP1P/1R5R w - - 2 31,a5a6,5r1k/2p3p1/P3p2p/1Pb5/8/r3PB2/4KP1P/1R5R b - - 0 31,a3a2 e2d3 f8f3,1370,easy,100,75,4420,advantage deflection endgame short,approved,"Approved easy Deflection puzzle with popularity 100, 4420 plays, and rating deviation 75"
t3DPT,8/5p2/pp2rk2/2pR3p/5P1P/P7/1PPK4/8 b - - 1 37,f6g6,8/5p2/pp2r1k1/2pR3p/5P1P/P7/1PPK4/8 w - - 2 38,f4f5 g6f6 f5e6,1402,medium,100,76,3498,crushing endgame fork rookEndgame short,approved,"Approved medium Fork puzzle with popularity 100, 3498 plays, and rating deviation 76"
tFa4x,r5k1/p1p2ppp/4r3/3p1B2/3B4/2P2bq1/PP6/R2Q1R1K w - - 0 20,f1f3,r5k1/p1p2ppp/4r3/3p1B2/3B4/2P2Rq1/PP6/R2Q3K b - - 0 20,e6h6 f5h3 h6h3,1515,medium,100,76,3854,mate mateIn2 middlegame short,approved,"Approved medium Mate puzzle with popularity 100, 3854 plays, and rating deviation 76"
tHHSQ,5rk1/p5pp/3Q2N1/1r3q2/6n1/3P2P1/P2B1PK1/R6R w - - 1 28,g6f8,5Nk1/p5pp/3Q4/1r3q2/6n1/3P2P1/P2B1PK1/R6R b - - 0 28,f5f2 g2h3 b5h5 h3g4 f2f5,1327,easy,100,74,4369,fork long mate mateIn3 middlegame sacrifice triangleMate,approved,"Approved easy Fork puzzle with popularity 100, 4369 plays, and rating deviation 74"
tJWHT,8/5p1k/R4P2/7K/7P/8/p7/r7 b - - 0 41,h7g8,6k1/5p2/R4P2/7K/7P/8/p7/r7 w - - 1 42,h5h6 a1b1 a6a8 b1b8 a8b8,1449,medium,100,75,3983,endgame long mate mateIn3 rookEndgame,approved,"Approved medium Mate puzzle with popularity 100, 3983 plays, and rating deviation 75"
tbW3e,4r3/p5pk/7p/8/3Q4/2Pn2B1/P3qPPP/5RK1 w - - 5 33,c3c4,4r3/p5pk/7p/8/2PQ4/3n2B1/P3qPPP/5RK1 b - - 0 33,e2f1 g1f1 e8e1,1486,medium,100,75,3655,attraction endgame mate mateIn2 sacrifice short,approved,"Approved medium Sacrifice puzzle with popularity 100, 3655 plays, and rating deviation 75"
tepX0,r5r1/ppq2pkn/3p2p1/2pPpN2/4P3/2P4R/PP3PPP/R1Q3K1 b - - 1 20,g6f5,r5r1/ppq2pkn/3p4/2pPpp2/4P3/2P4R/PP3PPP/R1Q3K1 w - - 0 21,c1h6 g7h8 h6h7,967,easy,100,76,15738,mate mateIn2 middlegame short,approved,"Approved easy Mate puzzle with popularity 100, 15738 plays, and rating deviation 76"
tgAAi,1R4rk/r2p1p2/2p2p2/4p2p/4P3/2PP2Pq/P2Q1P2/1R4K1 b - - 1 24,g8b8,1r5k/r2p1p2/2p2p2/4p2p/4P3/2PP2Pq/P2Q1P2/1R4K1 w - - 0 25,d2h6 h8g8 b1b8,1172,easy,100,77,16864,endgame intermezzo mate mateIn2 short,approved,"Approved easy Mate puzzle with popularity 100, 16864 plays, and rating deviation 77"
tiI1w,r2qk2r/pp3pp1/2n1p3/7p/3P2n1/2P2B2/PP1N1PPK/R1BQ1R2 w kq - 1 12,f3g4,r2qk2r/pp3pp1/2n1p3/7p/3P2B1/2P5/PP1N1PPK/R1BQ1R2 b kq - 0 12,h5g4 h2g3 d8h4,2013,hard,100,77,1121,advantage discoveredAttack middlegame short,approved,"Approved hard Discovered attack puzzle with popularity 100, 1121 plays, and rating deviation 77"
tjMv4,3r3r/5pkN/1qn2Qp1/pp6/2p1B3/P6P/1PP3P1/R6K b - - 3 27,g7h7,3r3r/5p1k/1qn2Qp1/pp6/2p1B3/P6P/1PP3P1/R6K w - - 0 28,f6f7 h7h6 f7g6,1299,easy,100,77,4765,mate mateIn2 middlegame short,approved,"Approved easy Mate puzzle with popularity 100, 4765 plays, and rating deviation 77"
to7fO,r2rb1k1/pp4p1/2pNp1np/2P1Ppq1/3P4/3B2Pn/P1QN1PKP/R4R2 w - - 5 22,g2h3,r2rb1k1/pp4p1/2pNp1np/2P1Ppq1/3P4/3B2PK/P1QN1P1P/R4R2 b - - 0 22,g6f4 g3f4 g5g4,2005,hard,98,74,2265,mate mateIn2 middlegame sacrifice short,approved,"Approved hard Sacrifice puzzle with popularity 98, 2265 plays, and rating deviation 74"
ttvSr,b7/p3PQ2/6pk/Pr2p1p1/7q/4R3/BP3PP1/7K w - - 4 37,e3h3,b7/p3PQ2/6pk/Pr2p1p1/7q/7R/BP3PP1/7K b - - 5 37,h4h3 h1g1 h3g2,1454,medium,100,75,5378,endgame mate mateIn2 pin short,approved,"Approved medium Pin puzzle with popularity 100, 5378 plays, and rating deviation 75"
tuouE,r7/6p1/k1r1Pn1p/pqBpQp2/1p3P2/3P4/2P1B1PP/5RK1 b - - 12 30,b5c5,r7/6p1/k1r1Pn1p/p1qpQp2/1p3P2/3P4/2P1B1PP/5RK1 w - - 0 31,d3d4 c5b5 e2b5,1346,easy,100,76,4242,advantage discoveredAttack discoveredCheck middlegame short,approved,"Approved easy Discovered attack puzzle with popularity 100, 4242 plays, and rating deviation 76"
tyVKn,3R2k1/p7/2p3p1/1p2p1p1/4Pb2/2N2q2/PPK5/3R4 b - - 3 43,g8h7,3R4/p6k/2p3p1/1p2p1p1/4Pb2/2N2q2/PPK5/3R4 w - - 4 44,d1d7 h7h6 d8h8,1468,medium,100,74,3837,endgame mate mateIn2 short,approved,"Approved medium Mate puzzle with popularity 100, 3837 plays, and rating deviation 74"
u4o0N,r2q1r1k/pp1nN1pp/1b3p2/3p4/3N1R2/2P4P/PPQ3P1/4R1K1 b - - 4 25,d7e5,r2q1r1k/pp2N1pp/1b3p2/3pn3/3N1R2/2P4P/PPQ3P1/4R1K1 w - - 5 26,c2h7 h8h7 f4h4,1713,medium,100,77,3538,anastasiaMate attraction kingsideAttack mate mateIn2 middlegame sacrifice short,approved,"Approved medium Sacrifice puzzle with popularity 100, 3538 plays, and rating deviation 77"
u5BkX,4r1k1/4P3/1p1q1r2/1p4p1/2p3Pp/P3RR1P/1PQ2K2/8 w - - 0 48,f3f6,4r1k1/4P3/1p1q1R2/1p4p1/2p3Pp/P3R2P/1PQ2K2/8 b - - 0 48,d6h2 f2f1 h2c2,1452,medium,100,75,2907,crushing endgame short skewer,approved,"Approved medium Skewer puzzle with popularity 100, 2907 plays, and rating deviation 75"
u5MAb,r1b1k3/1p3p2/1qp4r/p3pp1P/Pnn5/2N2N1B/1PPQ3P/2KR3R w q - 7 20,d2h6,r1b1k3/1p3p2/1qp4Q/p3pp1P/Pnn5/2N2N1B/1PP4P/2KR3R b q - 0 20,b4a2 c3a2 b6b2,1292,easy,100,75,4417,discoveredAttack mate mateIn2 middlegame queensideAttack sacrifice short,approved,"Approved easy Discovered attack puzzle with popularity 100, 4417 plays, and rating deviation 75"
uNoSi,8/pR6/P5pk/2bN4/4P3/6K1/r7/8 w - - 3 55,b7c7,8/p1R5/P5pk/2bN4/4P3/6K1/r7/8 b - - 4 55,c5d6 g3f3 d6c7,1484,medium,100,77,3523,advantage endgame fork short,approved,"Approved medium Fork puzzle with popularity 100, 3523 plays, and rating deviation 77"
uWClY,8/8/2B5/1p6/2p5/1k2K3/8/8 w - - 2 60,e3d2,8/8/2B5/1p6/2p5/1k6/3K4/8 b - - 3 60,b3b2 c6b5 c4c3 d2d3 c3c2,2002,hard,99,74,1193,advancedPawn bishopEndgame crushing endgame exposedKing long,approved,"Approved hard Advanced pawn tactics puzzle with popularity 99, 1193 plays, and rating deviation 74"
uXzhD,8/p4p1k/2Q1b1p1/7r/2P1B3/1P2q1PP/P6K/6R1 w - - 3 34,h3h4,8/p4p1k/2Q1b1p1/7r/2P1B2P/1P2q1P1/P6K/6R1 b - - 0 34,h5h4 g3h4 e3h3,1422,medium,100,77,4318,endgame mate mateIn2 sacrifice short,approved,"Approved medium Sacrifice puzzle with popularity 100, 4318 plays, and rating deviation 77"
uci1s,8/1p2r1kp/p6R/8/P2Kpp2/2P5/1P3PPP/8 w - - 2 42,h6h4,8/1p2r1kp/p7/8/P2Kpp1R/2P5/1P3PPP/8 b - - 3 42,e4e3 h4f4 e3e2,1401,medium,100,74,3900,advancedPawn crushing endgame rookEndgame short,approved,"Approved medium Advanced pawn tactics puzzle with popularity 100, 3900 plays, and rating deviation 74"
udngX,8/5p2/4k2P/6R1/6K1/4r3/8/8 b - - 1 52,e6f6,8/5p2/5k1P/6R1/6K1/4r3/8/8 w - - 2 53,h6h7 e3e8 g5g8,1434,medium,100,78,3435,advancedPawn crushing endgame rookEndgame short,approved,"Approved medium Advanced pawn tactics puzzle with popularity 100, 3435 plays, and rating deviation 78"
ukqDb,4r1k1/5pp1/7B/p7/1p6/3B2QP/2P3PK/q7 b - - 2 32,e8e1,6k1/5pp1/7B/p7/1p6/3B2QP/2P3PK/q3r3 w - - 3 33,g3b8 e1e8 b8e8,1613,medium,100,76,5478,endgame mate mateIn2 short,approved,"Approved medium Mate puzzle with popularity 100, 5478 plays, and rating deviation 76"
ulfIa,r1b1k2r/pppp1pp1/8/2b1p3/3nP1P1/2N3q1/PPP2PB1/R1BQR1K1 w kq - 0 12,f2g3,r1b1k2r/pppp1pp1/8/2b1p3/3nP1P1/2N3P1/PPP3B1/R1BQR1K1 b kq - 0 12,d4e2 g1f1 e2g3,2031,hard,100,78,1771,doubleCheck kingsideAttack master mate mateIn2 opening short,approved,"Approved hard Mate puzzle with popularity 100, 1771 plays, and rating deviation 78"
unjzz,6k1/pp4p1/8/3b1q1N/6rP/2P2P1K/PP3QP1/R7 w - - 0 33,h5g3,6k1/pp4p1/8/3b1q2/6rP/2P2PNK/PP3QP1/R7 b - - 1 33,g4h4 h3h4 g7g5 h4h5 d5f7 h5h6 f5f6,2114,hard,100,75,1016,attraction doubleCheck endgame mate mateIn4 sacrifice veryLong,approved,"Approved hard Sacrifice puzzle with popularity 100, 1016 plays, and rating deviation 75"
uoEgf,8/8/1Qp3k1/1P1p1p2/3P4/5PP1/4q1KP/8 w - - 1 43,g2h3,8/8/1Qp3k1/1P1p1p2/3P4/5PPK/4q2P/8 b - - 2 43,g6h5 g3g4 f5g4 f3g4 e2g4,2183,hard,99,76,1431,endgame long mate mateIn3 queenEndgame xRayAttack,approved,"Approved hard Mate puzzle with popularity 99, 1431 plays, and rating deviation 76"
usLTL,3r3k/1p1r1p1n/2p4R/3pq3/2B1P3/pPP2P2/P5QP/1K4R1 b - - 1 28,d5c4,3r3k/1p1r1p1n/2p4R/4q3/2p1P3/pPP2P2/P5QP/1K4R1 w - - 0 29,h6h7 h8h7 g2h3 e5h5 h3h5,1371,easy,100,74,4485,attraction exposedKing kingsideAttack long mate mateIn3 middlegame sacrifice,approved,"Approved easy Sacrifice puzzle with popularity 100, 4485 plays, and rating deviation 74"
v40QF,3r4/p2PR3/4B1k1/5p2/1p3K1p/1PbPp1r1/4R1P1/8 b - - 2 51,c3f6,3r4/p2PR3/4Bbk1/5p2/1p3K1p/1P1Pp1r1/4R1P1/8 w - - 3 52,e6f5 g6h6 e7h7,2014,hard,100,75,1011,endgame mate mateIn2 short,approved,"Approved hard Mate puzzle with popularity 100, 1011 plays, and rating deviation 75"
v9paR,8/1p1kP3/p2P1K2/2B2p2/7p/P7/2b5/8 b - - 1 43,d7e8,4k3/1p2P3/p2P1K2/2B2p2/7p/P7/2b5/8 w - - 2 44,d6d7 e8d7 f6f7 c2b3 f7f8,1743,medium,100,76,3713,advancedPawn bishopEndgame crushing defensiveMove endgame long,approved,"Approved medium Advanced pawn tactics puzzle with popularity 100, 3713 plays, and rating deviation 76"
vAQtP,8/6P1/8/5P2/4k1K1/8/3p2R1/7r w - - 0 58,g7g8q,6Q1/8/8/5P2/4k1K1/8/3p2R1/7r b - - 0 58,d2d1q g4g5 d1h5 g5f6 h5f5,2006,hard,100,77,1577,advancedPawn crushing endgame long promotion,approved,"Approved hard Promotion puzzle with popularity 100, 1577 plays, and rating deviation 77"
vIJra,8/p3P3/1p1k1K2/4R3/P1pP4/2P2p2/1P2r3/8 b - - 0 47,e2e5,8/p3P3/1p1k1K2/4r3/P1pP4/2P2p2/1P6/8 w - - 0 48,d4e5 d6d7 f6f7 f3f2 e7e8q,1429,medium,100,74,3166,advancedPawn crushing endgame long promotion,approved,"Approved medium Promotion puzzle with popularity 100, 3166 plays, and rating deviation 74"
vJ3yv,3q4/p7/4Q3/5ppk/3P3r/1P2N3/P3K3/8 b - - 3 43,d8h8,7q/p7/4Q3/5ppk/3P3r/1P2N3/P3K3/8 w - - 4 44,e6f7 h5h6 e3f5,1190,easy,100,76,6230,endgame master mate mateIn2 short,approved,"Approved easy Mate puzzle with popularity 100, 6230 plays, and rating deviation 76"
vKJXg,b5k1/p2R1p1p/Pp4p1/1P2q3/8/4P2P/Q3BPP1/2r3K1 w - - 3 27,e2f1,b5k1/p2R1p1p/Pp4p1/1P2q3/8/4P2P/Q4PP1/2r2BK1 b - - 4 27,c1f1 g1f1 e5b5 f1g1 b5d7,2060,hard,100,77,1101,advantage attraction endgame fork long,approved,"Approved hard Fork puzzle with popularity 100, 1101 plays, and rating deviation 77"
vPomE,8/8/8/2kn3R/P7/4rP2/5K2/8 b - - 18 58,c5d4,8/8/8/3n3R/P2k4/4rP2/5K2/8 w - - 19 59,h5d5 d4d5 f2e3,1431,medium,100,75,4251,crushing deflection endgame master short,approved,"Approved medium Deflection puzzle with popularity 100, 4251 plays, and rating deviation 75"
vRuwO,8/3r1k1p/6p1/4Qp2/2q5/7P/6P1/4R2K b - - 0 48,c4a2,8/3r1k1p/6p1/4Qp2/8/7P/q5P1/4R2K w - - 1 49,e5e8 f7f6 e8d7,1326,easy,100,76,4778,crushing endgame fork master short,approved,"Approved easy Fork puzzle with popularity 100, 4778 plays, and rating deviation 76"
vTp8l,8/8/8/1R3KP1/7P/r1k5/1p3P2/8 w - - 5 49,g5g6,8/8/6P1/1R3K2/7P/r1k5/1p3P2/8 b - - 0 49,a3b3 b5b3 c3b3 f5f6 b2b1q,1539,medium,100,76,3826,advancedPawn crushing endgame long promotion rookEndgame,approved,"Approved medium Promotion puzzle with popularity 100, 3826 plays, and rating deviation 76"
vUtMf,2kr4/pp1n2Q1/2pR1np1/8/3P1B2/P1qB1Pp1/2P3K1/8 b - - 1 22,c3e1,2kr4/pp1n2Q1/2pR1np1/8/3P1B2/P2B1Pp1/2P3K1/4q3 w - - 2 23,d6c6 b7c6 d3a6,2111,hard,98,77,2073,mate mateIn2 middlegame queensideAttack sacrifice short,approved,"Approved hard Sacrifice puzzle with popularity 98, 2073 plays, and rating deviation 77"
vUvRm,6k1/5rp1/p3Q3/2P5/3p1q1P/P2P1b2/1r1NR3/4K1R1 w - - 0 31,d2f3,6k1/5rp1/p3Q3/2P5/3p1q1P/P2P1N2/1r2R3/4K1R1 b - - 0 31,b2b1 e1f2 f4f3,2005,hard,100,75,1010,intermezzo mate mateIn2 middlegame short,approved,"Approved hard Mate puzzle with popularity 100, 1010 plays, and rating deviation 75"
vZ3H9,8/RP3p2/8/1r1pk3/8/8/6PK/8 b - - 3 49,d5d4,8/RP3p2/8/1r2k3/3p4/8/6PK/8 w - - 0 50,a7a5 b5a5 b7b8q,1227,easy,100,74,4429,advancedPawn crushing deflection endgame pin promotion rookEndgame short,approved,"Approved easy Pin puzzle with popularity 100, 4429 plays, and rating deviation 74"
vi0tl,r4r1k/pp3p1p/1qn3p1/2bpPNQ1/8/1PnBB3/P4PPP/1R2K2R b K - 5 17,c5e3,r4r1k/pp3p1p/1qn3p1/3pPNQ1/8/1PnBb3/P4PPP/1R2K2R w K - 0 18,g5f6 h8g8 f6g7,1526,medium,100,77,5647,kingsideAttack mate mateIn2 middlegame short,approved,"Approved medium Mate puzzle with popularity 100, 5647 plays, and rating deviation 77"
vmCUM,4r3/p4k2/1p6/2p3qR/2P1nN2/4n1P1/PPQ1PPK1/3R4 w - - 1 27,g2f3,4r3/p4k2/1p6/2p3qR/2P1nN2/4nKP1/PPQ1PP2/3R4 b - - 2 27,e4d2 d1d2 g5g4,2359,hard,99,80,1361,mate mateIn2 middlegame sacrifice short,approved,"Approved hard Sacrifice puzzle with popularity 99, 1361 plays, and rating deviation 80"
vqaR0,8/pp5k/2p3pP/3p4/P2P3R/5PK1/1PPrr3/2R5 w - - 1 31,h4f4,8/pp5k/2p3pP/3p4/P2P1R2/5PK1/1PPrr3/2R5 b - - 2 31,e2g2 g3h4 g6g5 h4h5 g5f4,2068,hard,99,75,1042,crushing endgame fork long rookEndgame,approved,"Approved hard Fork puzzle with popularity 99, 1042 plays, and rating deviation 75"
vrk7n,8/p7/8/6Kp/3kp2P/5p2/P7/5R2 w - - 2 58,g5h5,8/p7/8/7K/3kp2P/5p2/P7/5R2 b - - 0 58,e4e3 f1f3 e3e2 f3f7 e2e1q,2018,hard,99,75,1181,advancedPawn crushing endgame long promotion rookEndgame,approved,"Approved hard Promotion puzzle with popularity 99, 1181 plays, and rating deviation 75"
vt86W,4Rr1k/pR3Q1p/1p4pq/6r1/8/P7/1P4PP/6K1 b - - 5 30,g5f5,4Rr1k/pR3Q1p/1p4pq/5r2/8/P7/1P4PP/6K1 w - - 6 31,e8f8 h6f8 f7h7,1463,medium,100,75,3537,endgame mate mateIn2 short,approved,"Approved medium Mate puzzle with popularity 100, 3537 plays, and rating deviation 75"
vtEEk,8/2p3pk/2R4p/3qrp1Q/8/3r2PK/P4P1P/2R5 b - - 6 35,f5f4,8/2p3pk/2R4p/3qr2Q/5p2/3r2PK/P4P1P/2R5 w - - 0 36,c6h6 g7h6 c1c7 d5d7 c7d7 d3d7 h5e5,2008,hard,100,76,1067,crushing discoveredAttack endgame sacrifice veryLong,approved,"Approved hard Discovered attack puzzle with popularity 100, 1067 plays, and rating deviation 76"
vtGTA,8/3b1kpp/3P1p2/3Bp3/8/6P1/4KP1P/8 b - - 3 28,d7e6,8/5kpp/3Pbp2/3Bp3/8/6P1/4KP1P/8 w - - 4 29,d6d7 e6d5 d7d8q,1217,easy,100,76,5913,advancedPawn bishopEndgame crushing endgame pin promotion short,approved,"Approved easy Pin puzzle with popularity 100, 5913 plays, and rating deviation 76"
vuGoB,3r4/1pk3b1/1p1p3p/5BpR/2P3P1/1P3b2/K7/3R4 w - - 4 42,d1e1,3r4/1pk3b1/1p1p3p/5BpR/2P3P1/1P3b2/K7/4R3 b - - 5 42,d8a8 a2b1 a8a1 b1c2 a1e1,1167,easy,100,75,3428,crushing endgame long skewer,approved,"Approved easy Skewer puzzle with popularity 100, 3428 plays, and rating deviation 75"
vuRbw,r1bq1rk1/pppp1p1p/1b6/4P1B1/2Bn2n1/5N1P/PPP3P1/RN1Q1RK1 w - - 0 11,g5d8,r1bB1rk1/pppp1p1p/1b6/4P3/2Bn2n1/5N1P/PPP3P1/RN1Q1RK1 b - - 0 11,d4e2 g1h1 e2g3,2019,hard,98,77,2141,doubleCheck kingsideAttack mate mateIn2 middlegame short,approved,"Approved hard Mate puzzle with popularity 98, 2141 plays, and rating deviation 77"
vwHr6,r4rk1/pp3pp1/2pp4/3N2qQ/4P3/8/PPP3P1/1K5R b - - 1 20,g5h5,r4rk1/pp3pp1/2pp4/3N3q/4P3/8/PPP3P1/1K5R w - - 0 21,d5e7 g8h7 h1h5,1521,medium,100,76,3633,anastasiaMate endgame intermezzo mate mateIn2 short,approved,"Approved medium Mate puzzle with popularity 100, 3633 plays, and rating deviation 76"
vwYyj,1r3r1k/p2bpp1Q/1q1p1nP1/3N4/4P3/5P2/pPP3P1/2KR3R b - - 0 20,f6h7,1r3r1k/p2bpp1n/1q1p2P1/3N4/4P3/5P2/pPP3P1/2KR3R w - - 0 21,h1h7 h8g8 d5e7,1603,medium,100,75,4170,kingsideAttack mate mateIn2 middlegame short,approved,"Approved medium Mate puzzle with popularity 100, 4170 plays, and rating deviation 75"
w0mSX,8/1np5/pk6/8/P1KN4/2P5/8/8 b - - 0 53,b7c5,8/2p5/pk6/2n5/P1KN4/2P5/8/8 w - - 1 54,a4a5 b6a5 c4c5,1444,medium,100,76,4315,crushing deflection endgame knightEndgame master short,approved,"Approved medium Deflection puzzle with popularity 100, 4315 plays, and rating deviation 76"
w5aP2,r1br2k1/pp2npb1/2n1p1p1/4p1N1/3qN3/1B5Q/PP3PPP/R4RK1 b - - 4 16,d4b6,r1br2k1/pp2npb1/1qn1p1p1/4p1N1/4N3/1B5Q/PP3PPP/R4RK1 w - - 5 17,e4f6 g7f6 h3h7 g8f8 h7f7,2151,hard,99,77,1180,kingsideAttack long mate mateIn3 middlegame sacrifice,approved,"Approved hard Sacrifice puzzle with popularity 99, 1180 plays, and rating deviation 77"
w8R6w,8/2p1Qp1k/1b1r2qp/1p4p1/1P4P1/5N1P/P5P1/5R1K b - - 6 38,g6e6,8/2p1Qp1k/1b1rq2p/1p4p1/1P4P1/5N1P/P5P1/5R1K w - - 7 39,f3g5 h6g5 f1f7 e6f7 e7f7,1438,medium,100,75,3486,advantage discoveredAttack endgame long,approved,"Approved medium Discovered attack puzzle with popularity 100, 3486 plays, and rating deviation 75"
w8wXR,8/8/6k1/5p1p/1r3PPR/7P/7K/8 b - - 0 37,b4f4,8/8/6k1/5p1p/5rPR/7P/7K/8 w - - 0 38,g4h5 g6g5 h4f4 g5f4 h5h6,1324,easy,100,75,4286,crushing discoveredAttack endgame long rookEndgame,approved,"Approved easy Discovered attack puzzle with popularity 100, 4286 plays, and rating deviation 75"
wFB38,rn1b1k1r/pbNp1ppp/1p1P1n2/2q5/2B5/5N2/PP2QPPP/R1B1K2R b KQ - 4 14,d8c7,rn3k1r/pbbp1ppp/1p1P1n2/2q5/2B5/5N2/PP2QPPP/R1B1K2R w KQ - 0 15,e2e7 f8g8 e7f7,1384,easy,100,75,4282,mate mateIn2 opening short,approved,"Approved easy Mate puzzle with popularity 100, 4282 plays, and rating deviation 75"
wM1bN,5rk1/p4Rpp/4p3/q5P1/3pB2P/p1bP4/2P5/1R1Q2K1 b - - 0 29,f8f7,6k1/p4rpp/4p3/q5P1/3pB2P/p1bP4/2P5/1R1Q2K1 w - - 0 30,b1b8 f7f8 e4h7 g8h7 b8f8,2125,hard,99,80,1092,crushing deflection endgame long,approved,"Approved hard Deflection puzzle with popularity 99, 1092 plays, and rating deviation 80"
wNCnb,7k/5pp1/b4n2/2q5/8/2Bp1P2/PP1Q2PP/5K2 b - - 4 32,f6d5,7k/5pp1/b7/2qn4/8/2Bp1P2/PP1Q2PP/5K2 w - - 5 33,d2h6 h8g8 h6g7,1396,easy,100,75,4182,endgame mate mateIn2 pin short,approved,"Approved easy Pin puzzle with popularity 100, 4182 plays, and rating deviation 75"
wQbo1,3rr1k1/pp3pp1/2pq3p/P2p2n1/1Q1P4/4P2P/1PR1BPP1/3R2K1 w - - 0 27,b4b7,3rr1k1/pQ3pp1/2pq3p/P2p2n1/3P4/4P2P/1PR1BPP1/3R2K1 b - - 0 27,g5h3 g2h3 d6g6 g1f1 g6c2,2034,hard,99,76,1008,advantage fork long middlegame sacrifice,approved,"Approved hard Fork puzzle with popularity 99, 1008 plays, and rating deviation 76"
wUQQ1,6K1/3k4/8/2p4P/p7/Pp6/1P6/8 b - - 0 44,d7e6,6K1/8/4k3/2p4P/p7/Pp6/1P6/8 w - - 1 45,h5h6 c5c4 h6h7 c4c3 h7h8q,1590,medium,100,77,3070,advancedPawn crushing endgame long pawnEndgame promotion,approved,"Approved medium Promotion puzzle with popularity 100, 3070 plays, and rating deviation 77"
wY4EQ,5r1k/p5p1/1p4np/2pQ2K1/P2p2P1/1P3r2/7P/2B5 w - - 0 35,g5g6,5r1k/p5p1/1p4Kp/2pQ4/P2p2P1/1P3r2/7P/2B5 b - - 0 35,f8f6 g6h5 f3h3,1257,easy,100,76,5434,endgame mate mateIn2 short,approved,"Approved easy Mate puzzle with popularity 100, 5434 plays, and rating deviation 76"
wZyoV,5rk1/3b1ppp/p2Q1P2/8/8/2q5/PrP2PPP/R2R2K1 b - - 0 22,d7e6,5rk1/5ppp/p2QbP2/8/8/2q5/PrP2PPP/R2R2K1 w - - 1 23,d6f8 g8f8 d1d8,1327,easy,100,76,4022,attraction mate mateIn2 middlegame sacrifice short,approved,"Approved easy Sacrifice puzzle with popularity 100, 4022 plays, and rating deviation 76"
waehH,r1bq1rk1/pp3Nbp/2np2p1/8/8/1Q2pN1P/PP4P1/RB3RK1 b - - 0 17,d8b6,r1b2rk1/pp3Nbp/1qnp2p1/8/8/1Q2pN1P/PP4P1/RB3RK1 w - - 1 18,f7h6 g8h8 b3g8 f8g8 h6f7,1438,medium,100,77,3267,doubleCheck kingsideAttack long mate mateIn3 opening sacrifice smotheredMate,approved,"Approved medium Sacrifice puzzle with popularity 100, 3267 plays, and rating deviation 77"
wk3Pm,r3k3/ppB1np1p/2b1p3/8/3Q4/4P3/PP2qP1P/2KR4 b q - 0 17,e7f5,r3k3/ppB2p1p/2b1p3/5n2/3Q4/4P3/PP2qP1P/2KR4 w q - 1 18,d4h8 e8e7 c7d8 a8d8 h8d8,2059,hard,99,76,2143,long mate mateIn3 middlegame,approved,"Approved hard Mate puzzle with popularity 99, 2143 plays, and rating deviation 76"
wkAzW,8/8/p4R1p/k1qPp2P/P5p1/2N5/2P1N3/5K2 w - - 2 38,f6h6,8/8/p6R/k1qPp2P/P5p1/2N5/2P1N3/5K2 b - - 0 38,c5f8 f1e1 f8h6,2089,hard,99,76,1499,advantage endgame fork short,approved,"Approved hard Fork puzzle with popularity 99, 1499 plays, and rating deviation 76"
ww0Vw,2kr3r/Qpp1pp1p/2qp1np1/3Nn3/2P5/P2B1P2/1P3PPP/R4RK1 b - - 2 15,e5d3,2kr3r/Qpp1pp1p/2qp1np1/3N4/2P5/P2n1P2/1P3PPP/R4RK1 w - - 0 16,d5e7 c8d7 e7c6,1170,easy,100,76,4227,crushing fork middlegame short,approved,"Approved easy Fork puzzle with popularity 100, 4227 plays, and rating deviation 76"
wxaPF,1r4k1/1q5p/2p1R1p1/2Pp1pP1/rP3P2/p6P/P7/KR2Q3 b - - 0 36,a4b4,1r4k1/1q5p/2p1R1p1/2Pp1pP1/1r3P2/p6P/P7/KR2Q3 w - - 0 37,b1b4 b7b4 e6e8 b8e8 e1b4,2084,hard,99,76,1437,crushing deflection endgame long,approved,"Approved hard Deflection puzzle with popularity 99, 1437 plays, and rating deviation 76"
wyerh,r1bq3k/pp2r1bp/2n2p2/3B1P1R/8/8/PP4P1/R1BQ1K2 b - - 2 19,c6e5,r1bq3k/pp2r1bp/5p2/3BnP1R/8/8/PP4P1/R1BQ1K2 w - - 3 20,h5h7 h8h7 d1h5 g7h6 h5h6,1656,medium,100,77,3982,attraction kingsideAttack long mate mateIn3 opening sacrifice,approved,"Approved medium Sacrifice puzzle with popularity 100, 3982 plays, and rating deviation 77"
x10gW,r5k1/1R3pp1/r3p2p/4N3/3P1P2/p1n1P3/Q5PP/6K1 w - - 1 28,a2b3,r5k1/1R3pp1/r3p2p/4N3/3P1P2/pQn1P3/6PP/6K1 b - - 2 28,a3a2 b3c3 a2a1q c3a1 a6a1,1459,medium,100,76,5037,advancedPawn advantage endgame long promotion,approved,"Approved medium Promotion puzzle with popularity 100, 5037 plays, and rating deviation 76"
x1iQr,8/7Q/8/5Np1/3KP1k1/1P3bp1/4r3/8 w - - 7 61,h7d7,8/3Q4/8/5Np1/3KP1k1/1P3bp1/4r3/8 b - - 8 61,e2d2 d4e5 d2d7,1514,medium,100,77,3505,crushing endgame short skewer,approved,"Approved medium Skewer puzzle with popularity 100, 3505 plays, and rating deviation 77"
x4E2n,4r1k1/pp3pp1/3q2b1/3p2Q1/3P4/PBP5/2P1r3/3K1RR1 w - - 3 30,b3d5,4r1k1/pp3pp1/3q2b1/3B2Q1/3P4/P1P5/2P1r3/3K1RR1 b - - 0 30,g6c2 d1c1 d6a3,1306,easy,100,74,4665,mate mateIn2 middlegame short,approved,"Approved easy Mate puzzle with popularity 100, 4665 plays, and rating deviation 74"
x6yRN,7r/3Q2k1/4P3/pp6/2p2qP1/2P2P2/PP4K1/8 b - - 12 43,g7f6,7r/3Q4/4Pk2/pp6/2p2qP1/2P2P2/PP4K1/8 w - - 13 44,d7f7 f6e5 f7c7 e5e6 c7f4,2049,hard,97,75,4130,crushing deflection endgame exposedKing long skewer,approved,"Approved hard Skewer puzzle with popularity 97, 4130 plays, and rating deviation 75"
xARsf,5rk1/5ppp/2p5/1P6/p3R3/P5P1/BP3RK1/3q4 b - - 0 30,c6b5,5rk1/5ppp/8/1p6/p3R3/P5P1/BP3RK1/3q4 w - - 0 31,f2f7 d1d8 f7d7 g8h8 d7d8,2005,hard,99,78,1813,advantage discoveredAttack discoveredCheck endgame long,approved,"Approved hard Discovered attack puzzle with popularity 99, 1813 plays, and rating deviation 78"
xHxom,2r5/7R/4kp2/8/4K3/Pn3P2/6PP/8 w - - 0 43,h7b7,2r5/1R6/4kp2/8/4K3/Pn3P2/6PP/8 b - - 1 43,b3c5 e4d4 c5b7,1248,easy,100,75,4421,crushing endgame fork short,approved,"Approved easy Fork puzzle with popularity 100, 4421 plays, and rating deviation 75"
xJy68,6n1/p1p2k2/1p3Pp1/n3p1P1/4P3/2PrNR2/PP5P/6K1 b - - 1 31,a5c4,6n1/p1p2k2/1p3Pp1/4p1P1/2n1P3/2PrNR2/PP5P/6K1 w - - 2 32,e3c4 d3f3 c4e5 f7e6 e5f3,1016,easy,100,76,5409,crushing endgame fork long master,approved,"Approved easy Fork puzzle with popularity 100, 5409 plays, and rating deviation 76"
xNrNh,8/4R2R/p1p5/1pP5/1P3Pk1/P5Pb/1r5P/6K1 w - - 3 30,e7g7,8/6RR/p1p5/1pP5/1P3Pk1/P5Pb/1r5P/6K1 b - - 4 30,g4f3 g7e7 b2b1 e7e1 b1e1,1330,easy,100,74,4038,endgame long mate mateIn3,approved,"Approved easy Mate puzzle with popularity 100, 4038 plays, and rating deviation 74"
xPH9E,1k5r/p4p2/2B2n1p/QPp3pb/2P5/3P2P1/P4PKP/q7 b - - 1 24,h8c8,1kr5/p4p2/2B2n1p/QPp3pb/2P5/3P2P1/P4PKP/q7 w - - 2 25,b5b6 c8c6 a5a7 b8c8 b6b7 c8d7 b7b8q,2035,hard,99,77,2151,advancedPawn advantage deflection discoveredAttack discoveredCheck endgame promotion queensideAttack sacrifice veryLong,approved,"Approved hard Discovered attack puzzle with popularity 99, 2151 plays, and rating deviation 77"
xSOMa,5rk1/p5p1/2pb2p1/8/7Q/7P/PPPPr1K1/RNB5 w - - 5 28,g2g1,5rk1/p5p1/2pb2p1/8/7Q/7P/PPPPr3/RNB3K1 b - - 6 28,d6h2 g1h1 f8f1,1355,easy,100,75,5421,mate mateIn2 middlegame short,approved,"Approved easy Mate puzzle with popularity 100, 5421 plays, and rating deviation 75"
xd5Iz,5r2/ppk3pp/2pr4/3n4/6Q1/4b3/PP3PPP/RN3RK1 w - - 0 21,f2e3,5r2/ppk3pp/2pr4/3n4/6Q1/4P3/PP4PP/RN3RK1 b - - 0 21,f8f1 g1f1 d5e3 f1g1 e3g4,1409,medium,100,75,3552,advantage attraction fork intermezzo long middlegame,approved,"Approved medium Fork puzzle with popularity 100, 3552 plays, and rating deviation 75"
xequY,4r1k1/ppp1P1p1/2p4p/5rp1/5b2/2NP4/PPP1R2P/1K3R2 b - - 0 22,f5e5,4r1k1/ppp1P1p1/2p4p/4r1p1/5b2/2NP4/PPP1R2P/1K3R2 w - - 1 23,f1f4 e5e2 f4f8 g8h7 c3e2,2110,hard,99,75,1109,advantage endgame intermezzo long sacrifice,approved,"Approved hard Sacrifice puzzle with popularity 99, 1109 plays, and rating deviation 75"
xgOc9,1r3k2/5pp1/2Q1p1p1/1rP1N3/8/2p5/q5PP/K6R w - - 0 28,a1a2,1r3k2/5pp1/2Q1p1p1/1rP1N3/8/2p5/K5PP/7R b - - 0 28,b5a5 c6a4 a5a4,1446,medium,100,76,3993,endgame mate mateIn2 short,approved,"Approved medium Mate puzzle with popularity 100, 3993 plays, and rating deviation 76"
xm2k8,r1bQ4/pp3rkp/6p1/3p4/4p3/4P1N1/PP1KN1q1/R6R w - - 3 22,d8d5,r1b5/pp3rkp/6p1/3Q4/4p3/4P1N1/PP1KN1q1/R6R b - - 0 22,f7d7 g3f5 g6f5 d5d7 c8d7,1663,medium,100,76,3793,advantage long middlegame pin,approved,"Approved medium Pin puzzle with popularity 100, 3793 plays, and rating deviation 76"
xm4kX,r1b2rk1/pp4b1/1n2p1P1/3p3Q/3P4/4P3/q4P1B/1N3RK1 b - - 0 19,f8f6,r1b3k1/pp4b1/1n2prP1/3p3Q/3P4/4P3/q4P1B/1N3RK1 w - - 1 20,h5h7 g8f8 h2d6 f8e8 h7g7 f6g6 g7g6,2079,hard,99,76,1473,crushing deflection exposedKing kingsideAttack middlegame veryLong,approved,"Approved hard Deflection puzzle with popularity 99, 1473 plays, and rating deviation 76"
xmQv3,4k2r/2p1bpp1/Q3p2p/p1P1P3/1q1P4/R3BP2/5P1P/6K1 b k - 0 25,b4a3,4k2r/2p1bpp1/Q3p2p/p1P1P3/3P4/q3BP2/5P1P/6K1 w k - 0 26,a6c6 e8f8 c6a8 e7d8 a8d8,2019,hard,99,76,1497,endgame long mate mateIn3,approved,"Approved hard Mate puzzle with popularity 99, 1497 plays, and rating deviation 76"
xmRGt,4rr2/pppq1pk1/3p2pp/1P1P4/P1P3R1/3Q1P2/5P1P/6RK b - - 3 29,e8e7,5r2/pppqrpk1/3p2pp/1P1P4/P1P3R1/3Q1P2/5P1P/6RK w - - 4 30,g4g6 f7g6 d3g6 g7h8 g6h6 e7h7 h6f8,1400,medium,100,75,3470,deflection endgame fork mate mateIn4 sacrifice veryLong,approved,"Approved medium Fork puzzle with popularity 100, 3470 plays, and rating deviation 75"
xoaVS,3r2k1/p1Q2ppp/2p1b1q1/8/n7/P6P/5PP1/B3R1K1 b - - 0 22,d8c8,2r3k1/p1Q2ppp/2p1b1q1/8/n7/P6P/5PP1/B3R1K1 w - - 1 23,c7c8 e6c8 e1e8,1389,easy,100,76,4423,mate mateIn2 middlegame sacrifice short,approved,"Approved easy Sacrifice puzzle with popularity 100, 4423 plays, and rating deviation 76"
xraDd,8/p7/8/8/4kp2/1P2r2P/P4RK1/6N1 w - - 3 56,f2e2,8/p7/8/8/4kp2/1P2r2P/P3R1K1/6N1 b - - 4 56,f4f3 g2f2 f3e2,2068,hard,99,76,1537,advancedPawn advantage endgame fork short,approved,"Approved hard Fork puzzle with popularity 99, 1537 plays, and rating deviation 76"
xyEc9,1k4r1/1b3p2/4pB2/P1Q1P2p/2p4P/2P2q2/1R4P1/6K1 w - - 2 44,a5a6,1k4r1/1b3p2/P3pB2/2Q1P2p/2p4P/2P2q2/1R4P1/6K1 b - - 0 44,g8g2 b2g2 f3g2,1560,medium,100,75,4849,endgame mate mateIn2 short,approved,"Approved medium Mate puzzle with popularity 100, 4849 plays, and rating deviation 75"
xywzL,3r3k/7p/pq4p1/1p3p2/1PrbpP2/4B3/P3QP1P/3RR2K b - - 1 29,d8c8,2r4k/7p/pq4p1/1p3p2/1PrbpP2/4B3/P3QP1P/3RR2K w - - 2 30,d1d4 c4d4 e2b2,2157,hard,99,75,1644,advantage middlegame sacrifice short,approved,"Approved hard Sacrifice puzzle with popularity 99, 1644 plays, and rating deviation 75"
y16z9,8/p4ppk/1p2p2p/4nq2/P7/1P1r3P/2Q2PP1/R4R1K w - - 9 30,a1d1,8/p4ppk/1p2p2p/4nq2/P7/1P1r3P/2Q2PP1/3R1R1K b - - 10 30,d3h3 g2h3 f5c2,1100,easy,100,76,7925,crushing discoveredAttack endgame short,approved,"Approved easy Discovered attack puzzle with popularity 100, 7925 plays, and rating deviation 76"
y2Jhd,2r5/p4kb1/1p1B3p/2P3p1/4p3/1N1nP2P/P1R3P1/6K1 b - - 0 31,f7e6,2r5/p5b1/1p1Bk2p/2P3p1/4p3/1N1nP2P/P1R3P1/6K1 w - - 1 32,c5b6 c8c2 b6b7 e6d6 b7b8q,2112,hard,98,74,2027,advancedPawn advantage endgame long promotion sacrifice,approved,"Approved hard Sacrifice puzzle with popularity 98, 2027 plays, and rating deviation 74"
y2eLm,4r1k1/1p3ppp/1qn5/r1bnp3/2B5/P4N2/1BP2PPP/R2QR1K1 w - - 2 19,d1d5,4r1k1/1p3ppp/1qn5/r1bQp3/2B5/P4N2/1BP2PPP/R3R1K1 b - - 0 19,c5f2 g1h1 a5d5,1632,medium,100,77,3451,advantage discoveredAttack fork middlegame short,approved,"Approved medium Fork puzzle with popularity 100, 3451 plays, and rating deviation 77"
yA66j,6k1/6pp/1R1Q2p1/1B2p3/P2nP3/6P1/2r3KP/2q5 w - - 11 32,g2h3,6k1/6pp/1R1Q2p1/1B2p3/P2nP3/6PK/2r4P/2q5 b - - 12 32,c1h6 h3g4 h6h5,1451,medium,100,75,5093,endgame mate mateIn2 short,approved,"Approved medium Mate puzzle with popularity 100, 5093 plays, and rating deviation 75"
yCdc1,6k1/pQ4pN/7q/3R3r/8/7P/P1B2PP1/4r1K1 w - - 1 29,g1h2,6k1/pQ4pN/7q/3R3r/8/7P/P1B2PPK/4r3 b - - 2 29,h6f4 g2g3 f4f2,1363,easy,100,77,6619,mate mateIn2 middlegame short,approved,"Approved easy Mate puzzle with popularity 100, 6619 plays, and rating deviation 77"
yD3ZD,6rk/2Q5/2Pp3p/5p2/1P3P2/4r1qP/P3p1P1/4N1RK w - - 1 34,c7d6,6rk/8/2PQ3p/5p2/1P3P2/4r1qP/P3p1P1/4N1RK b - - 0 34,g3h3 g2h3 e3h3,1408,medium,100,75,3395,endgame mate mateIn2 sacrifice short,approved,"Approved medium Sacrifice puzzle with popularity 100, 3395 plays, and rating deviation 75"
yMxLd,6r1/5p2/5P2/5K1k/4B1p1/6Rp/8/8 w - - 2 50,e4d5,6r1/5p2/5P2/3B1K1k/6p1/6Rp/8/8 b - - 3 50,g8g5 f5f4 g5d5,966,easy,100,79,2913,crushing endgame master short skewer,approved,"Approved easy Skewer puzzle with popularity 100, 2913 plays, and rating deviation 79"
yOUIK,3r2k1/1p4p1/1p6/3pn2q/8/2NQ3P/PP1R1PP1/6K1 w - - 1 24,d3b5,3r2k1/1p4p1/1p6/1Q1pn2q/8/2N4P/PP1R1PP1/6K1 b - - 2 24,e5f3 g2f3 h5g5 g1f1 g5d2,2160,hard,100,77,1073,advantage endgame fork long sacrifice,approved,"Approved hard Fork puzzle with popularity 100, 1073 plays, and rating deviation 77"
yRVNG,3r4/8/1R1pk3/Q3n3/2P3Pp/1P4nP/4prP1/6K1 w - - 0 41,g1f2,3r4/8/1R1pk3/Q3n3/2P3Pp/1P4nP/4pKP1/8 b - - 0 41,e5d3 f2e3 e2e1q a5e1 d3e1,1374,easy,100,75,3772,advancedPawn advantage deflection endgame long promotion,approved,"Approved easy Deflection puzzle with popularity 100, 3772 plays, and rating deviation 75"
yY7Ep,2r2k2/pp5R/5q2/4p3/3pP1QP/P2B4/1P4PK/5r2 b - - 0 35,f6f4,2r2k2/pp5R/8/4p3/3pPqQP/P2B4/1P4PK/5r2 w - - 1 36,g4f4 f1f4 h7h8 f8e7 h8c8,1523,medium,100,76,2701,advantage endgame exposedKing long skewer,approved,"Approved medium Skewer puzzle with popularity 100, 2701 plays, and rating deviation 76"
yZd65,4r1k1/8/6Rp/5np1/1P1B4/7P/6K1/8 b - - 4 51,g8f7,4r3/5k2/6Rp/5np1/1P1B4/7P/6K1/8 w - - 5 52,g6f6 f7g8 f6f5,1135,easy,100,76,6307,advantage endgame fork short,approved,"Approved easy Fork puzzle with popularity 100, 6307 plays, and rating deviation 76"
yfAHP,8/1p1k4/1p3p2/3P1P2/1P1R3P/P1P3K1/3pr3/8 w - - 0 38,g3g4,8/1p1k4/1p3p2/3P1P2/1P1R2KP/P1P5/3pr3/8 b - - 1 38,e2e4 d4e4 d2d1q,1437,medium,100,76,2985,advancedPawn advantage deflection endgame promotion rookEndgame short,approved,"Approved medium Deflection puzzle with popularity 100, 2985 plays, and rating deviation 76"
yreOT,7r/1b3pk1/p2p2p1/1p1np3/6R1/3B2QP/P1P3PK/2q3N1 b - - 1 30,d5f6,7r/1b3pk1/p2p1np1/1p2p3/6R1/3B2QP/P1P3PK/2q3N1 w - - 2 31,g4g6 g7f8 g6f6 h8g8 d3g6,2212,hard,99,75,1048,advantage deflection long middlegame pin,approved,"Approved hard Pin puzzle with popularity 99, 1048 plays, and rating deviation 75"
yw4eE,r2r1k2/p2q1p1Q/1p2p1p1/4n1N1/3P4/1B6/PP3PPP/2KR4 w - - 0 20,d4e5,r2r1k2/p2q1p1Q/1p2p1p1/4P1N1/8/1B6/PP3PPP/2KR4 b - - 0 20,a8c8 c1b1 d7d1 b3d1 d8d1,1563,medium,100,75,6816,deflection long mate mateIn3 middlegame queensideAttack,approved,"Approved medium Deflection puzzle with popularity 100, 6816 plays, and rating deviation 75"
yx3bY,8/Rb6/1p2QB1p/1k1p4/5P2/1nr1K3/2q3P1/7R w - - 0 32,f6c3,8/Rb6/1p2Q2p/1k1p4/5P2/1nB1K3/2q3P1/7R b - - 0 32,d5d4 c3d4 c2d2,2145,hard,99,76,1047,fork mate mateIn2 middlegame short,approved,"Approved hard Fork puzzle with popularity 99, 1047 plays, and rating deviation 76"
yyS1X,2r1r3/pp4pk/3q3p/3pNQp1/3Pn3/2P4P/PP4P1/4R1K1 b - - 9 32,g7g6,2r1r3/pp5k/3q2pp/3pNQp1/3Pn3/2P4P/PP4P1/4R1K1 w - - 0 33,f5f7 h7h8 e5g6 d6g6 f7g6,1113,easy,100,76,5083,advantage deflection long middlegame,approved,"Approved easy Deflection puzzle with popularity 100, 5083 plays, and rating deviation 76"
z0vNO,8/7p/p5p1/1k2Qp2/bP6/P4K1P/8/2q5 b - - 19 46,b5b6,8/7p/pk4p1/4Qp2/bP6/P4K1P/8/2q5 w - - 20 47,e5b8 b6c6 b8c8 c6d5 c8c1,2027,hard,97,76,4367,crushing endgame long skewer,approved,"Approved hard Skewer puzzle with popularity 97, 4367 plays, and rating deviation 76"
zD3hq,5r2/1Q1k4/p7/3p1q2/P7/1B1p4/1P2r1PP/2R3K1 b - - 0 33,d7d6,5r2/1Q6/p2k4/3p1q2/P7/1B1p4/1P2r1PP/2R3K1 w - - 1 34,b7c7 d6e6 c1c6,2027,hard,100,78,1064,endgame mate mateIn2 short,approved,"Approved hard Mate puzzle with popularity 100, 1064 plays, and rating deviation 78"
zL3u9,1k4r1/ppp2p2/8/4b1P1/4N1n1/4P3/PPPB2Pr/R4RK1 w - - 3 23,d2c3,1k4r1/ppp2p2/8/4b1P1/4N1n1/2B1P3/PPP3Pr/R4RK1 b - - 4 23,g8h8 e4g3 h2h1 g3h1 e5h2,2494,hard,99,77,1462,clearance long mate mateIn3 middlegame quietMove sacrifice,approved,"Approved hard Sacrifice puzzle with popularity 99, 1462 plays, and rating deviation 77"
zNEnV,6k1/5r1p/6p1/2Q2q2/4N3/2N1n3/P3r1PP/4R1K1 w - - 0 31,c3e2,6k1/5r1p/6p1/2Q2q2/4N3/4n3/P3N1PP/4R1K1 b - - 0 31,f5f1 e1f1 f7f1,1266,easy,100,76,4617,mate mateIn2 middlegame sacrifice short,approved,"Approved easy Sacrifice puzzle with popularity 100, 4617 plays, and rating deviation 76"
zSXkG,r3kbr1/1pp2p1p/p7/4pb2/1nPPq3/1Q2BN2/PP3PPP/2KR1B1R w q - 2 16,f3d2,r3kbr1/1pp2p1p/p7/4pb2/1nPPq3/1Q2B3/PP1N1PPP/2KR1B1R b q - 3 16,b4a2 b3a2 e4c2,1427,medium,100,76,4537,mate mateIn2 opening queensideAttack sacrifice short,approved,"Approved medium Sacrifice puzzle with popularity 100, 4537 plays, and rating deviation 76"
zZXxv,4rr1k/p6p/1p6/4bpP1/P1P4q/4Q2P/1PP3B1/4RRK1 w - - 0 25,e3f3,4rr1k/p6p/1p6/4bpP1/P1P4q/5Q1P/1PP3B1/4RRK1 b - - 1 25,e5d4 g1h1 e8e1 f1e1 h4e1,1394,easy,100,78,5833,crushing discoveredAttack kingsideAttack long middlegame,approved,"Approved easy Discovered attack puzzle with popularity 100, 5833 plays, and rating deviation 78"
zfk6e,6k1/R5p1/1p6/1P4Pp/2P5/5p2/4qQK1/8 w - - 0 43,g2g3,6k1/R5p1/1p6/1P4Pp/2P5/5pK1/4qQ2/8 b - - 1 43,h5h4 g3f4 e2f2,1397,easy,100,75,4012,crushing deflection endgame short,approved,"Approved easy Deflection puzzle with popularity 100, 4012 plays, and rating deviation 75"
zgZ62,5r2/p2bk3/1p2p1Qp/2r3p1/8/2P3P1/P1Pb1P1P/3R2K1 b - - 2 27,d2c3,5r2/p2bk3/1p2p1Qp/2r3p1/8/2b3P1/P1P2P1P/3R2K1 w - - 0 28,g6h7 f8f7 d1d7 e7d7 h7f7,2043,hard,99,76,1165,advantage attraction deflection endgame long,approved,"Approved hard Deflection puzzle with popularity 99, 1165 plays, and rating deviation 76"
zhXMw,2b2rk1/p4ppp/1pNN4/2p5/4P1n1/1Q4P1/PP4PP/2q2BK1 b - - 0 26,g4e3,2b2rk1/p4ppp/1pNN4/2p5/4P3/1Q2n1P1/PP4PP/2q2BK1 w - - 1 27,c6e7 g8h8 d6f7 f8f7 b3f7,1408,medium,100,77,3656,advantage deflection kingsideAttack long middlegame,approved,"Approved medium Deflection puzzle with popularity 100, 3656 plays, and rating deviation 77"
zpfTo,8/6k1/3q2pp/3p4/3PnNQ1/4PNP1/r7/5K2 b - - 7 40,d6c7,8/2q3k1/6pp/3p4/3PnNQ1/4PNP1/r7/5K2 w - - 8 41,f4e6 g7h8 e6c7,1168,easy,100,78,8525,crushing endgame fork master short,approved,"Approved easy Fork puzzle with popularity 100, 8525 plays, and rating deviation 78"
