sourceId,difficulty,primaryTheme,reviewStatus,legalSetup,legalSolution,lineEndsOnPlayerMove,noPrematureTerminal,uniquePositionAndLine,qualityBounds,inclusionReason
09IGa,hard,fork,approved,true,true,true,true,true,true,"Approved hard Fork puzzle with popularity 100, 1153 plays, and rating deviation 75"
0Jalw,medium,fork,approved,true,true,true,true,true,true,"Approved medium Fork puzzle with popularity 100, 4780 plays, and rating deviation 75"
0LjER,hard,deflection,approved,true,true,true,true,true,true,"Approved hard Deflection puzzle with popularity 99, 1110 plays, and rating deviation 75"
0Ozbu,hard,fork,approved,true,true,true,true,true,true,"Approved hard Fork puzzle with popularity 100, 1093 plays, and rating deviation 75"
0Svc3,easy,pin,approved,true,true,true,true,true,true,"Approved easy Pin puzzle with popularity 100, 4486 plays, and rating deviation 76"
0Y9P3,medium,mate,approved,true,true,true,true,true,true,"Approved medium Mate puzzle with popularity 100, 4720 plays, and rating deviation 75"
0b02Q,medium,mate,approved,true,true,true,true,true,true,"Approved medium Mate puzzle with popularity 100, 3815 plays, and rating deviation 76"
0bg6I,easy,fork,approved,true,true,true,true,true,true,"Approved easy Fork puzzle with popularity 100, 4066 plays, and rating deviation 75"
0hH95,hard,sacrifice,approved,true,true,true,true,true,true,"Approved hard Sacrifice puzzle with popularity 99, 1051 plays, and rating deviation 75"
0iVzE,easy,pin,approved,true,true,true,true,true,true,"Approved easy Pin puzzle with popularity 100, 5027 plays, and rating deviation 74"
0lBW3,easy,mate,approved,true,true,true,true,true,true,"Approved easy Mate puzzle with popularity 100, 4222 plays, and rating deviation 76"
0ogxM,hard,fork,approved,true,true,true,true,true,true,"Approved hard Fork puzzle with popularity 99, 1110 plays, and rating deviation 76"
0pbrW,hard,pin,approved,true,true,true,true,true,true,"Approved hard Pin puzzle with popularity 98, 1719 plays, and rating deviation 78"
0uv4N,easy,skewer,approved,true,true,true,true,true,true,"Approved easy Skewer puzzle with popularity 100, 2825 plays, and rating deviation 74"
0y4wp,hard,pin,approved,true,true,true,true,true,true,"Approved hard Pin puzzle with popularity 98, 3478 plays, and rating deviation 78"
0ypij,medium,skewer,approved,true,true,true,true,true,true,"Approved medium Skewer puzzle with popularity 100, 2691 plays, and rating deviation 75"
134eC,easy,fork,approved,true,true,true,true,true,true,"Approved easy Fork puzzle with popularity 100, 18134 plays, and rating deviation 76"
13qOa,hard,mate,approved,true,true,true,true,true,true,"Approved hard Mate puzzle with popularity 98, 2105 plays, and rating deviation 77"
18GEz,medium,pin,approved,true,true,true,true,true,true,"Approved medium Pin puzzle with popularity 100, 5206 plays, and rating deviation 75"
18V9o,easy,fork,approved,true,true,true,true,true,true,"Approved easy Fork puzzle with popularity 100, 4487 plays, and rating deviation 77"
1AvDn,easy,promotion,approved,true,true,true,true,true,true,"Approved easy Promotion puzzle with popularity 100, 3897 plays, and rating deviation 75"
1HcuU,easy,sacrifice,approved,true,true,true,true,true,true,"Approved easy Sacrifice puzzle with popularity 100, 5129 plays, and rating deviation 76"
1W56a,hard,fork,approved,true,true,true,true,true,true,"Approved hard Fork puzzle with popularity 98, 2147 plays, and rating deviation 77"
1jEnT,hard,mate,approved,true,true,true,true,true,true,"Approved hard Mate puzzle with popularity 99, 2406 plays, and rating deviation 75"
1lOKk,hard,advancedPawn,approved,true,true,true,true,true,true,"Approved hard Advanced pawn tactics puzzle with popularity 100, 1041 plays, and rating deviation 76"
1tZVN,easy,skewer,approved,true,true,true,true,true,true,"Approved easy Skewer puzzle with popularity 100, 3376 plays, and rating deviation 76"
1zx3Y,easy,sacrifice,approved,true,true,true,true,true,true,"Approved easy Sacrifice puzzle with popularity 100, 6270 plays, and rating deviation 74"
22QXr,medium,fork,approved,true,true,true,true,true,true,"Approved medium Fork puzzle with popularity 100, 3483 plays, and rating deviation 76"
25Yhz,medium,sacrifice,approved,true,true,true,true,true,true,"Approved medium Sacrifice puzzle with popularity 100, 3650 plays, and rating deviation 74"
25etE,medium,discoveredAttack,approved,true,true,true,true,true,true,"Approved medium Discovered attack puzzle with popularity 100, 6894 plays, and rating deviation 75"
29I6J,medium,deflection,approved,true,true,true,true,true,true,"Approved medium Deflection puzzle with popularity 100, 3900 plays, and rating deviation 75"
2EBqD,easy,advancedPawn,approved,true,true,true,true,true,true,"Approved easy Advanced pawn tactics puzzle with popularity 100, 4019 plays, and rating deviation 78"
2L3ID,medium,fork,approved,true,true,true,true,true,true,"Approved medium Fork puzzle with popularity 100, 4095 plays, and rating deviation 76"
2LWHH,easy,mate,approved,true,true,true,true,true,true,"Approved easy Mate puzzle with popularity 100, 4057 plays, and rating deviation 76"
2M9AE,easy,fork,approved,true,true,true,true,true,true,"Approved easy Fork puzzle with popularity 100, 8077 plays, and rating deviation 76"
2RVn3,medium,fork,approved,true,true,true,true,true,true,"Approved medium Fork puzzle with popularity 100, 3296 plays, and rating deviation 75"
2ctvT,medium,sacrifice,approved,true,true,true,true,true,true,"Approved medium Sacrifice puzzle with popularity 100, 3581 plays, and rating deviation 74"
2g57m,hard,fork,approved,true,true,true,true,true,true,"Approved hard Fork puzzle with popularity 99, 1080 plays, and rating deviation 76"
2gwzr,easy,mate,approved,true,true,true,true,true,true,"Approved easy Mate puzzle with popularity 100, 5223 plays, and rating deviation 76"
2ihZi,easy,sacrifice,approved,true,true,true,true,true,true,"Approved easy Sacrifice puzzle with popularity 100, 4038 plays, and rating deviation 76"
2ogzE,medium,skewer,approved,true,true,true,true,true,true,"Approved medium Skewer puzzle with popularity 100, 2671 plays, and rating deviation 75"
2peWl,medium,mate,approved,true,true,true,true,true,true,"Approved medium Mate puzzle with popularity 100, 3632 plays, and rating deviation 78"
2vwtm,hard,pin,approved,true,true,true,true,true,true,"Approved hard Pin puzzle with popularity 99, 1317 plays, and rating deviation 76"
2y11K,medium,deflection,approved,true,true,true,true,true,true,"Approved medium Deflection puzzle with popularity 100, 4895 plays, and rating deviation 75"
322Fx,hard,fork,approved,true,true,true,true,true,true,"Approved hard Fork puzzle with popularity 99, 1415 plays, and rating deviation 75"
35JUo,medium,pin,approved,true,true,true,true,true,true,"Approved medium Pin puzzle with popularity 100, 3302 plays, and rating deviation 79"
39ApR,medium,promotion,approved,true,true,true,true,true,true,"Approved medium Promotion puzzle with popularity 100, 3854 plays, and rating deviation 74"
3EHpM,medium,mate,approved,true,true,true,true,true,true,"Approved medium Mate puzzle with popularity 100, 3882 plays, and rating deviation 75"
3Fn7t,medium,sacrifice,approved,true,true,true,true,true,true,"Approved medium Sacrifice puzzle with popularity 100, 3372 plays, and rating deviation 79"
3FtEG,medium,mate,approved,true,true,true,true,true,true,"Approved medium Mate puzzle with popularity 100, 3548 plays, and rating deviation 75"
3K5pW,medium,mate,approved,true,true,true,true,true,true,"Approved medium Mate puzzle with popularity 100, 3624 plays, and rating deviation 76"
3KAfL,easy,promotion,approved,true,true,true,true,true,true,"Approved easy Promotion puzzle with popularity 100, 3856 plays, and rating deviation 76"
3Udpb,hard,mate,approved,true,true,true,true,true,true,"Approved hard Mate puzzle with popularity 99, 1160 plays, and rating deviation 78"
3auaH,medium,discoveredAttack,approved,true,true,true,true,true,true,"Approved medium Discovered attack puzzle with popularity 100, 3461 plays, and rating deviation 75"
3bsA7,hard,fork,approved,true,true,true,true,true,true,"Approved hard Fork puzzle with popularity 99, 1672 plays, and rating deviation 76"
3cwew,hard,mate,approved,true,true,true,true,true,true,"Approved hard Mate puzzle with popularity 99, 1720 plays, and rating deviation 75"
3fVTm,easy,skewer,approved,true,true,true,true,true,true,"Approved easy Skewer puzzle with popularity 100, 3202 plays, and rating deviation 76"
3lrmD,medium,sacrifice,approved,true,true,true,true,true,true,"Approved medium Sacrifice puzzle with popularity 100, 4050 plays, and rating deviation 74"
3ptxX,hard,deflection,approved,true,true,true,true,true,true,"Approved hard Deflection puzzle with popularity 99, 1056 plays, and rating deviation 76"
3qUz7,easy,mate,approved,true,true,true,true,true,true,"Approved easy Mate puzzle with popularity 100, 4163 plays, and rating deviation 75"
3uoHZ,easy,fork,approved,true,true,true,true,true,true,"Approved easy Fork puzzle with popularity 100, 4721 plays, and rating deviation 74"
3xco3,medium,pin,approved,true,true,true,true,true,true,"Approved medium Pin puzzle with popularity 100, 3759 plays, and rating deviation 75"
426nd,medium,sacrifice,approved,true,true,true,true,true,true,"Approved medium Sacrifice puzzle with popularity 100, 3391 plays, and rating deviation 75"
45Li2,hard,sacrifice,approved,true,true,true,true,true,true,"Approved hard Sacrifice puzzle with popularity 100, 1020 plays, and rating deviation 76"
4BGWl,medium,sacrifice,approved,true,true,true,true,true,true,"Approved medium Sacrifice puzzle with popularity 100, 3422 plays, and rating deviation 75"
4IM6l,hard,advancedPawn,approved,true,true,true,true,true,true,"Approved hard Advanced pawn tactics puzzle with popularity 100, 1048 plays, and rating deviation 76"
4KEcq,hard,mate,approved,true,true,true,true,true,true,"Approved hard Mate puzzle with popularity 98, 2594 plays, and rating deviation 76"
4N8sM,hard,sacrifice,approved,true,true,true,true,true,true,"Approved hard Sacrifice puzzle with popularity 100, 1199 plays, and rating deviation 76"
4NwJW,easy,mate,approved,true,true,true,true,true,true,"Approved easy Mate puzzle with popularity 100, 8573 plays, and rating deviation 78"
4OXSo,easy,fork,approved,true,true,true,true,true,true,"Approved easy Fork puzzle with popularity 100, 4460 plays, and rating deviation 75"
4PMxS,medium,fork,approved,true,true,true,true,true,true,"Approved medium Fork puzzle with popularity 100, 5157 plays, and rating deviation 75"
4V3TP,easy,skewer,approved,true,true,true,true,true,true,"Approved easy Skewer puzzle with popularity 100, 3304 plays, and rating deviation 75"
4X90I,easy,sacrifice,approved,true,true,true,true,true,true,"Approved easy Sacrifice puzzle with popularity 100, 4455 plays, and rating deviation 74"
4kgup,easy,mate,approved,true,true,true,true,true,true,"Approved easy Mate puzzle with popularity 100, 4103 plays, and rating deviation 75"
4pI19,easy,fork,approved,true,true,true,true,true,true,"Approved easy Fork puzzle with popularity 100, 8636 plays, and rating deviation 75"
4sfvt,easy,mate,approved,true,true,true,true,true,true,"Approved easy Mate puzzle with popularity 100, 5503 plays, and rating deviation 77"
4wVV5,hard,advancedPawn,approved,true,true,true,true,true,true,"Approved hard Advanced pawn tactics puzzle with popularity 99, 1048 plays, and rating deviation 77"
53Klw,easy,mate,approved,true,true,true,true,true,true,"Approved easy Mate puzzle with popularity 100, 4795 plays, and rating deviation 75"
54GHs,easy,mate,approved,true,true,true,true,true,true,"Approved easy Mate puzzle with popularity 100, 4061 plays, and rating deviation 75"
56JlY,hard,fork,approved,true,true,true,true,true,true,"Approved hard Fork puzzle with popularity 99, 1380 plays, and rating deviation 79"
5ABUy,medium,deflection,approved,true,true,true,true,true,true,"Approved medium Deflection puzzle with popularity 100, 3992 plays, and rating deviation 75"
5H4ZV,hard,mate,approved,true,true,true,true,true,true,"Approved hard Mate puzzle with popularity 99, 1070 plays, and rating deviation 77"
5QRFR,easy,sacrifice,approved,true,true,true,true,true,true,"Approved easy Sacrifice puzzle with popularity 100, 4252 plays, and rating deviation 76"
5Xpzn,hard,mate,approved,true,true,true,true,true,true,"Approved hard Mate puzzle with popularity 98, 2145 plays, and rating deviation 76"
5d1X1,hard,skewer,approved,true,true,true,true,true,true,"Approved hard Skewer puzzle with popularity 98, 1487 plays, and rating deviation 74"
5mYWI,easy,deflection,approved,true,true,true,true,true,true,"Approved easy Deflection puzzle with popularity 100, 5426 plays, and rating deviation 75"
5qFMq,medium,mate,approved,true,true,true,true,true,true,"Approved medium Mate puzzle with popularity 100, 3997 plays, and rating deviation 77"
5rk8P,easy,mate,approved,true,true,true,true,true,true,"Approved easy Mate puzzle with popularity 100, 5021 plays, and rating deviation 74"
5sZfD,easy,mate,approved,true,true,true,true,true,true,"Approved easy Mate puzzle with popularity 100, 4737 plays, and rating deviation 75"
5vZqW,hard,promotion,approved,true,true,true,true,true,true,"Approved hard Promotion puzzle with popularity 99, 1197 plays, and rating deviation 77"
60MiX,hard,advancedPawn,approved,true,true,true,true,true,true,"Approved hard Advanced pawn tactics puzzle with popularity 99, 1095 plays, and rating deviation 76"
616pP,hard,pin,approved,true,true,true,true,true,true,"Approved hard Pin puzzle with popularity 98, 1589 plays, and rating deviation 76"
62iQf,easy,fork,approved,true,true,true,true,true,true,"Approved easy Fork puzzle with popularity 100, 13931 plays, and rating deviation 76"
62rXy,easy,advancedPawn,approved,true,true,true,true,true,true,"Approved easy Advanced pawn tactics puzzle with popularity 100, 7221 plays, and rating deviation 75"
64kUP,hard,sacrifice,approved,true,true,true,true,true,true,"Approved hard Sacrifice puzzle with popularity 99, 1097 plays, and rating deviation 77"
65lcQ,medium,sacrifice,approved,true,true,true,true,true,true,"Approved medium Sacrifice puzzle with popularity 100, 3309 plays, and rating deviation 75"
668Xn,easy,discoveredAttack,approved,true,true,true,true,true,true,"Approved easy Discovered attack puzzle with popularity 100, 4077 plays, and rating deviation 75"
6B1yS,medium,sacrifice,approved,true,true,true,true,true,true,"Approved medium Sacrifice puzzle with popularity 100, 3450 plays, and rating deviation 77"
6E3Ms,hard,advancedPawn,approved,true,true,true,true,true,true,"Approved hard Advanced pawn tactics puzzle with popularity 100, 1007 plays, and rating deviation 76"
6HfOL,medium,sacrifice,approved,true,true,true,true,true,true,"Approved medium Sacrifice puzzle with popularity 100, 3722 plays, and rating deviation 75"
6Qkjs,medium,sacrifice,approved,true,true,true,true,true,true,"Approved medium Sacrifice puzzle with popularity 100, 3422 plays, and rating deviation 75"
6XKai,easy,mate,approved,true,true,true,true,true,true,"Approved easy Mate puzzle with popularity 100, 12811 plays, and rating deviation 77"
6Yt3F,medium,pin,approved,true,true,true,true,true,true,"Approved medium Pin puzzle with popularity 100, 4035 plays, and rating deviation 75"
6aKLW,easy,discoveredAttack,approved,true,true,true,true,true,true,"Approved easy Discovered attack puzzle with popularity 100, 8742 plays, and rating deviation 75"
6balH,medium,pin,approved,true,true,true,true,true,true,"Approved medium Pin puzzle with popularity 100, 3264 plays, and rating deviation 75"
6dXdJ,easy,mate,approved,true,true,true,true,true,true,"Approved easy Mate puzzle with popularity 100, 5692 plays, and rating deviation 76"
6hNqo,medium,mate,approved,true,true,true,true,true,true,"Approved medium Mate puzzle with popularity 100, 3297 plays, and rating deviation 76"
6jXP6,easy,promotion,approved,true,true,true,true,true,true,"Approved easy Promotion puzzle with popularity 100, 3860 plays, and rating deviation 76"
6wJDV,easy,mate,approved,true,true,true,true,true,true,"Approved easy Mate puzzle with popularity 100, 5240 plays, and rating deviation 75"
7Og0K,hard,discoveredAttack,approved,true,true,true,true,true,true,"Approved hard Discovered attack puzzle with popularity 99, 1042 plays, and rating deviation 76"
7RZ1H,easy,skewer,approved,true,true,true,true,true,true,"Approved easy Skewer puzzle with popularity 100, 2901 plays, and rating deviation 75"
7STMD,easy,mate,approved,true,true,true,true,true,true,"Approved easy Mate puzzle with popularity 100, 6818 plays, and rating deviation 75"
7Y0C7,medium,pin,approved,true,true,true,true,true,true,"Approved medium Pin puzzle with popularity 100, 3585 plays, and rating deviation 74"
7aqCB,easy,mate,approved,true,true,true,true,true,true,"Approved easy Mate puzzle with popularity 100, 4267 plays, and rating deviation 76"
7kGPt,medium,sacrifice,approved,true,true,true,true,true,true,"Approved medium Sacrifice puzzle with popularity 100, 4464 plays, and rating deviation 76"
7rf3T,medium,sacrifice,approved,true,true,true,true,true,true,"Approved medium Sacrifice puzzle with popularity 100, 3734 plays, and rating deviation 76"
7ssso,medium,advancedPawn,approved,true,true,true,true,true,true,"Approved medium Advanced pawn tactics puzzle with popularity 100, 3437 plays, and rating deviation 75"
80zKV,easy,pin,approved,true,true,true,true,true,true,"Approved easy Pin puzzle with popularity 100, 4732 plays, and rating deviation 76"
89OlB,easy,mate,approved,true,true,true,true,true,true,"Approved easy Mate puzzle with popularity 100, 4168 plays, and rating deviation 75"
8Axgi,easy,mate,approved,true,true,true,true,true,true,"Approved easy Mate puzzle with popularity 100, 7086 plays, and rating deviation 75"
8D82m,easy,sacrifice,approved,true,true,true,true,true,true,"Approved easy Sacrifice puzzle with popularity 100, 4288 plays, and rating deviation 75"
8M4A6,hard,skewer,approved,true,true,true,true,true,true,"Approved hard Skewer puzzle with popularity 100, 1094 plays, and rating deviation 77"
8MCl2,hard,fork,approved,true,true,true,true,true,true,"Approved hard Fork puzzle with popularity 99, 1227 plays, and rating deviation 76"
8PYF2,hard,deflection,approved,true,true,true,true,true,true,"Approved hard Deflection puzzle with popularity 98, 3636 plays, and rating deviation 75"
8Q3bm,easy,fork,approved,true,true,true,true,true,true,"Approved easy Fork puzzle with popularity 100, 5452 plays, and rating deviation 75"
8RSFP,medium,fork,approved,true,true,true,true,true,true,"Approved medium Fork puzzle with popularity 100, 4123 plays, and rating deviation 76"
8SmOR,easy,fork,approved,true,true,true,true,true,true,"Approved easy Fork puzzle with popularity 100, 4997 plays, and rating deviation 78"
8W6eO,easy,mate,approved,true,true,true,true,true,true,"Approved easy Mate puzzle with popularity 100, 4056 plays, and rating deviation 76"
8apNf,medium,mate,approved,true,true,true,true,true,true,"Approved medium Mate puzzle with popularity 100, 4512 plays, and rating deviation 74"
8feKb,easy,fork,approved,true,true,true,true,true,true,"Approved easy Fork puzzle with popularity 100, 4508 plays, and rating deviation 76"
8g4h0,medium,sacrifice,approved,true,true,true,true,true,true,"Approved medium Sacrifice puzzle with popularity 100, 21229 plays, and rating deviation 77"
8lHpT,hard,sacrifice,approved,true,true,true,true,true,true,"Approved hard Sacrifice puzzle with popularity 99, 2671 plays, and rating deviation 77"
8t67f,hard,sacrifice,approved,true,true,true,true,true,true,"Approved hard Sacrifice puzzle with popularity 99, 1077 plays, and rating deviation 76"
8tmXa,hard,promotion,approved,true,true,true,true,true,true,"Approved hard Promotion puzzle with popularity 99, 1597 plays, and rating deviation 77"
94YM7,easy,pin,approved,true,true,true,true,true,true,"Approved easy Pin puzzle with popularity 100, 4683 plays, and rating deviation 74"
9Ajox,easy,discoveredAttack,approved,true,true,true,true,true,true,"Approved easy Discovered attack puzzle with popularity 100, 6181 plays, and rating deviation 76"
9B1Pa,hard,mate,approved,true,true,true,true,true,true,"Approved hard Mate puzzle with popularity 100, 1260 plays, and rating deviation 79"
9BDTK,medium,discoveredAttack,approved,true,true,true,true,true,true,"Approved medium Discovered attack puzzle with popularity 100, 5098 plays, and rating deviation 75"
9C5Q9,hard,promotion,approved,true,true,true,true,true,true,"Approved hard Promotion puzzle with popularity 99, 1062 plays, and rating deviation 79"
9CCou,hard,fork,approved,true,true,true,true,true,true,"Approved hard Fork puzzle with popularity 99, 1024 plays, and rating deviation 75"
9G0yd,medium,mate,approved,true,true,true,true,true,true,"Approved medium Mate puzzle with popularity 100, 3834 plays, and rating deviation 76"
9H9La,medium,skewer,approved,true,true,true,true,true,true,"Approved medium Skewer puzzle with popularity 100, 3631 plays, and rating deviation 75"
9JESM,hard,fork,approved,true,true,true,true,true,true,"Approved hard Fork puzzle with popularity 100, 1373 plays, and rating deviation 77"
9Kjbj,easy,mate,approved,true,true,true,true,true,true,"Approved easy Mate puzzle with popularity 100, 5148 plays, and rating deviation 76"
9PWGI,easy,mate,approved,true,true,true,true,true,true,"Approved easy Mate puzzle with popularity 100, 4194 plays, and rating deviation 74"
9Twb3,medium,promotion,approved,true,true,true,true,true,true,"Approved medium Promotion puzzle with popularity 100, 4042 plays, and rating deviation 75"
9UnL0,hard,advancedPawn,approved,true,true,true,true,true,true,"Approved hard Advanced pawn tactics puzzle with popularity 98, 3604 plays, and rating deviation 79"
9V0Po,hard,sacrifice,approved,true,true,true,true,true,true,"Approved hard Sacrifice puzzle with popularity 98, 2430 plays, and rating deviation 78"
9VYJ9,hard,advancedPawn,approved,true,true,true,true,true,true,"Approved hard Advanced pawn tactics puzzle with popularity 100, 1102 plays, and rating deviation 76"
9VqGR,easy,deflection,approved,true,true,true,true,true,true,"Approved easy Deflection puzzle with popularity 100, 5538 plays, and rating deviation 75"
9XWAR,easy,mate,approved,true,true,true,true,true,true,"Approved easy Mate puzzle with popularity 100, 6079 plays, and rating deviation 76"
9XbQk,easy,pin,approved,true,true,true,true,true,true,"Approved easy Pin puzzle with popularity 100, 4710 plays, and rating deviation 74"
9cSWZ,medium,mate,approved,true,true,true,true,true,true,"Approved medium Mate puzzle with popularity 100, 3635 plays, and rating deviation 75"
9d8PX,easy,mate,approved,true,true,true,true,true,true,"Approved easy Mate puzzle with popularity 100, 4173 plays, and rating deviation 76"
9eXvi,medium,skewer,approved,true,true,true,true,true,true,"Approved medium Skewer puzzle with popularity 100, 5995 plays, and rating deviation 77"
9n2G9,easy,sacrifice,approved,true,true,true,true,true,true,"Approved easy Sacrifice puzzle with popularity 100, 4610 plays, and rating deviation 74"
9qgB0,easy,skewer,approved,true,true,true,true,true,true,"Approved easy Skewer puzzle with popularity 100, 3176 plays, and rating deviation 75"
9s93N,medium,mate,approved,true,true,true,true,true,true,"Approved medium Mate puzzle with popularity 100, 4122 plays, and rating deviation 75"
9sLr3,hard,deflection,approved,true,true,true,true,true,true,"Approved hard Deflection puzzle with popularity 99, 1111 plays, and rating deviation 78"
9v5gt,hard,advancedPawn,approved,true,true,true,true,true,true,"Approved hard Advanced pawn tactics puzzle with popularity 99, 1042 plays, and rating deviation 75"
9zGw9,medium,mate,approved,true,true,true,true,true,true,"Approved medium Mate puzzle with popularity 100, 3925 plays, and rating deviation 76"
A0ROq,medium,deflection,approved,true,true,true,true,true,true,"Approved medium Deflection puzzle with popularity 100, 3407 plays, and rating deviation 78"
A0tFZ,medium,sacrifice,approved,true,true,true,true,true,true,"Approved medium Sacrifice puzzle with popularity 100, 3782 plays, and rating deviation 75"
A3y4m,easy,deflection,approved,true,true,true,true,true,true,"Approved easy Deflection puzzle with popularity 100, 4134 plays, and rating deviation 75"
ABxQE,easy,sacrifice,approved,true,true,true,true,true,true,"Approved easy Sacrifice puzzle with popularity 100, 5631 plays, and rating deviation 75"
AD2IX,medium,mate,approved,true,true,true,true,true,true,"Approved medium Mate puzzle with popularity 100, 4095 plays, and rating deviation 76"
ADzqc,hard,discoveredAttack,approved,true,true,true,true,true,true,"Approved hard Discovered attack puzzle with popularity 100, 1525 plays, and rating deviation 75"
AFIM9,hard,fork,approved,true,true,true,true,true,true,"Approved hard Fork puzzle with popularity 99, 1033 plays, and rating deviation 74"
AK3i0,easy,mate,approved,true,true,true,true,true,true,"Approved easy Mate puzzle with popularity 100, 6241 plays, and rating deviation 74"
ALGsV,easy,advancedPawn,approved,true,true,true,true,true,true,"Approved easy Advanced pawn tactics puzzle with popularity 100, 15915 plays, and rating deviation 76"
ALjme,medium,discoveredAttack,approved,true,true,true,true,true,true,"Approved medium Discovered attack puzzle with popularity 100, 4010 plays, and rating deviation 75"
ARRYN,easy,discoveredAttack,approved,true,true,true,true,true,true,"Approved easy Discovered attack puzzle with popularity 100, 5188 plays, and rating deviation 75"
AXBEu,easy,fork,approved,true,true,true,true,true,true,"Approved easy Fork puzzle with popularity 100, 5713 plays, and rating deviation 75"
AdfV1,medium,fork,approved,true,true,true,true,true,true,"Approved medium Fork puzzle with popularity 100, 4191 plays, and rating deviation 77"
AgoSi,hard,pin,approved,true,true,true,true,true,true,"Approved hard Pin puzzle with popularity 100, 1379 plays, and rating deviation 79"
AoVfw,medium,pin,approved,true,true,true,true,true,true,"Approved medium Pin puzzle with popularity 100, 4482 plays, and rating deviation 75"
AqlRD,easy,fork,approved,true,true,true,true,true,true,"Approved easy Fork puzzle with popularity 100, 4151 plays, and rating deviation 76"
As6Kk,hard,advancedPawn,approved,true,true,true,true,true,true,"Approved hard Advanced pawn tactics puzzle with popularity 100, 1025 plays, and rating deviation 77"
AvAxT,hard,pin,approved,true,true,true,true,true,true,"Approved hard Pin puzzle with popularity 100, 1358 plays, and rating deviation 76"
AvY3g,hard,pin,approved,true,true,true,true,true,true,"Approved hard Pin puzzle with popularity 99, 1087 plays, and rating deviation 75"
B4tAg,medium,deflection,approved,true,true,true,true,true,true,"Approved medium Deflection puzzle with popularity 100, 3976 plays, and rating deviation 75"
BDPQ1,easy,mate,approved,true,true,true,true,true,true,"Approved easy Mate puzzle with popularity 100, 4178 plays, and rating deviation 75"
BFx0h,easy,sacrifice,approved,true,true,true,true,true,true,"Approved easy Sacrifice puzzle with popularity 100, 6163 plays, and rating deviation 75"
BInSx,easy,mate,approved,true,true,true,true,true,true,"Approved easy Mate puzzle with popularity 100, 4367 plays, and rating deviation 75"
BRHqK,medium,mate,approved,true,true,true,true,true,true,"Approved medium Mate puzzle with popularity 100, 3310 plays, and rating deviation 77"
BT2ox,easy,fork,approved,true,true,true,true,true,true,"Approved easy Fork puzzle with popularity 100, 5446 plays, and rating deviation 74"
BXTAN,medium,sacrifice,approved,true,true,true,true,true,true,"Approved medium Sacrifice puzzle with popularity 100, 4646 plays, and rating deviation 76"
Beg1e,hard,mate,approved,true,true,true,true,true,true,"Approved hard Mate puzzle with popularity 98, 2871 plays, and rating deviation 75"
Bhzpv,medium,skewer,approved,true,true,true,true,true,true,"Approved medium Skewer puzzle with popularity 100, 4398 plays, and rating deviation 75"
BjEax,easy,skewer,approved,true,true,true,true,true,true,"Approved easy Skewer puzzle with popularity 100, 2911 plays, and rating deviation 76"
Blacy,medium,mate,approved,true,true,true,true,true,true,"Approved medium Mate puzzle with popularity 100, 3635 plays, and rating deviation 77"
BpJgk,medium,fork,approved,true,true,true,true,true,true,"Approved medium Fork puzzle with popularity 100, 3597 plays, and rating deviation 76"
BuD0E,medium,mate,approved,true,true,true,true,true,true,"Approved medium Mate puzzle with popularity 100, 5919 plays, and rating deviation 75"
Byh1y,easy,fork,approved,true,true,true,true,true,true,"Approved easy Fork puzzle with popularity 100, 15607 plays, and rating deviation 79"
C0RTy,hard,fork,approved,true,true,true,true,true,true,"Approved hard Fork puzzle with popularity 100, 1007 plays, and rating deviation 75"
C0Unt,hard,pin,approved,true,true,true,true,true,true,"Approved hard Pin puzzle with popularity 99, 1444 plays, and rating deviation 75"
C11NL,medium,deflection,approved,true,true,true,true,true,true,"Approved medium Deflection puzzle with popularity 100, 3969 plays, and rating deviation 75"
C4FBM,hard,sacrifice,approved,true,true,true,true,true,true,"Approved hard Sacrifice puzzle with popularity 99, 1181 plays, and rating deviation 77"
C4PSn,medium,mate,approved,true,true,true,true,true,true,"Approved medium Mate puzzle with popularity 100, 4835 plays, and rating deviation 77"
C5Pus,hard,advancedPawn,approved,true,true,true,true,true,true,"Approved hard Advanced pawn tactics puzzle with popularity 99, 1276 plays, and rating deviation 76"
CC1w5,easy,fork,approved,true,true,true,true,true,true,"Approved easy Fork puzzle with popularity 100, 4228 plays, and rating deviation 75"
CNTQU,easy,sacrifice,approved,true,true,true,true,true,true,"Approved easy Sacrifice puzzle with popularity 100, 4567 plays, and rating deviation 75"
CTHip,hard,discoveredAttack,approved,true,true,true,true,true,true,"Approved hard Discovered attack puzzle with popularity 99, 1465 plays, and rating deviation 75"
CTwlY,easy,mate,approved,true,true,true,true,true,true,"Approved easy Mate puzzle with popularity 100, 4220 plays, and rating deviation 74"
CaM35,medium,mate,approved,true,true,true,true,true,true,"Approved medium Mate puzzle with popularity 100, 4038 plays, and rating deviation 77"
Cd4k5,medium,promotion,approved,true,true,true,true,true,true,"Approved medium Promotion puzzle with popularity 100, 3631 plays, and rating deviation 76"
CmOuU,hard,mate,approved,true,true,true,true,true,true,"Approved hard Mate puzzle with popularity 99, 1222 plays, and rating deviation 78"
Cq3r5,medium,sacrifice,approved,true,true,true,true,true,true,"Approved medium Sacrifice puzzle with popularity 100, 3520 plays, and rating deviation 75"
CqGxS,easy,promotion,approved,true,true,true,true,true,true,"Approved easy Promotion puzzle with popularity 100, 3949 plays, and rating deviation 75"
CwJiu,hard,mate,approved,true,true,true,true,true,true,"Approved hard Mate puzzle with popularity 100, 1018 plays, and rating deviation 76"
D2goU,easy,skewer,approved,true,true,true,true,true,true,"Approved easy Skewer puzzle with popularity 100, 3159 plays, and rating deviation 75"
D5B7X,easy,fork,approved,true,true,true,true,true,true,"Approved easy Fork puzzle with popularity 100, 6776 plays, and rating deviation 76"
D6jpa,hard,fork,approved,true,true,true,true,true,true,"Approved hard Fork puzzle with popularity 100, 1091 plays, and rating deviation 77"
D8Wfd,medium,sacrifice,approved,true,true,true,true,true,true,"Approved medium Sacrifice puzzle with popularity 100, 3943 plays, and rating deviation 76"
DC32S,hard,sacrifice,approved,true,true,true,true,true,true,"Approved hard Sacrifice puzzle with popularity 98, 2137 plays, and rating deviation 76"
DEj6J,easy,discoveredAttack,approved,true,true,true,true,true,true,"Approved easy Discovered attack puzzle with popularity 100, 4762 plays, and rating deviation 76"
DMhTR,hard,mate,approved,true,true,true,true,true,true,"Approved hard Mate puzzle with popularity 98, 2158 plays, and rating deviation 76"
DN6VV,easy,fork,approved,true,true,true,true,true,true,"Approved easy Fork puzzle with popularity 100, 8184 plays, and rating deviation 75"
DP2Dq,medium,mate,approved,true,true,true,true,true,true,"Approved medium Mate puzzle with popularity 100, 3567 plays, and rating deviation 77"
DSukU,easy,fork,approved,true,true,true,true,true,true,"Approved easy Fork puzzle with popularity 100, 3989 plays, and rating deviation 75"
DZ6QR,medium,mate,approved,true,true,true,true,true,true,"Approved medium Mate puzzle with popularity 100, 4614 plays, and rating deviation 75"
DdW3I,easy,mate,approved,true,true,true,true,true,true,"Approved easy Mate puzzle with popularity 100, 4958 plays, and rating deviation 75"
DlpI6,medium,sacrifice,approved,true,true,true,true,true,true,"Approved medium Sacrifice puzzle with popularity 100, 3366 plays, and rating deviation 76"
DmyL6,easy,promotion,approved,true,true,true,true,true,true,"Approved easy Promotion puzzle with popularity 100, 4083 plays, and rating deviation 75"
DsVo2,hard,sacrifice,approved,true,true,true,true,true,true,"Approved hard Sacrifice puzzle with popularity 100, 1137 plays, and rating deviation 76"
Dy3hJ,easy,mate,approved,true,true,true,true,true,true,"Approved easy Mate puzzle with popularity 100, 4453 plays, and rating deviation 76"
E3Gln,hard,deflection,approved,true,true,true,true,true,true,"Approved hard Deflection puzzle with popularity 99, 1167 plays, and rating deviation 76"
E99wO,hard,advancedPawn,approved,true,true,true,true,true,true,"Approved hard Advanced pawn tactics puzzle with popularity 98, 2079 plays, and rating deviation 77"
EFw5m,hard,pin,approved,true,true,true,true,true,true,"Approved hard Pin puzzle with popularity 99, 1317 plays, and rating deviation 75"
EGFs2,hard,mate,approved,true,true,true,true,true,true,"Approved hard Mate puzzle with popularity 100, 1366 plays, and rating deviation 76"
EQFBM,medium,mate,approved,true,true,true,true,true,true,"Approved medium Mate puzzle with popularity 100, 4290 plays, and rating deviation 76"
ESKx4,medium,mate,approved,true,true,true,true,true,true,"Approved medium Mate puzzle with popularity 100, 4024 plays, and rating deviation 75"
EjlGH,medium,sacrifice,approved,true,true,true,true,true,true,"Approved medium Sacrifice puzzle with popularity 100, 3797 plays, and rating deviation 76"
Ekock,hard,pin,approved,true,true,true,true,true,true,"Approved hard Pin puzzle with popularity 98, 1127 plays, and rating deviation 78"
EoHkI,easy,fork,approved,true,true,true,true,true,true,"Approved easy Fork puzzle with popularity 100, 4501 plays, and rating deviation 77"
Et7Yv,hard,mate,approved,true,true,true,true,true,true,"Approved hard Mate puzzle with popularity 98, 2053 plays, and rating deviation 76"
EtIHJ,easy,fork,approved,true,true,true,true,true,true,"Approved easy Fork puzzle with popularity 100, 4514 plays, and rating deviation 79"
EuBL3,hard,mate,approved,true,true,true,true,true,true,"Approved hard Mate puzzle with popularity 100, 1072 plays, and rating deviation 75"
Euzqt,medium,sacrifice,approved,true,true,true,true,true,true,"Approved medium Sacrifice puzzle with popularity 100, 3535 plays, and rating deviation 75"
EyqYa,easy,advancedPawn,approved,true,true,true,true,true,true,"Approved easy Advanced pawn tactics puzzle with popularity 100, 16181 plays, and rating deviation 77"
F1mOR,hard,deflection,approved,true,true,true,true,true,true,"Approved hard Deflection puzzle with popularity 99, 1064 plays, and rating deviation 75"
FAMyZ,medium,deflection,approved,true,true,true,true,true,true,"Approved medium Deflection puzzle with popularity 100, 3519 plays, and rating deviation 77"
FAwQH,easy,mate,approved,true,true,true,true,true,true,"Approved easy Mate puzzle with popularity 100, 6115 plays, and rating deviation 75"
FDROe,medium,skewer,approved,true,true,true,true,true,true,"Approved medium Skewer puzzle with popularity 100, 4635 plays, and rating deviation 76"
FEyo3,easy,mate,approved,true,true,true,true,true,true,"Approved easy Mate puzzle with popularity 100, 6267 plays, and rating deviation 75"
FFwGd,easy,pin,approved,true,true,true,true,true,true,"Approved easy Pin puzzle with popularity 100, 6574 plays, and rating deviation 75"
FOdM8,easy,skewer,approved,true,true,true,true,true,true,"Approved easy Skewer puzzle with popularity 100, 3135 plays, and rating deviation 77"
FQJxQ,hard,fork,approved,true,true,true,true,true,true,"Approved hard Fork puzzle with popularity 100, 1025 plays, and rating deviation 75"
FQkqQ,hard,discoveredAttack,approved,true,true,true,true,true,true,"Approved hard Discovered attack puzzle with popularity 100, 1179 plays, and rating deviation 78"
FTAtt,easy,fork,approved,true,true,true,true,true,true,"Approved easy Fork puzzle with popularity 100, 15925 plays, and rating deviation 77"
FTWy3,medium,skewer,approved,true,true,true,true,true,true,"Approved medium Skewer puzzle with popularity 100, 2717 plays, and rating deviation 75"
FaKFb,easy,discoveredAttack,approved,true,true,true,true,true,true,"Approved easy Discovered attack puzzle with popularity 100, 9723 plays, and rating deviation 75"
FcFb8,hard,fork,approved,true,true,true,true,true,true,"Approved hard Fork puzzle with popularity 99, 1158 plays, and rating deviation 76"
FdrYT,medium,fork,approved,true,true,true,true,true,true,"Approved medium Fork puzzle with popularity 100, 4477 plays, and rating deviation 74"
Fmk3X,medium,advancedPawn,approved,true,true,true,true,true,true,"Approved medium Advanced pawn tactics puzzle with popularity 100, 3319 plays, and rating deviation 76"
FzzYv,medium,mate,approved,true,true,true,true,true,true,"Approved medium Mate puzzle with popularity 100, 5330 plays, and rating deviation 76"
G6odh,easy,mate,approved,true,true,true,true,true,true,"Approved easy Mate puzzle with popularity 100, 4276 plays, and rating deviation 78"
G6zvC,medium,discoveredAttack,approved,true,true,true,true,true,true,"Approved medium Discovered attack puzzle with popularity 100, 3416 plays, and rating deviation 75"
G7bkT,easy,mate,approved,true,true,true,true,true,true,"Approved easy Mate puzzle with popularity 100, 4712 plays, and rating deviation 75"
GBWmQ,medium,fork,approved,true,true,true,true,true,true,"Approved medium Fork puzzle with popularity 100, 3939 plays, and rating deviation 75"
GBy65,easy,promotion,approved,true,true,true,true,true,true,"Approved easy Promotion puzzle with popularity 100, 4481 plays, and rating deviation 80"
GCyZk,hard,promotion,approved,true,true,true,true,true,true,"Approved hard Promotion puzzle with popularity 98, 3140 plays, and rating deviation 75"
GIBCl,medium,mate,approved,true,true,true,true,true,true,"Approved medium Mate puzzle with popularity 100, 4679 plays, and rating deviation 76"
GTa9A,medium,deflection,approved,true,true,true,true,true,true,"Approved medium Deflection puzzle with popularity 100, 3405 plays, and rating deviation 76"
GV49f,easy,mate,approved,true,true,true,true,true,true,"Approved easy Mate puzzle with popularity 100, 4965 plays, and rating deviation 76"
GVa8M,easy,pin,approved,true,true,true,true,true,true,"Approved easy Pin puzzle with popularity 100, 4800 plays, and rating deviation 74"
GW855,easy,sacrifice,approved,true,true,true,true,true,true,"Approved easy Sacrifice puzzle with popularity 100, 4418 plays, and rating deviation 76"
GgEuS,hard,deflection,approved,true,true,true,true,true,true,"Approved hard Deflection puzzle with popularity 99, 1527 plays, and rating deviation 77"
Gi8AH,medium,discoveredAttack,approved,true,true,true,true,true,true,"Approved medium Discovered attack puzzle with popularity 100, 3353 plays, and rating deviation 76"
GjdQX,hard,skewer,approved,true,true,true,true,true,true,"Approved hard Skewer puzzle with popularity 98, 1241 plays, and rating deviation 75"
Gjrhw,easy,sacrifice,approved,true,true,true,true,true,true,"Approved easy Sacrifice puzzle with popularity 100, 10117 plays, and rating deviation 76"
GkVId,medium,fork,approved,true,true,true,true,true,true,"Approved medium Fork puzzle with popularity 100, 3823 plays, and rating deviation 76"
GqAcz,medium,mate,approved,true,true,true,true,true,true,"Approved medium Mate puzzle with popularity 100, 3354 plays, and rating deviation 76"
GrRrk,hard,mate,approved,true,true,true,true,true,true,"Approved hard Mate puzzle with popularity 99, 1773 plays, and rating deviation 77"
GuRp8,easy,fork,approved,true,true,true,true,true,true,"Approved easy Fork puzzle with popularity 100, 8805 plays, and rating deviation 75"
GwNu2,hard,discoveredAttack,approved,true,true,true,true,true,true,"Approved hard Discovered attack puzzle with popularity 99, 1061 plays, and rating deviation 75"
GwlY6,medium,fork,approved,true,true,true,true,true,true,"Approved medium Fork puzzle with popularity 100, 4088 plays, and rating deviation 76"
H4EEI,easy,sacrifice,approved,true,true,true,true,true,true,"Approved easy Sacrifice puzzle with popularity 100, 4448 plays, and rating deviation 75"
H5Va4,hard,sacrifice,approved,true,true,true,true,true,true,"Approved hard Sacrifice puzzle with popularity 99, 1058 plays, and rating deviation 75"
HGb6v,medium,fork,approved,true,true,true,true,true,true,"Approved medium Fork puzzle with popularity 100, 3292 plays, and rating deviation 75"
HITmG,medium,pin,approved,true,true,true,true,true,true,"Approved medium Pin puzzle with popularity 100, 3704 plays, and rating deviation 76"
HIYZl,easy,deflection,approved,true,true,true,true,true,true,"Approved easy Deflection puzzle with popularity 100, 6542 plays, and rating deviation 75"
HO5G1,hard,mate,approved,true,true,true,true,true,true,"Approved hard Mate puzzle with popularity 99, 1532 plays, and rating deviation 76"
HQ0LN,medium,sacrifice,approved,true,true,true,true,true,true,"Approved medium Sacrifice puzzle with popularity 100, 3588 plays, and rating deviation 78"
HUOjx,hard,sacrifice,approved,true,true,true,true,true,true,"Approved hard Sacrifice puzzle with popularity 99, 1238 plays, and rating deviation 75"
HX16t,medium,fork,approved,true,true,true,true,true,true,"Approved medium Fork puzzle with popularity 100, 3427 plays, and rating deviation 77"
Hdsjy,hard,skewer,approved,true,true,true,true,true,true,"Approved hard Skewer puzzle with popularity 98, 2288 plays, and rating deviation 76"
HpmqP,hard,mate,approved,true,true,true,true,true,true,"Approved hard Mate puzzle with popularity 98, 2137 plays, and rating deviation 74"
Hqzec,medium,advancedPawn,approved,true,true,true,true,true,true,"Approved medium Advanced pawn tactics puzzle with popularity 100, 4884 plays, and rating deviation 76"
IA8Jb,hard,skewer,approved,true,true,true,true,true,true,"Approved hard Skewer puzzle with popularity 98, 1716 plays, and rating deviation 80"
ISOAr,easy,pin,approved,true,true,true,true,true,true,"Approved easy Pin puzzle with popularity 100, 5883 plays, and rating deviation 75"
ISYhO,medium,discoveredAttack,approved,true,true,true,true,true,true,"Approved medium Discovered attack puzzle with popularity 100, 3215 plays, and rating deviation 75"
IVVXa,hard,fork,approved,true,true,true,true,true,true,"Approved hard Fork puzzle with popularity 99, 1126 plays, and rating deviation 77"
IXqrY,easy,sacrifice,approved,true,true,true,true,true,true,"Approved easy Sacrifice puzzle with popularity 100, 15968 plays, and rating deviation 78"
IaRjY,easy,sacrifice,approved,true,true,true,true,true,true,"Approved easy Sacrifice puzzle with popularity 100, 5060 plays, and rating deviation 75"
Ie0W6,medium,deflection,approved,true,true,true,true,true,true,"Approved medium Deflection puzzle with popularity 100, 3307 plays, and rating deviation 76"
If6Nl,easy,fork,approved,true,true,true,true,true,true,"Approved easy Fork puzzle with popularity 100, 4114 plays, and rating deviation 75"
IoM2m,medium,mate,approved,true,true,true,true,true,true,"Approved medium Mate puzzle with popularity 100, 3701 plays, and rating deviation 75"
IpT4v,easy,advancedPawn,approved,true,true,true,true,true,true,"Approved easy Advanced pawn tactics puzzle with popularity 100, 4880 plays, and rating deviation 76"
It1w3,easy,pin,approved,true,true,true,true,true,true,"Approved easy Pin puzzle with popularity 100, 3770 plays, and rating deviation 75"
ItH6v,hard,advancedPawn,approved,true,true,true,true,true,true,"Approved hard Advanced pawn tactics puzzle with popularity 99, 1022 plays, and rating deviation 76"
IvTwv,easy,mate,approved,true,true,true,true,true,true,"Approved easy Mate puzzle with popularity 100, 4700 plays, and rating deviation 75"
Iw82O,medium,sacrifice,approved,true,true,true,true,true,true,"Approved medium Sacrifice puzzle with popularity 100, 4243 plays, and rating deviation 75"
IzurK,hard,discoveredAttack,approved,true,true,true,true,true,true,"Approved hard Discovered attack puzzle with popularity 98, 2058 plays, and rating deviation 76"
J5eMp,hard,fork,approved,true,true,true,true,true,true,"Approved hard Fork puzzle with popularity 98, 2747 plays, and rating deviation 75"
J5o1Y,hard,advancedPawn,approved,true,true,true,true,true,true,"Approved hard Advanced pawn tactics puzzle with popularity 100, 1109 plays, and rating deviation 77"
J6Yod,medium,skewer,approved,true,true,true,true,true,true,"Approved medium Skewer puzzle with popularity 100, 3510 plays, and rating deviation 74"
J9rSE,hard,fork,approved,true,true,true,true,true,true,"Approved hard Fork puzzle with popularity 99, 1146 plays, and rating deviation 75"
JCj1Z,medium,promotion,approved,true,true,true,true,true,true,"Approved medium Promotion puzzle with popularity 100, 4923 plays, and rating deviation 76"
JCpSd,easy,fork,approved,true,true,true,true,true,true,"Approved easy Fork puzzle with popularity 100, 4444 plays, and rating deviation 75"
JEFDK,medium,promotion,approved,true,true,true,true,true,true,"Approved medium Promotion puzzle with popularity 100, 4171 plays, and rating deviation 76"
JEpH7,easy,pin,approved,true,true,true,true,true,true,"Approved easy Pin puzzle with popularity 100, 15559 plays, and rating deviation 76"
JLlNN,medium,promotion,approved,true,true,true,true,true,true,"Approved medium Promotion puzzle with popularity 100, 3745 plays, and rating deviation 75"
JTicr,hard,discoveredAttack,approved,true,true,true,true,true,true,"Approved hard Discovered attack puzzle with popularity 100, 1167 plays, and rating deviation 76"
JZxCD,easy,pin,approved,true,true,true,true,true,true,"Approved easy Pin puzzle with popularity 100, 4181 plays, and rating deviation 75"
Jcv7e,medium,deflection,approved,true,true,true,true,true,true,"Approved medium Deflection puzzle with popularity 100, 6494 plays, and rating deviation 77"
Jgtup,hard,advancedPawn,approved,true,true,true,true,true,true,"Approved hard Advanced pawn tactics puzzle with popularity 100, 1125 plays, and rating deviation 75"
JhAms,hard,fork,approved,true,true,true,true,true,true,"Approved hard Fork puzzle with popularity 99, 1381 plays, and rating deviation 77"
JhDPO,hard,advancedPawn,approved,true,true,true,true,true,true,"Approved hard Advanced pawn tactics puzzle with popularity 98, 2294 plays, and rating deviation 75"
Jk78a,easy,fork,approved,true,true,true,true,true,true,"Approved easy Fork puzzle with popularity 100, 4335 plays, and rating deviation 76"
JnYhu,hard,sacrifice,approved,true,true,true,true,true,true,"Approved hard Sacrifice puzzle with popularity 100, 1170 plays, and rating deviation 79"
Jw0sQ,medium,fork,approved,true,true,true,true,true,true,"Approved medium Fork puzzle with popularity 100, 4499 plays, and rating deviation 74"
K2lKw,medium,promotion,approved,true,true,true,true,true,true,"Approved medium Promotion puzzle with popularity 100, 3585 plays, and rating deviation 77"
K40eT,medium,pin,approved,true,true,true,true,true,true,"Approved medium Pin puzzle with popularity 100, 4752 plays, and rating deviation 74"
K4pWF,medium,sacrifice,approved,true,true,true,true,true,true,"Approved medium Sacrifice puzzle with popularity 100, 3426 plays, and rating deviation 75"
K7u6I,hard,mate,approved,true,true,true,true,true,true,"Approved hard Mate puzzle with popularity 100, 1237 plays, and rating deviation 75"
K9ND4,medium,mate,approved,true,true,true,true,true,true,"Approved medium Mate puzzle with popularity 100, 3600 plays, and rating deviation 75"
KEPe0,easy,fork,approved,true,true,true,true,true,true,"Approved easy Fork puzzle with popularity 100, 22606 plays, and rating deviation 78"
KFtaO,hard,skewer,approved,true,true,true,true,true,true,"Approved hard Skewer puzzle with popularity 97, 6003 plays, and rating deviation 75"
KKOKO,medium,discoveredAttack,approved,true,true,true,true,true,true,"Approved medium Discovered attack puzzle with popularity 100, 3800 plays, and rating deviation 75"
KMCUb,easy,fork,approved,true,true,true,true,true,true,"Approved easy Fork puzzle with popularity 100, 15019 plays, and rating deviation 75"
KRxAQ,hard,skewer,approved,true,true,true,true,true,true,"Approved hard Skewer puzzle with popularity 98, 1057 plays, and rating deviation 79"
KVeXx,hard,pin,approved,true,true,true,true,true,true,"Approved hard Pin puzzle with popularity 100, 1009 plays, and rating deviation 76"
Kpeyi,easy,fork,approved,true,true,true,true,true,true,"Approved easy Fork puzzle with popularity 100, 6491 plays, and rating deviation 75"
KxA9T,medium,promotion,approved,true,true,true,true,true,true,"Approved medium Promotion puzzle with popularity 100, 3243 plays, and rating deviation 75"
L6LHu,medium,deflection,approved,true,true,true,true,true,true,"Approved medium Deflection puzzle with popularity 100, 3829 plays, and rating deviation 75"
LEAKI,medium,sacrifice,approved,true,true,true,true,true,true,"Approved medium Sacrifice puzzle with popularity 100, 4735 plays, and rating deviation 75"
LN9uh,medium,mate,approved,true,true,true,true,true,true,"Approved medium Mate puzzle with popularity 100, 4446 plays, and rating deviation 75"
LXz5a,medium,mate,approved,true,true,true,true,true,true,"Approved medium Mate puzzle with popularity 100, 3503 plays, and rating deviation 77"
LYWrM,easy,mate,approved,true,true,true,true,true,true,"Approved easy Mate puzzle with popularity 100, 4312 plays, and rating deviation 76"
Lhf8w,hard,sacrifice,approved,true,true,true,true,true,true,"Approved hard Sacrifice puzzle with popularity 99, 1022 plays, and rating deviation 77"
Ljam0,medium,sacrifice,approved,true,true,true,true,true,true,"Approved medium Sacrifice puzzle with popularity 100, 4131 plays, and rating deviation 76"
LkHj6,hard,mate,approved,true,true,true,true,true,true,"Approved hard Mate puzzle with popularity 99, 1340 plays, and rating deviation 76"
LpUg3,hard,mate,approved,true,true,true,true,true,true,"Approved hard Mate puzzle with popularity 99, 2895 plays, and rating deviation 80"
LqJiU,hard,mate,approved,true,true,true,true,true,true,"Approved hard Mate puzzle with popularity 100, 1522 plays, and rating deviation 76"
LqLN7,hard,mate,approved,true,true,true,true,true,true,"Approved hard Mate puzzle with popularity 98, 2163 plays, and rating deviation 77"
LqNCE,easy,mate,approved,true,true,true,true,true,true,"Approved easy Mate puzzle with popularity 100, 4445 plays, and rating deviation 75"
LrDuo,hard,promotion,approved,true,true,true,true,true,true,"Approved hard Promotion puzzle with popularity 100, 1013 plays, and rating deviation 78"
LsBga,easy,promotion,approved,true,true,true,true,true,true,"Approved easy Promotion puzzle with popularity 100, 15968 plays, and rating deviation 76"
Lsi7V,easy,mate,approved,true,true,true,true,true,true,"Approved easy Mate puzzle with popularity 100, 5109 plays, and rating deviation 76"
Lw1JK,medium,mate,approved,true,true,true,true,true,true,"Approved medium Mate puzzle with popularity 100, 4323 plays, and rating deviation 75"
LyPrx,easy,fork,approved,true,true,true,true,true,true,"Approved easy Fork puzzle with popularity 100, 4277 plays, and rating deviation 75"
LyzGJ,medium,mate,approved,true,true,true,true,true,true,"Approved medium Mate puzzle with popularity 100, 4099 plays, and rating deviation 76"
LzdRh,easy,fork,approved,true,true,true,true,true,true,"Approved easy Fork puzzle with popularity 100, 5067 plays, and rating deviation 76"
M0O2S,easy,mate,approved,true,true,true,true,true,true,"Approved easy Mate puzzle with popularity 100, 7589 plays, and rating deviation 75"
M2jnL,hard,advancedPawn,approved,true,true,true,true,true,true,"Approved hard Advanced pawn tactics puzzle with popularity 98, 2634 plays, and rating deviation 77"
M3QOB,easy,fork,approved,true,true,true,true,true,true,"Approved easy Fork puzzle with popularity 100, 4077 plays, and rating deviation 75"
M5wCP,easy,fork,approved,true,true,true,true,true,true,"Approved easy Fork puzzle with popularity 100, 4122 plays, and rating deviation 75"
MAN9U,easy,discoveredAttack,approved,true,true,true,true,true,true,"Approved easy Discovered attack puzzle with popularity 100, 6892 plays, and rating deviation 77"
MBU6X,hard,advancedPawn,approved,true,true,true,true,true,true,"Approved hard Advanced pawn tactics puzzle with popularity 99, 1092 plays, and rating deviation 76"
MCnj3,medium,mate,approved,true,true,true,true,true,true,"Approved medium Mate puzzle with popularity 100, 3340 plays, and rating deviation 75"
MDqFV,hard,skewer,approved,true,true,true,true,true,true,"Approved hard Skewer puzzle with popularity 98, 1125 plays, and rating deviation 75"
MH22c,medium,sacrifice,approved,true,true,true,true,true,true,"Approved medium Sacrifice puzzle with popularity 100, 4044 plays, and rating deviation 76"
MMpv1,hard,mate,approved,true,true,true,true,true,true,"Approved hard Mate puzzle with popularity 100, 1129 plays, and rating deviation 76"
MOAjJ,easy,discoveredAttack,approved,true,true,true,true,true,true,"Approved easy Discovered attack puzzle with popularity 100, 4213 plays, and rating deviation 75"
MRQUd,hard,sacrifice,approved,true,true,true,true,true,true,"Approved hard Sacrifice puzzle with popularity 98, 2542 plays, and rating deviation 74"
MU5Ze,medium,sacrifice,approved,true,true,true,true,true,true,"Approved medium Sacrifice puzzle with popularity 100, 4250 plays, and rating deviation 76"
MUmHG,medium,sacrifice,approved,true,true,true,true,true,true,"Approved medium Sacrifice puzzle with popularity 100, 3775 plays, and rating deviation 76"
MZZdi,easy,sacrifice,approved,true,true,true,true,true,true,"Approved easy Sacrifice puzzle with popularity 100, 5895 plays, and rating deviation 75"
Mesbf,medium,deflection,approved,true,true,true,true,true,true,"Approved medium Deflection puzzle with popularity 100, 3303 plays, and rating deviation 77"
MfUw1,easy,pin,approved,true,true,true,true,true,true,"Approved easy Pin puzzle with popularity 100, 4000 plays, and rating deviation 75"
Mv5vy,easy,fork,approved,true,true,true,true,true,true,"Approved easy Fork puzzle with popularity 100, 4007 plays, and rating deviation 75"
MxXN9,medium,deflection,approved,true,true,true,true,true,true,"Approved medium Deflection puzzle with popularity 100, 3918 plays, and rating deviation 75"
N0jga,hard,advancedPawn,approved,true,true,true,true,true,true,"Approved hard Advanced pawn tactics puzzle with popularity 99, 1217 plays, and rating deviation 76"
N7HyF,medium,sacrifice,approved,true,true,true,true,true,true,"Approved medium Sacrifice puzzle with popularity 100, 3456 plays, and rating deviation 79"
NDQvn,medium,promotion,approved,true,true,true,true,true,true,"Approved medium Promotion puzzle with popularity 100, 4907 plays, and rating deviation 76"
NHH1j,easy,advancedPawn,approved,true,true,true,true,true,true,"Approved easy Advanced pawn tactics puzzle with popularity 100, 15689 plays, and rating deviation 77"
NI5rt,medium,sacrifice,approved,true,true,true,true,true,true,"Approved medium Sacrifice puzzle with popularity 100, 3612 plays, and rating deviation 78"
NOZL1,hard,promotion,approved,true,true,true,true,true,true,"Approved hard Promotion puzzle with popularity 98, 1916 plays, and rating deviation 77"
NRzRW,hard,advancedPawn,approved,true,true,true,true,true,true,"Approved hard Advanced pawn tactics puzzle with popularity 98, 2129 plays, and rating deviation 77"
NpYi2,hard,pin,approved,true,true,true,true,true,true,"Approved hard Pin puzzle with popularity 98, 2534 plays, and rating deviation 75"
Nq02I,medium,deflection,approved,true,true,true,true,true,true,"Approved medium Deflection puzzle with popularity 100, 6654 plays, and rating deviation 79"
NtxBC,medium,sacrifice,approved,true,true,true,true,true,true,"Approved medium Sacrifice puzzle with popularity 100, 3444 plays, and rating deviation 78"
NxeFl,easy,mate,approved,true,true,true,true,true,true,"Approved easy Mate puzzle with popularity 100, 4099 plays, and rating deviation 76"
NyusQ,hard,sacrifice,approved,true,true,true,true,true,true,"Approved hard Sacrifice puzzle with popularity 100, 1073 plays, and rating deviation 75"
O5JsK,medium,discoveredAttack,approved,true,true,true,true,true,true,"Approved medium Discovered attack puzzle with popularity 100, 3414 plays, and rating deviation 76"
OOv3h,medium,discoveredAttack,approved,true,true,true,true,true,true,"Approved medium Discovered attack puzzle with popularity 100, 3384 plays, and rating deviation 77"
OROJW,medium,fork,approved,true,true,true,true,true,true,"Approved medium Fork puzzle with popularity 100, 4522 plays, and rating deviation 74"
OU0G0,hard,sacrifice,approved,true,true,true,true,true,true,"Approved hard Sacrifice puzzle with popularity 99, 1202 plays, and rating deviation 76"
OavA1,medium,mate,approved,true,true,true,true,true,true,"Approved medium Mate puzzle with popularity 100, 4155 plays, and rating deviation 76"
Ob6fy,medium,fork,approved,true,true,true,true,true,true,"Approved medium Fork puzzle with popularity 100, 3988 plays, and rating deviation 76"
OcUMC,hard,mate,approved,true,true,true,true,true,true,"Approved hard Mate puzzle with popularity 98, 2215 plays, and rating deviation 77"
OiijI,medium,fork,approved,true,true,true,true,true,true,"Approved medium Fork puzzle with popularity 100, 3331 plays, and rating deviation 74"
OtIXv,medium,mate,approved,true,true,true,true,true,true,"Approved medium Mate puzzle with popularity 100, 3471 plays, and rating deviation 75"
OtrYO,medium,fork,approved,true,true,true,true,true,true,"Approved medium Fork puzzle with popularity 100, 3588 plays, and rating deviation 75"
Ow7pM,easy,mate,approved,true,true,true,true,true,true,"Approved easy Mate puzzle with popularity 100, 4302 plays, and rating deviation 75"
P2WmE,hard,fork,approved,true,true,true,true,true,true,"Approved hard Fork puzzle with popularity 100, 1672 plays, and rating deviation 76"
P6e8V,hard,deflection,approved,true,true,true,true,true,true,"Approved hard Deflection puzzle with popularity 99, 1080 plays, and rating deviation 75"
P7dnE,easy,mate,approved,true,true,true,true,true,true,"Approved easy Mate puzzle with popularity 100, 5142 plays, and rating deviation 76"
P9BDV,medium,pin,approved,true,true,true,true,true,true,"Approved medium Pin puzzle with popularity 100, 3280 plays, and rating deviation 76"
PH1R0,easy,fork,approved,true,true,true,true,true,true,"Approved easy Fork puzzle with popularity 100, 4785 plays, and rating deviation 80"
PH4GC,medium,fork,approved,true,true,true,true,true,true,"Approved medium Fork puzzle with popularity 100, 3527 plays, and rating deviation 76"
PPBML,easy,deflection,approved,true,true,true,true,true,true,"Approved easy Deflection puzzle with popularity 100, 4137 plays, and rating deviation 76"
PTe31,easy,promotion,approved,true,true,true,true,true,true,"Approved easy Promotion puzzle with popularity 100, 5372 plays, and rating deviation 76"
PagDL,hard,mate,approved,true,true,true,true,true,true,"Approved hard Mate puzzle with popularity 99, 1163 plays, and rating deviation 80"
PcQYu,medium,sacrifice,approved,true,true,true,true,true,true,"Approved medium Sacrifice puzzle with popularity 100, 4211 plays, and rating deviation 75"
Ph8Sk,easy,discoveredAttack,approved,true,true,true,true,true,true,"Approved easy Discovered attack puzzle with popularity 100, 6541 plays, and rating deviation 75"
Psu0w,hard,promotion,approved,true,true,true,true,true,true,"Approved hard Promotion puzzle with popularity 98, 2458 plays, and rating deviation 74"
Pt42l,hard,fork,approved,true,true,true,true,true,true,"Approved hard Fork puzzle with popularity 99, 1011 plays, and rating deviation 76"
PyXxA,hard,mate,approved,true,true,true,true,true,true,"Approved hard Mate puzzle with popularity 100, 1055 plays, and rating deviation 74"
Q4FZC,hard,skewer,approved,true,true,true,true,true,true,"Approved hard Skewer puzzle with popularity 100, 1242 plays, and rating deviation 76"
Q4oDR,medium,fork,approved,true,true,true,true,true,true,"Approved medium Fork puzzle with popularity 100, 6210 plays, and rating deviation 77"
Q54dg,easy,fork,approved,true,true,true,true,true,true,"Approved easy Fork puzzle with popularity 100, 5074 plays, and rating deviation 75"
Q73jX,easy,fork,approved,true,true,true,true,true,true,"Approved easy Fork puzzle with popularity 100, 4165 plays, and rating deviation 74"
Q7TcH,hard,fork,approved,true,true,true,true,true,true,"Approved hard Fork puzzle with popularity 99, 2259 plays, and rating deviation 76"
Q9Rue,easy,deflection,approved,true,true,true,true,true,true,"Approved easy Deflection puzzle with popularity 100, 4683 plays, and rating deviation 76"
QEOYY,hard,skewer,approved,true,true,true,true,true,true,"Approved hard Skewer puzzle with popularity 100, 1592 plays, and rating deviation 77"
QIqJ1,hard,mate,approved,true,true,true,true,true,true,"Approved hard Mate puzzle with popularity 99, 1034 plays, and rating deviation 75"
QJBOc,easy,discoveredAttack,approved,true,true,true,true,true,true,"Approved easy Discovered attack puzzle with popularity 100, 4416 plays, and rating deviation 75"
QOnwR,medium,pin,approved,true,true,true,true,true,true,"Approved medium Pin puzzle with popularity 100, 3795 plays, and rating deviation 76"
QQYgu,hard,advancedPawn,approved,true,true,true,true,true,true,"Approved hard Advanced pawn tactics puzzle with popularity 99, 1039 plays, and rating deviation 77"
QUix7,easy,pin,approved,true,true,true,true,true,true,"Approved easy Pin puzzle with popularity 100, 4758 plays, and rating deviation 76"
QdgAL,medium,sacrifice,approved,true,true,true,true,true,true,"Approved medium Sacrifice puzzle with popularity 100, 3573 plays, and rating deviation 74"
Qdp88,hard,sacrifice,approved,true,true,true,true,true,true,"Approved hard Sacrifice puzzle with popularity 99, 1357 plays, and rating deviation 75"
Qdzom,hard,discoveredAttack,approved,true,true,true,true,true,true,"Approved hard Discovered attack puzzle with popularity 99, 1037 plays, and rating deviation 78"
QhblN,easy,fork,approved,true,true,true,true,true,true,"Approved easy Fork puzzle with popularity 100, 4441 plays, and rating deviation 77"
QlhHO,easy,deflection,approved,true,true,true,true,true,true,"Approved easy Deflection puzzle with popularity 100, 14246 plays, and rating deviation 77"
QnO7c,hard,mate,approved,true,true,true,true,true,true,"Approved hard Mate puzzle with popularity 99, 1460 plays, and rating deviation 75"
QtPMd,easy,mate,approved,true,true,true,true,true,true,"Approved easy Mate puzzle with popularity 100, 5485 plays, and rating deviation 76"
Qw7tY,hard,advancedPawn,approved,true,true,true,true,true,true,"Approved hard Advanced pawn tactics puzzle with popularity 99, 1410 plays, and rating deviation 77"
R6CfE,medium,pin,approved,true,true,true,true,true,true,"Approved medium Pin puzzle with popularity 100, 3875 plays, and rating deviation 75"
R7oOx,easy,promotion,approved,true,true,true,true,true,true,"Approved easy Promotion puzzle with popularity 100, 4095 plays, and rating deviation 74"
R8I0H,easy,mate,approved,true,true,true,true,true,true,"Approved easy Mate puzzle with popularity 100, 4022 plays, and rating deviation 77"
RBpFI,hard,fork,approved,true,true,true,true,true,true,"Approved hard Fork puzzle with popularity 100, 1009 plays, and rating deviation 78"
RFnYd,easy,fork,approved,true,true,true,true,true,true,"Approved easy Fork puzzle with popularity 100, 4601 plays, and rating deviation 76"
RGpDi,hard,deflection,approved,true,true,true,true,true,true,"Approved hard Deflection puzzle with popularity 98, 3883 plays, and rating deviation 75"
RJpKc,easy,fork,approved,true,true,true,true,true,true,"Approved easy Fork puzzle with popularity 100, 4865 plays, and rating deviation 75"
RNXUh,hard,sacrifice,approved,true,true,true,true,true,true,"Approved hard Sacrifice puzzle with popularity 100, 1048 plays, and rating deviation 75"
RX7U0,medium,sacrifice,approved,true,true,true,true,true,true,"Approved medium Sacrifice puzzle with popularity 100, 3734 plays, and rating deviation 77"
RXu0R,medium,fork,approved,true,true,true,true,true,true,"Approved medium Fork puzzle with popularity 100, 3465 plays, and rating deviation 75"
Rht8t,hard,advancedPawn,approved,true,true,true,true,true,true,"Approved hard Advanced pawn tactics puzzle with popularity 99, 2153 plays, and rating deviation 76"
RkQqg,hard,mate,approved,true,true,true,true,true,true,"Approved hard Mate puzzle with popularity 100, 1235 plays, and rating deviation 78"
RoWld,hard,fork,approved,true,true,true,true,true,true,"Approved hard Fork puzzle with popularity 99, 1352 plays, and rating deviation 78"
Rpqco,hard,mate,approved,true,true,true,true,true,true,"Approved hard Mate puzzle with popularity 100, 1069 plays, and rating deviation 76"
RvTd0,hard,advancedPawn,approved,true,true,true,true,true,true,"Approved hard Advanced pawn tactics puzzle with popularity 99, 1516 plays, and rating deviation 78"
RxTqJ,medium,advancedPawn,approved,true,true,true,true,true,true,"Approved medium Advanced pawn tactics puzzle with popularity 100, 5249 plays, and rating deviation 77"
S5QCB,medium,mate,approved,true,true,true,true,true,true,"Approved medium Mate puzzle with popularity 100, 4037 plays, and rating deviation 76"
S5iby,medium,promotion,approved,true,true,true,true,true,true,"Approved medium Promotion puzzle with popularity 100, 4821 plays, and rating deviation 76"
S9ZyG,medium,mate,approved,true,true,true,true,true,true,"Approved medium Mate puzzle with popularity 100, 4042 plays, and rating deviation 77"
SEE5v,medium,mate,approved,true,true,true,true,true,true,"Approved medium Mate puzzle with popularity 100, 3664 plays, and rating deviation 76"
SK3jG,easy,promotion,approved,true,true,true,true,true,true,"Approved easy Promotion puzzle with popularity 100, 3913 plays, and rating deviation 74"
SV1kB,easy,mate,approved,true,true,true,true,true,true,"Approved easy Mate puzzle with popularity 100, 6878 plays, and rating deviation 77"
SX6Fx,easy,fork,approved,true,true,true,true,true,true,"Approved easy Fork puzzle with popularity 100, 5252 plays, and rating deviation 78"
SdmW3,hard,pin,approved,true,true,true,true,true,true,"Approved hard Pin puzzle with popularity 99, 1032 plays, and rating deviation 75"
Sgfx6,easy,promotion,approved,true,true,true,true,true,true,"Approved easy Promotion puzzle with popularity 100, 3905 plays, and rating deviation 75"
SkFR7,medium,pin,approved,true,true,true,true,true,true,"Approved medium Pin puzzle with popularity 100, 4396 plays, and rating deviation 77"
SqLTu,medium,deflection,approved,true,true,true,true,true,true,"Approved medium Deflection puzzle with popularity 100, 6571 plays, and rating deviation 77"
SsCKw,medium,pin,approved,true,true,true,true,true,true,"Approved medium Pin puzzle with popularity 100, 3380 plays, and rating deviation 77"
StfjX,hard,sacrifice,approved,true,true,true,true,true,true,"Approved hard Sacrifice puzzle with popularity 100, 1087 plays, and rating deviation 79"
TC62o,medium,mate,approved,true,true,true,true,true,true,"Approved medium Mate puzzle with popularity 100, 3996 plays, and rating deviation 76"
TKPXc,hard,pin,approved,true,true,true,true,true,true,"Approved hard Pin puzzle with popularity 99, 1069 plays, and rating deviation 76"
TNcCS,medium,mate,approved,true,true,true,true,true,true,"Approved medium Mate puzzle with popularity 100, 3543 plays, and rating deviation 76"
TO81v,hard,sacrifice,approved,true,true,true,true,true,true,"Approved hard Sacrifice puzzle with popularity 100, 1030 plays, and rating deviation 79"
TjTxC,medium,pin,approved,true,true,true,true,true,true,"Approved medium Pin puzzle with popularity 100, 3404 plays, and rating deviation 75"
Tkp9I,medium,fork,approved,true,true,true,true,true,true,"Approved medium Fork puzzle with popularity 100, 3386 plays, and rating deviation 76"
To9Bd,medium,mate,approved,true,true,true,true,true,true,"Approved medium Mate puzzle with popularity 100, 4150 plays, and rating deviation 77"
Tuzwy,easy,mate,approved,true,true,true,true,true,true,"Approved easy Mate puzzle with popularity 100, 4246 plays, and rating deviation 76"
U3nka,hard,fork,approved,true,true,true,true,true,true,"Approved hard Fork puzzle with popularity 99, 1223 plays, and rating deviation 76"
U4Emj,hard,deflection,approved,true,true,true,true,true,true,"Approved hard Deflection puzzle with popularity 100, 1586 plays, and rating deviation 77"
U65yH,hard,sacrifice,approved,true,true,true,true,true,true,"Approved hard Sacrifice puzzle with popularity 99, 1467 plays, and rating deviation 75"
U6rKB,hard,deflection,approved,true,true,true,true,true,true,"Approved hard Deflection puzzle with popularity 99, 1226 plays, and rating deviation 75"
U836e,medium,sacrifice,approved,true,true,true,true,true,true,"Approved medium Sacrifice puzzle with popularity 100, 4741 plays, and rating deviation 76"
U91LW,easy,deflection,approved,true,true,true,true,true,true,"Approved easy Deflection puzzle with popularity 100, 5008 plays, and rating deviation 75"
UPfj4,easy,fork,approved,true,true,true,true,true,true,"Approved easy Fork puzzle with popularity 100, 5703 plays, and rating deviation 75"
UPoTk,medium,mate,approved,true,true,true,true,true,true,"Approved medium Mate puzzle with popularity 100, 4299 plays, and rating deviation 74"
UPxPK,easy,mate,approved,true,true,true,true,true,true,"Approved easy Mate puzzle with popularity 100, 4243 plays, and rating deviation 75"
UQYhM,easy,discoveredAttack,approved,true,true,true,true,true,true,"Approved easy Discovered attack puzzle with popularity 100, 4480 plays, and rating deviation 76"
UaDyb,easy,discoveredAttack,approved,true,true,true,true,true,true,"Approved easy Discovered attack puzzle with popularity 100, 4344 plays, and rating deviation 75"
UaNdl,hard,discoveredAttack,approved,true,true,true,true,true,true,"Approved hard Discovered attack puzzle with popularity 98, 3555 plays, and rating deviation 78"
Uix0J,hard,sacrifice,approved,true,true,true,true,true,true,"Approved hard Sacrifice puzzle with popularity 99, 1299 plays, and rating deviation 77"
UkY10,medium,skewer,approved,true,true,true,true,true,true,"Approved medium Skewer puzzle with popularity 100, 2782 plays, and rating deviation 77"
UkkOu,hard,discoveredAttack,approved,true,true,true,true,true,true,"Approved hard Discovered attack puzzle with popularity 99, 1031 plays, and rating deviation 76"
UnGDX,easy,mate,approved,true,true,true,true,true,true,"Approved easy Mate puzzle with popularity 100, 4387 plays, and rating deviation 74"
Uxzqy,easy,mate,approved,true,true,true,true,true,true,"Approved easy Mate puzzle with popularity 100, 5738 plays, and rating deviation 75"
V4vU0,hard,discoveredAttack,approved,true,true,true,true,true,true,"Approved hard Discovered attack puzzle with popularity 98, 2767 plays, and rating deviation 76"
V5vPO,easy,promotion,approved,true,true,true,true,true,true,"Approved easy Promotion puzzle with popularity 100, 5970 plays, and rating deviation 76"
V660k,hard,advancedPawn,approved,true,true,true,true,true,true,"Approved hard Advanced pawn tactics puzzle with popularity 98, 4529 plays, and rating deviation 77"
V6R99,medium,pin,approved,true,true,true,true,true,true,"Approved medium Pin puzzle with popularity 100, 4570 plays, and rating deviation 74"
VFRWR,hard,sacrifice,approved,true,true,true,true,true,true,"Approved hard Sacrifice puzzle with popularity 98, 2081 plays, and rating deviation 80"
VG9xO,medium,fork,approved,true,true,true,true,true,true,"Approved medium Fork puzzle with popularity 100, 4197 plays, and rating deviation 75"
VSYAO,medium,discoveredAttack,approved,true,true,true,true,true,true,"Approved medium Discovered attack puzzle with popularity 100, 3338 plays, and rating deviation 76"
VYbvj,hard,promotion,approved,true,true,true,true,true,true,"Approved hard Promotion puzzle with popularity 98, 1506 plays, and rating deviation 76"
VZcBJ,medium,pin,approved,true,true,true,true,true,true,"Approved medium Pin puzzle with popularity 100, 3687 plays, and rating deviation 75"
VbfS5,easy,discoveredAttack,approved,true,true,true,true,true,true,"Approved easy Discovered attack puzzle with popularity 100, 4177 plays, and rating deviation 75"
VccqF,medium,mate,approved,true,true,true,true,true,true,"Approved medium Mate puzzle with popularity 100, 4147 plays, and rating deviation 75"
VgTK8,medium,promotion,approved,true,true,true,true,true,true,"Approved medium Promotion puzzle with popularity 100, 4386 plays, and rating deviation 75"
Vi29f,medium,pin,approved,true,true,true,true,true,true,"Approved medium Pin puzzle with popularity 100, 3520 plays, and rating deviation 78"
Vkfa7,medium,mate,approved,true,true,true,true,true,true,"Approved medium Mate puzzle with popularity 100, 3551 plays, and rating deviation 75"
Vmkkl,easy,skewer,approved,true,true,true,true,true,true,"Approved easy Skewer puzzle with popularity 100, 3317 plays, and rating deviation 75"
Vnzyk,hard,sacrifice,approved,true,true,true,true,true,true,"Approved hard Sacrifice puzzle with popularity 99, 1917 plays, and rating deviation 78"
VtoNX,hard,skewer,approved,true,true,true,true,true,true,"Approved hard Skewer puzzle with popularity 100, 1092 plays, and rating deviation 77"
VtvcA,hard,advancedPawn,approved,true,true,true,true,true,true,"Approved hard Advanced pawn tactics puzzle with popularity 100, 1657 plays, and rating deviation 77"
WHclj,easy,fork,approved,true,true,true,true,true,true,"Approved easy Fork puzzle with popularity 100, 4247 plays, and rating deviation 75"
WKBJY,easy,mate,approved,true,true,true,true,true,true,"Approved easy Mate puzzle with popularity 100, 4814 plays, and rating deviation 76"
WKYIx,hard,advancedPawn,approved,true,true,true,true,true,true,"Approved hard Advanced pawn tactics puzzle with popularity 99, 1041 plays, and rating deviation 75"
WPUyb,easy,fork,approved,true,true,true,true,true,true,"Approved easy Fork puzzle with popularity 100, 4354 plays, and rating deviation 75"
WSgyP,medium,sacrifice,approved,true,true,true,true,true,true,"Approved medium Sacrifice puzzle with popularity 100, 3363 plays, and rating deviation 76"
WTnR2,medium,sacrifice,approved,true,true,true,true,true,true,"Approved medium Sacrifice puzzle with popularity 100, 3726 plays, and rating deviation 76"
WTrXY,medium,sacrifice,approved,true,true,true,true,true,true,"Approved medium Sacrifice puzzle with popularity 100, 3557 plays, and rating deviation 77"
WZqS5,hard,mate,approved,true,true,true,true,true,true,"Approved hard Mate puzzle with popularity 99, 1084 plays, and rating deviation 75"
WafSW,hard,sacrifice,approved,true,true,true,true,true,true,"Approved hard Sacrifice puzzle with popularity 100, 1120 plays, and rating deviation 76"
Wjft4,easy,mate,approved,true,true,true,true,true,true,"Approved easy Mate puzzle with popularity 100, 9514 plays, and rating deviation 75"
WlwUS,easy,promotion,approved,true,true,true,true,true,true,"Approved easy Promotion puzzle with popularity 100, 3971 plays, and rating deviation 76"
Wq8OW,hard,sacrifice,approved,true,true,true,true,true,true,"Approved hard Sacrifice puzzle with popularity 98, 2870 plays, and rating deviation 80"
Wqfdj,easy,fork,approved,true,true,true,true,true,true,"Approved easy Fork puzzle with popularity 100, 4273 plays, and rating deviation 75"
WuxN7,hard,sacrifice,approved,true,true,true,true,true,true,"Approved hard Sacrifice puzzle with popularity 98, 2605 plays, and rating deviation 77"
Wvenm,hard,mate,approved,true,true,true,true,true,true,"Approved hard Mate puzzle with popularity 99, 1885 plays, and rating deviation 76"
Wyo4y,medium,fork,approved,true,true,true,true,true,true,"Approved medium Fork puzzle with popularity 100, 3740 plays, and rating deviation 75"
WzNXU,easy,sacrifice,approved,true,true,true,true,true,true,"Approved easy Sacrifice puzzle with popularity 100, 6410 plays, and rating deviation 74"
X1pV9,hard,fork,approved,true,true,true,true,true,true,"Approved hard Fork puzzle with popularity 100, 1041 plays, and rating deviation 74"
X5c5O,easy,sacrifice,approved,true,true,true,true,true,true,"Approved easy Sacrifice puzzle with popularity 100, 4112 plays, and rating deviation 75"
X7byR,medium,advancedPawn,approved,true,true,true,true,true,true,"Approved medium Advanced pawn tactics puzzle with popularity 100, 4626 plays, and rating deviation 76"
XDQto,hard,sacrifice,approved,true,true,true,true,true,true,"Approved hard Sacrifice puzzle with popularity 99, 1325 plays, and rating deviation 77"
XIdpN,easy,deflection,approved,true,true,true,true,true,true,"Approved easy Deflection puzzle with popularity 100, 5999 plays, and rating deviation 75"
XJ6TL,hard,deflection,approved,true,true,true,true,true,true,"Approved hard Deflection puzzle with popularity 100, 1286 plays, and rating deviation 76"
XKyQ4,medium,sacrifice,approved,true,true,true,true,true,true,"Approved medium Sacrifice puzzle with popularity 100, 3391 plays, and rating deviation 77"
XTJuF,easy,advancedPawn,approved,true,true,true,true,true,true,"Approved easy Advanced pawn tactics puzzle with popularity 100, 13527 plays, and rating deviation 75"
XXp6g,hard,mate,approved,true,true,true,true,true,true,"Approved hard Mate puzzle with popularity 100, 1367 plays, and rating deviation 77"
XmDXX,medium,pin,approved,true,true,true,true,true,true,"Approved medium Pin puzzle with popularity 100, 3604 plays, and rating deviation 75"
XpdRd,easy,promotion,approved,true,true,true,true,true,true,"Approved easy Promotion puzzle with popularity 100, 4339 plays, and rating deviation 76"
XvhqG,hard,pin,approved,true,true,true,true,true,true,"Approved hard Pin puzzle with popularity 100, 1528 plays, and rating deviation 79"
Xw11f,medium,deflection,approved,true,true,true,true,true,true,"Approved medium Deflection puzzle with popularity 100, 3931 plays, and rating deviation 75"
XwD3t,easy,mate,approved,true,true,true,true,true,true,"Approved easy Mate puzzle with popularity 100, 6700 plays, and rating deviation 76"
XxwyZ,hard,fork,approved,true,true,true,true,true,true,"Approved hard Fork puzzle with popularity 98, 2203 plays, and rating deviation 77"
Y0eDs,hard,pin,approved,true,true,true,true,true,true,"Approved hard Pin puzzle with popularity 98, 2511 plays, and rating deviation 75"
Y0k3G,medium,deflection,approved,true,true,true,true,true,true,"Approved medium Deflection puzzle with popularity 100, 3543 plays, and rating deviation 76"
Y0x7B,medium,mate,approved,true,true,true,true,true,true,"Approved medium Mate puzzle with popularity 100, 3809 plays, and rating deviation 77"
Y2UUk,medium,mate,approved,true,true,true,true,true,true,"Approved medium Mate puzzle with popularity 100, 3843 plays, and rating deviation 77"
Y2wGz,hard,pin,approved,true,true,true,true,true,true,"Approved hard Pin puzzle with popularity 100, 1333 plays, and rating deviation 76"
YGwcZ,easy,fork,approved,true,true,true,true,true,true,"Approved easy Fork puzzle with popularity 100, 4971 plays, and rating deviation 75"
YIQz7,hard,sacrifice,approved,true,true,true,true,true,true,"Approved hard Sacrifice puzzle with popularity 99, 1048 plays, and rating deviation 77"
YLNfg,easy,discoveredAttack,approved,true,true,true,true,true,true,"Approved easy Discovered attack puzzle with popularity 100, 4894 plays, and rating deviation 74"
YOCvT,easy,discoveredAttack,approved,true,true,true,true,true,true,"Approved easy Discovered attack puzzle with popularity 100, 3978 plays, and rating deviation 76"
YP6DB,easy,fork,approved,true,true,true,true,true,true,"Approved easy Fork puzzle with popularity 100, 4054 plays, and rating deviation 75"
YQqSg,hard,deflection,approved,true,true,true,true,true,true,"Approved hard Deflection puzzle with popularity 98, 2496 plays, and rating deviation 75"
YS0wW,hard,mate,approved,true,true,true,true,true,true,"Approved hard Mate puzzle with popularity 98, 2333 plays, and rating deviation 77"
YYrj5,hard,discoveredAttack,approved,true,true,true,true,true,true,"Approved hard Discovered attack puzzle with popularity 98, 2423 plays, and rating deviation 79"
YcvxH,easy,fork,approved,true,true,true,true,true,true,"Approved easy Fork puzzle with popularity 100, 5444 plays, and rating deviation 77"
YgRnX,hard,mate,approved,true,true,true,true,true,true,"Approved hard Mate puzzle with popularity 99, 1438 plays, and rating deviation 75"
Yi9wf,hard,pin,approved,true,true,true,true,true,true,"Approved hard Pin puzzle with popularity 100, 1097 plays, and rating deviation 77"
YkM7B,easy,skewer,approved,true,true,true,true,true,true,"Approved easy Skewer puzzle with popularity 100, 3553 plays, and rating deviation 76"
YtJsl,hard,discoveredAttack,approved,true,true,true,true,true,true,"Approved hard Discovered attack puzzle with popularity 100, 1151 plays, and rating deviation 76"
Yu3nP,hard,skewer,approved,true,true,true,true,true,true,"Approved hard Skewer puzzle with popularity 98, 1389 plays, and rating deviation 76"
Yxv4P,medium,mate,approved,true,true,true,true,true,true,"Approved medium Mate puzzle with popularity 100, 4472 plays, and rating deviation 76"
Z2Da9,easy,pin,approved,true,true,true,true,true,true,"Approved easy Pin puzzle with popularity 100, 5183 plays, and rating deviation 75"
Z2PVU,easy,fork,approved,true,true,true,true,true,true,"Approved easy Fork puzzle with popularity 100, 13109 plays, and rating deviation 76"
Z6pek,easy,sacrifice,approved,true,true,true,true,true,true,"Approved easy Sacrifice puzzle with popularity 100, 5334 plays, and rating deviation 75"
ZDfj6,medium,skewer,approved,true,true,true,true,true,true,"Approved medium Skewer puzzle with popularity 100, 4171 plays, and rating deviation 75"
ZF3EI,medium,deflection,approved,true,true,true,true,true,true,"Approved medium Deflection puzzle with popularity 100, 3401 plays, and rating deviation 74"
ZJU2m,easy,mate,approved,true,true,true,true,true,true,"Approved easy Mate puzzle with popularity 100, 4090 plays, and rating deviation 75"
ZLspT,medium,sacrifice,approved,true,true,true,true,true,true,"Approved medium Sacrifice puzzle with popularity 100, 3767 plays, and rating deviation 75"
ZMyOz,medium,skewer,approved,true,true,true,true,true,true,"Approved medium Skewer puzzle with popularity 100, 3375 plays, and rating deviation 75"
ZOWhk,medium,promotion,approved,true,true,true,true,true,true,"Approved medium Promotion puzzle with popularity 100, 4704 plays, and rating deviation 75"
ZV3pY,easy,mate,approved,true,true,true,true,true,true,"Approved easy Mate puzzle with popularity 100, 7215 plays, and rating deviation 79"
ZZRDX,medium,mate,approved,true,true,true,true,true,true,"Approved medium Mate puzzle with popularity 100, 5596 plays, and rating deviation 74"
Zbhfg,hard,promotion,approved,true,true,true,true,true,true,"Approved hard Promotion puzzle with popularity 99, 1376 plays, and rating deviation 77"
Zcp3Y,hard,sacrifice,approved,true,true,true,true,true,true,"Approved hard Sacrifice puzzle with popularity 100, 1222 plays, and rating deviation 76"
ZdDoT,medium,skewer,approved,true,true,true,true,true,true,"Approved medium Skewer puzzle with popularity 100, 2818 plays, and rating deviation 76"
ZkDCE,medium,fork,approved,true,true,true,true,true,true,"Approved medium Fork puzzle with popularity 100, 3607 plays, and rating deviation 76"
ZkGZ7,hard,fork,approved,true,true,true,true,true,true,"Approved hard Fork puzzle with popularity 99, 1369 plays, and rating deviation 76"
Zm7Ng,easy,fork,approved,true,true,true,true,true,true,"Approved easy Fork puzzle with popularity 100, 15546 plays, and rating deviation 77"
ZpyS3,medium,fork,approved,true,true,true,true,true,true,"Approved medium Fork puzzle with popularity 100, 4656 plays, and rating deviation 75"
Zr9vc,medium,mate,approved,true,true,true,true,true,true,"Approved medium Mate puzzle with popularity 100, 4268 plays, and rating deviation 76"
ZrX4f,hard,fork,approved,true,true,true,true,true,true,"Approved hard Fork puzzle with popularity 99, 1272 plays, and rating deviation 76"
ZsAx3,easy,pin,approved,true,true,true,true,true,true,"Approved easy Pin puzzle with popularity 100, 4262 plays, and rating deviation 75"
ZuMp7,easy,discoveredAttack,approved,true,true,true,true,true,true,"Approved easy Discovered attack puzzle with popularity 100, 4654 plays, and rating deviation 75"
Zwx8c,easy,mate,approved,true,true,true,true,true,true,"Approved easy Mate puzzle with popularity 100, 4942 plays, and rating deviation 76"
ZztCo,easy,mate,approved,true,true,true,true,true,true,"Approved easy Mate puzzle with popularity 100, 7442 plays, and rating deviation 75"
a4HmU,hard,fork,approved,true,true,true,true,true,true,"Approved hard Fork puzzle with popularity 100, 1156 plays, and rating deviation 75"
a4ygj,medium,mate,approved,true,true,true,true,true,true,"Approved medium Mate puzzle with popularity 100, 4777 plays, and rating deviation 74"
a64Y8,easy,discoveredAttack,approved,true,true,true,true,true,true,"Approved easy Discovered attack puzzle with popularity 100, 4484 plays, and rating deviation 75"
a7fEX,medium,fork,approved,true,true,true,true,true,true,"Approved medium Fork puzzle with popularity 100, 3789 plays, and rating deviation 77"
aBjw2,hard,fork,approved,true,true,true,true,true,true,"Approved hard Fork puzzle with popularity 100, 1179 plays, and rating deviation 77"
aCRht,easy,mate,approved,true,true,true,true,true,true,"Approved easy Mate puzzle with popularity 100, 4341 plays, and rating deviation 78"
aDp7m,easy,mate,approved,true,true,true,true,true,true,"Approved easy Mate puzzle with popularity 100, 8091 plays, and rating deviation 75"
aMC32,hard,fork,approved,true,true,true,true,true,true,"Approved hard Fork puzzle with popularity 98, 2240 plays, and rating deviation 78"
aNaDA,easy,fork,approved,true,true,true,true,true,true,"Approved easy Fork puzzle with popularity 100, 4154 plays, and rating deviation 75"
aWeKV,easy,pin,approved,true,true,true,true,true,true,"Approved easy Pin puzzle with popularity 100, 5012 plays, and rating deviation 76"
aXTcw,hard,sacrifice,approved,true,true,true,true,true,true,"Approved hard Sacrifice puzzle with popularity 99, 1095 plays, and rating deviation 74"
aXdeB,hard,mate,approved,true,true,true,true,true,true,"Approved hard Mate puzzle with popularity 98, 2223 plays, and rating deviation 77"
aftj6,easy,mate,approved,true,true,true,true,true,true,"Approved easy Mate puzzle with popularity 100, 4575 plays, and rating deviation 76"
ao815,medium,fork,approved,true,true,true,true,true,true,"Approved medium Fork puzzle with popularity 100, 3669 plays, and rating deviation 74"
au51B,medium,deflection,approved,true,true,true,true,true,true,"Approved medium Deflection puzzle with popularity 100, 3749 plays, and rating deviation 76"
b3xKD,hard,mate,approved,true,true,true,true,true,true,"Approved hard Mate puzzle with popularity 100, 1009 plays, and rating deviation 75"
b4Vqb,medium,pin,approved,true,true,true,true,true,true,"Approved medium Pin puzzle with popularity 100, 3543 plays, and rating deviation 74"
b67t3,medium,sacrifice,approved,true,true,true,true,true,true,"Approved medium Sacrifice puzzle with popularity 100, 3866 plays, and rating deviation 79"
b6UWJ,hard,sacrifice,approved,true,true,true,true,true,true,"Approved hard Sacrifice puzzle with popularity 98, 2428 plays, and rating deviation 76"
b6nb7,medium,pin,approved,true,true,true,true,true,true,"Approved medium Pin puzzle with popularity 100, 3816 plays, and rating deviation 75"
b7BFZ,medium,mate,approved,true,true,true,true,true,true,"Approved medium Mate puzzle with popularity 100, 3587 plays, and rating deviation 75"
bFvkb,hard,fork,approved,true,true,true,true,true,true,"Approved hard Fork puzzle with popularity 98, 1482 plays, and rating deviation 74"
bLWkN,easy,mate,approved,true,true,true,true,true,true,"Approved easy Mate puzzle with popularity 100, 5304 plays, and rating deviation 75"
bWMCr,medium,deflection,approved,true,true,true,true,true,true,"Approved medium Deflection puzzle with popularity 100, 3455 plays, and rating deviation 75"
bYgo4,medium,discoveredAttack,approved,true,true,true,true,true,true,"Approved medium Discovered attack puzzle with popularity 100, 4430 plays, and rating deviation 76"
bZz9s,medium,sacrifice,approved,true,true,true,true,true,true,"Approved medium Sacrifice puzzle with popularity 100, 3550 plays, and rating deviation 76"
bfTP4,medium,skewer,approved,true,true,true,true,true,true,"Approved medium Skewer puzzle with popularity 100, 3807 plays, and rating deviation 76"
c1G5m,hard,fork,approved,true,true,true,true,true,true,"Approved hard Fork puzzle with popularity 98, 3072 plays, and rating deviation 77"
c93hf,medium,mate,approved,true,true,true,true,true,true,"Approved medium Mate puzzle with popularity 100, 5171 plays, and rating deviation 75"
cHtP3,medium,advancedPawn,approved,true,true,true,true,true,true,"Approved medium Advanced pawn tactics puzzle with popularity 100, 4766 plays, and rating deviation 75"
cIFcj,medium,pin,approved,true,true,true,true,true,true,"Approved medium Pin puzzle with popularity 100, 3316 plays, and rating deviation 76"
cN3Cj,hard,mate,approved,true,true,true,true,true,true,"Approved hard Mate puzzle with popularity 100, 1064 plays, and rating deviation 77"
cQe7q,hard,mate,approved,true,true,true,true,true,true,"Approved hard Mate puzzle with popularity 98, 2808 plays, and rating deviation 78"
cRCiL,medium,sacrifice,approved,true,true,true,true,true,true,"Approved medium Sacrifice puzzle with popularity 100, 6830 plays, and rating deviation 75"
cRlNW,easy,discoveredAttack,approved,true,true,true,true,true,true,"Approved easy Discovered attack puzzle with popularity 100, 4897 plays, and rating deviation 76"
cTJH9,hard,mate,approved,true,true,true,true,true,true,"Approved hard Mate puzzle with popularity 99, 1110 plays, and rating deviation 75"
cTQaV,medium,mate,approved,true,true,true,true,true,true,"Approved medium Mate puzzle with popularity 100, 3499 plays, and rating deviation 77"
cUEU8,medium,sacrifice,approved,true,true,true,true,true,true,"Approved medium Sacrifice puzzle with popularity 100, 4626 plays, and rating deviation 76"
cUg5u,hard,sacrifice,approved,true,true,true,true,true,true,"Approved hard Sacrifice puzzle with popularity 99, 1186 plays, and rating deviation 75"
cVay9,easy,mate,approved,true,true,true,true,true,true,"Approved easy Mate puzzle with popularity 100, 4263 plays, and rating deviation 77"
cblxy,medium,pin,approved,true,true,true,true,true,true,"Approved medium Pin puzzle with popularity 100, 3299 plays, and rating deviation 76"
cexc3,medium,mate,approved,true,true,true,true,true,true,"Approved medium Mate puzzle with popularity 100, 3981 plays, and rating deviation 75"
cgozN,easy,mate,approved,true,true,true,true,true,true,"Approved easy Mate puzzle with popularity 100, 15999 plays, and rating deviation 76"
ciOK6,easy,deflection,approved,true,true,true,true,true,true,"Approved easy Deflection puzzle with popularity 100, 4268 plays, and rating deviation 77"
conTx,easy,mate,approved,true,true,true,true,true,true,"Approved easy Mate puzzle with popularity 100, 4181 plays, and rating deviation 76"
cpJZj,medium,mate,approved,true,true,true,true,true,true,"Approved medium Mate puzzle with popularity 100, 4552 plays, and rating deviation 77"
csFvJ,medium,mate,approved,true,true,true,true,true,true,"Approved medium Mate puzzle with popularity 100, 4410 plays, and rating deviation 76"
cxApH,medium,mate,approved,true,true,true,true,true,true,"Approved medium Mate puzzle with popularity 100, 3476 plays, and rating deviation 76"
d0hWD,medium,fork,approved,true,true,true,true,true,true,"Approved medium Fork puzzle with popularity 100, 3807 plays, and rating deviation 75"
d1Ul5,medium,deflection,approved,true,true,true,true,true,true,"Approved medium Deflection puzzle with popularity 100, 5364 plays, and rating deviation 75"
d6sGw,hard,mate,approved,true,true,true,true,true,true,"Approved hard Mate puzzle with popularity 99, 1171 plays, and rating deviation 75"
d8bo3,easy,mate,approved,true,true,true,true,true,true,"Approved easy Mate puzzle with popularity 100, 4466 plays, and rating deviation 76"
dBrN3,medium,mate,approved,true,true,true,true,true,true,"Approved medium Mate puzzle with popularity 100, 4791 plays, and rating deviation 75"
dCsui,hard,promotion,approved,true,true,true,true,true,true,"Approved hard Promotion puzzle with popularity 99, 1142 plays, and rating deviation 75"
dMENY,easy,advancedPawn,approved,true,true,true,true,true,true,"Approved easy Advanced pawn tactics puzzle with popularity 100, 4089 plays, and rating deviation 75"
dNcyj,easy,deflection,approved,true,true,true,true,true,true,"Approved easy Deflection puzzle with popularity 100, 4320 plays, and rating deviation 76"
dNl2p,easy,advancedPawn,approved,true,true,true,true,true,true,"Approved easy Advanced pawn tactics puzzle with popularity 100, 5215 plays, and rating deviation 74"
dPhpC,easy,skewer,approved,true,true,true,true,true,true,"Approved easy Skewer puzzle with popularity 100, 6910 plays, and rating deviation 75"
dPx9S,medium,sacrifice,approved,true,true,true,true,true,true,"Approved medium Sacrifice puzzle with popularity 100, 3392 plays, and rating deviation 76"
dUBEu,medium,mate,approved,true,true,true,true,true,true,"Approved medium Mate puzzle with popularity 100, 3848 plays, and rating deviation 77"
dWMjV,hard,deflection,approved,true,true,true,true,true,true,"Approved hard Deflection puzzle with popularity 99, 1394 plays, and rating deviation 75"
dYgTK,easy,mate,approved,true,true,true,true,true,true,"Approved easy Mate puzzle with popularity 100, 4355 plays, and rating deviation 77"
dZfpC,easy,sacrifice,approved,true,true,true,true,true,true,"Approved easy Sacrifice puzzle with popularity 100, 5120 plays, and rating deviation 76"
degWM,easy,deflection,approved,true,true,true,true,true,true,"Approved easy Deflection puzzle with popularity 100, 12376 plays, and rating deviation 75"
dhOtp,medium,fork,approved,true,true,true,true,true,true,"Approved medium Fork puzzle with popularity 100, 3790 plays, and rating deviation 75"
dkHWB,easy,fork,approved,true,true,true,true,true,true,"Approved easy Fork puzzle with popularity 100, 4007 plays, and rating deviation 76"
dnzDB,medium,mate,approved,true,true,true,true,true,true,"Approved medium Mate puzzle with popularity 100, 5386 plays, and rating deviation 75"
dqgXD,hard,pin,approved,true,true,true,true,true,true,"Approved hard Pin puzzle with popularity 100, 1453 plays, and rating deviation 79"
duo8N,easy,mate,approved,true,true,true,true,true,true,"Approved easy Mate puzzle with popularity 100, 4196 plays, and rating deviation 77"
dvEQJ,medium,fork,approved,true,true,true,true,true,true,"Approved medium Fork puzzle with popularity 100, 3969 plays, and rating deviation 77"
e104b,easy,skewer,approved,true,true,true,true,true,true,"Approved easy Skewer puzzle with popularity 100, 16774 plays, and rating deviation 75"
e6SLD,medium,discoveredAttack,approved,true,true,true,true,true,true,"Approved medium Discovered attack puzzle with popularity 100, 5647 plays, and rating deviation 77"
e6jxh,easy,mate,approved,true,true,true,true,true,true,"Approved easy Mate puzzle with popularity 100, 4345 plays, and rating deviation 77"
e7TTL,easy,skewer,approved,true,true,true,true,true,true,"Approved easy Skewer puzzle with popularity 100, 3451 plays, and rating deviation 75"
eBUiM,easy,deflection,approved,true,true,true,true,true,true,"Approved easy Deflection puzzle with popularity 100, 6089 plays, and rating deviation 75"
eDJbA,hard,sacrifice,approved,true,true,true,true,true,true,"Approved hard Sacrifice puzzle with popularity 99, 1788 plays, and rating deviation 76"
eDyLq,easy,fork,approved,true,true,true,true,true,true,"Approved easy Fork puzzle with popularity 100, 7926 plays, and rating deviation 75"
eHFhj,easy,pin,approved,true,true,true,true,true,true,"Approved easy Pin puzzle with popularity 100, 6150 plays, and rating deviation 76"
eJdzE,hard,mate,approved,true,true,true,true,true,true,"Approved hard Mate puzzle with popularity 98, 2407 plays, and rating deviation 78"
eLanu,easy,discoveredAttack,approved,true,true,true,true,true,true,"Approved easy Discovered attack puzzle with popularity 100, 4562 plays, and rating deviation 74"
eLjcT,hard,mate,approved,true,true,true,true,true,true,"Approved hard Mate puzzle with popularity 99, 1542 plays, and rating deviation 77"
eMZ6H,hard,fork,approved,true,true,true,true,true,true,"Approved hard Fork puzzle with popularity 100, 1244 plays, and rating deviation 75"
eVgoG,medium,pin,approved,true,true,true,true,true,true,"Approved medium Pin puzzle with popularity 100, 4397 plays, and rating deviation 76"
eY6Nb,easy,discoveredAttack,approved,true,true,true,true,true,true,"Approved easy Discovered attack puzzle with popularity 100, 18356 plays, and rating deviation 76"
ec14N,easy,advancedPawn,approved,true,true,true,true,true,true,"Approved easy Advanced pawn tactics puzzle with popularity 100, 4074 plays, and rating deviation 75"
ecLOU,hard,sacrifice,approved,true,true,true,true,true,true,"Approved hard Sacrifice puzzle with popularity 100, 1029 plays, and rating deviation 75"
eg06E,easy,sacrifice,approved,true,true,true,true,true,true,"Approved easy Sacrifice puzzle with popularity 100, 4348 plays, and rating deviation 75"
eh1NL,hard,sacrifice,approved,true,true,true,true,true,true,"Approved hard Sacrifice puzzle with popularity 99, 1000 plays, and rating deviation 75"
eheXo,medium,mate,approved,true,true,true,true,true,true,"Approved medium Mate puzzle with popularity 100, 3491 plays, and rating deviation 76"
ehr9P,easy,fork,approved,true,true,true,true,true,true,"Approved easy Fork puzzle with popularity 100, 5653 plays, and rating deviation 74"
eib4W,medium,fork,approved,true,true,true,true,true,true,"Approved medium Fork puzzle with popularity 100, 3363 plays, and rating deviation 75"
ell2g,easy,discoveredAttack,approved,true,true,true,true,true,true,"Approved easy Discovered attack puzzle with popularity 100, 6894 plays, and rating deviation 74"
emUuN,hard,mate,approved,true,true,true,true,true,true,"Approved hard Mate puzzle with popularity 100, 1137 plays, and rating deviation 80"
esYzQ,hard,fork,approved,true,true,true,true,true,true,"Approved hard Fork puzzle with popularity 99, 1088 plays, and rating deviation 76"
eyGTT,easy,fork,approved,true,true,true,true,true,true,"Approved easy Fork puzzle with popularity 100, 4127 plays, and rating deviation 77"
ezc7L,hard,mate,approved,true,true,true,true,true,true,"Approved hard Mate puzzle with popularity 99, 1484 plays, and rating deviation 76"
f2yhq,easy,skewer,approved,true,true,true,true,true,true,"Approved easy Skewer puzzle with popularity 100, 2890 plays, and rating deviation 75"
fAIc6,hard,deflection,approved,true,true,true,true,true,true,"Approved hard Deflection puzzle with popularity 99, 1250 plays, and rating deviation 77"
fDwSk,medium,sacrifice,approved,true,true,true,true,true,true,"Approved medium Sacrifice puzzle with popularity 100, 4464 plays, and rating deviation 79"
fE3Bi,hard,pin,approved,true,true,true,true,true,true,"Approved hard Pin puzzle with popularity 99, 1151 plays, and rating deviation 76"
fEcDH,medium,discoveredAttack,approved,true,true,true,true,true,true,"Approved medium Discovered attack puzzle with popularity 100, 3217 plays, and rating deviation 75"
fFzMc,hard,mate,approved,true,true,true,true,true,true,"Approved hard Mate puzzle with popularity 100, 1235 plays, and rating deviation 75"
fLjj9,easy,sacrifice,approved,true,true,true,true,true,true,"Approved easy Sacrifice puzzle with popularity 100, 4068 plays, and rating deviation 75"
fPvVK,easy,fork,approved,true,true,true,true,true,true,"Approved easy Fork puzzle with popularity 100, 5226 plays, and rating deviation 75"
fQPNQ,hard,mate,approved,true,true,true,true,true,true,"Approved hard Mate puzzle with popularity 99, 1332 plays, and rating deviation 75"
fSqLI,hard,mate,approved,true,true,true,true,true,true,"Approved hard Mate puzzle with popularity 100, 1033 plays, and rating deviation 76"
fWuNy,easy,fork,approved,true,true,true,true,true,true,"Approved easy Fork puzzle with popularity 100, 15582 plays, and rating deviation 75"
fXUDI,easy,discoveredAttack,approved,true,true,true,true,true,true,"Approved easy Discovered attack puzzle with popularity 100, 4353 plays, and rating deviation 76"
fZhPM,hard,deflection,approved,true,true,true,true,true,true,"Approved hard Deflection puzzle with popularity 99, 1274 plays, and rating deviation 78"
fcYxs,easy,pin,approved,true,true,true,true,true,true,"Approved easy Pin puzzle with popularity 100, 5148 plays, and rating deviation 78"
ffUYK,hard,discoveredAttack,approved,true,true,true,true,true,true,"Approved hard Discovered attack puzzle with popularity 99, 1308 plays, and rating deviation 79"
fhR5z,medium,mate,approved,true,true,true,true,true,true,"Approved medium Mate puzzle with popularity 100, 5902 plays, and rating deviation 75"
fhxUd,hard,sacrifice,approved,true,true,true,true,true,true,"Approved hard Sacrifice puzzle with popularity 100, 1027 plays, and rating deviation 78"
fkazk,medium,skewer,approved,true,true,true,true,true,true,"Approved medium Skewer puzzle with popularity 100, 3358 plays, and rating deviation 76"
fl0S3,hard,deflection,approved,true,true,true,true,true,true,"Approved hard Deflection puzzle with popularity 98, 1969 plays, and rating deviation 75"
fn683,medium,skewer,approved,true,true,true,true,true,true,"Approved medium Skewer puzzle with popularity 100, 2935 plays, and rating deviation 76"
fpSaX,medium,mate,approved,true,true,true,true,true,true,"Approved medium Mate puzzle with popularity 100, 3289 plays, and rating deviation 78"
fxtVg,hard,discoveredAttack,approved,true,true,true,true,true,true,"Approved hard Discovered attack puzzle with popularity 99, 1691 plays, and rating deviation 77"
g2sVU,medium,fork,approved,true,true,true,true,true,true,"Approved medium Fork puzzle with popularity 100, 4138 plays, and rating deviation 76"
g8AFQ,easy,promotion,approved,true,true,true,true,true,true,"Approved easy Promotion puzzle with popularity 100, 4169 plays, and rating deviation 75"
gFzsX,medium,fork,approved,true,true,true,true,true,true,"Approved medium Fork puzzle with popularity 100, 4263 plays, and rating deviation 75"
gGa9j,easy,skewer,approved,true,true,true,true,true,true,"Approved easy Skewer puzzle with popularity 100, 3300 plays, and rating deviation 76"
gGlQp,hard,promotion,approved,true,true,true,true,true,true,"Approved hard Promotion puzzle with popularity 99, 1145 plays, and rating deviation 75"
gIbuy,medium,fork,approved,true,true,true,true,true,true,"Approved medium Fork puzzle with popularity 100, 3282 plays, and rating deviation 76"
gJJOZ,hard,mate,approved,true,true,true,true,true,true,"Approved hard Mate puzzle with popularity 100, 1159 plays, and rating deviation 80"
gSjvr,hard,pin,approved,true,true,true,true,true,true,"Approved hard Pin puzzle with popularity 99, 1488 plays, and rating deviation 76"
gcJ7i,easy,mate,approved,true,true,true,true,true,true,"Approved easy Mate puzzle with popularity 100, 4433 plays, and rating deviation 75"
ggOn4,hard,mate,approved,true,true,true,true,true,true,"Approved hard Mate puzzle with popularity 100, 1201 plays, and rating deviation 76"
grxOA,hard,pin,approved,true,true,true,true,true,true,"Approved hard Pin puzzle with popularity 99, 1071 plays, and rating deviation 75"
h5Eu3,hard,fork,approved,true,true,true,true,true,true,"Approved hard Fork puzzle with popularity 100, 1107 plays, and rating deviation 76"
hIA0r,easy,discoveredAttack,approved,true,true,true,true,true,true,"Approved easy Discovered attack puzzle with popularity 100, 6836 plays, and rating deviation 74"
hOVX6,hard,discoveredAttack,approved,true,true,true,true,true,true,"Approved hard Discovered attack puzzle with popularity 99, 1738 plays, and rating deviation 76"
hTitY,medium,mate,approved,true,true,true,true,true,true,"Approved medium Mate puzzle with popularity 100, 6084 plays, and rating deviation 75"
hTtOE,easy,mate,approved,true,true,true,true,true,true,"Approved easy Mate puzzle with popularity 100, 3989 plays, and rating deviation 76"
hUAUF,easy,pin,approved,true,true,true,true,true,true,"Approved easy Pin puzzle with popularity 100, 5210 plays, and rating deviation 75"
hYemq,medium,mate,approved,true,true,true,true,true,true,"Approved medium Mate puzzle with popularity 100, 3419 plays, and rating deviation 77"
hbrlp,easy,fork,approved,true,true,true,true,true,true,"Approved easy Fork puzzle with popularity 100, 4131 plays, and rating deviation 75"
hdStQ,medium,advancedPawn,approved,true,true,true,true,true,true,"Approved medium Advanced pawn tactics puzzle with popularity 100, 3841 plays, and rating deviation 76"
heIji,easy,sacrifice,approved,true,true,true,true,true,true,"Approved easy Sacrifice puzzle with popularity 100, 4720 plays, and rating deviation 74"
hijk6,medium,promotion,approved,true,true,true,true,true,true,"Approved medium Promotion puzzle with popularity 100, 3034 plays, and rating deviation 76"
hnL5W,hard,mate,approved,true,true,true,true,true,true,"Approved hard Mate puzzle with popularity 100, 1071 plays, and rating deviation 76"
ho8pK,medium,skewer,approved,true,true,true,true,true,true,"Approved medium Skewer puzzle with popularity 100, 3375 plays, and rating deviation 77"
hoZWE,medium,pin,approved,true,true,true,true,true,true,"Approved medium Pin puzzle with popularity 100, 4795 plays, and rating deviation 76"
horHc,medium,sacrifice,approved,true,true,true,true,true,true,"Approved medium Sacrifice puzzle with popularity 100, 5571 plays, and rating deviation 77"
hp1UO,hard,mate,approved,true,true,true,true,true,true,"Approved hard Mate puzzle with popularity 99, 1327 plays, and rating deviation 79"
hqvOX,medium,mate,approved,true,true,true,true,true,true,"Approved medium Mate puzzle with popularity 100, 4134 plays, and rating deviation 75"
htGGr,easy,deflection,approved,true,true,true,true,true,true,"Approved easy Deflection puzzle with popularity 100, 4735 plays, and rating deviation 75"
hy0Gh,medium,advancedPawn,approved,true,true,true,true,true,true,"Approved medium Advanced pawn tactics puzzle with popularity 100, 3910 plays, and rating deviation 77"
i1M35,easy,sacrifice,approved,true,true,true,true,true,true,"Approved easy Sacrifice puzzle with popularity 100, 3998 plays, and rating deviation 74"
i4b1y,easy,deflection,approved,true,true,true,true,true,true,"Approved easy Deflection puzzle with popularity 100, 4479 plays, and rating deviation 76"
i5MMP,easy,fork,approved,true,true,true,true,true,true,"Approved easy Fork puzzle with popularity 100, 4825 plays, and rating deviation 76"
iHjzW,medium,sacrifice,approved,true,true,true,true,true,true,"Approved medium Sacrifice puzzle with popularity 100, 4075 plays, and rating deviation 75"
iKYCG,easy,mate,approved,true,true,true,true,true,true,"Approved easy Mate puzzle with popularity 100, 4231 plays, and rating deviation 76"
iQ0zK,medium,fork,approved,true,true,true,true,true,true,"Approved medium Fork puzzle with popularity 100, 4484 plays, and rating deviation 76"
iTsX5,easy,mate,approved,true,true,true,true,true,true,"Approved easy Mate puzzle with popularity 100, 4148 plays, and rating deviation 76"
iVy5T,hard,pin,approved,true,true,true,true,true,true,"Approved hard Pin puzzle with popularity 99, 1102 plays, and rating deviation 74"
iZxaV,medium,fork,approved,true,true,true,true,true,true,"Approved medium Fork puzzle with popularity 100, 3371 plays, and rating deviation 74"
iaz3E,medium,sacrifice,approved,true,true,true,true,true,true,"Approved medium Sacrifice puzzle with popularity 100, 3316 plays, and rating deviation 75"
igKP0,hard,mate,approved,true,true,true,true,true,true,"Approved hard Mate puzzle with popularity 99, 1081 plays, and rating deviation 78"
ihe2Z,hard,mate,approved,true,true,true,true,true,true,"Approved hard Mate puzzle with popularity 100, 1223 plays, and rating deviation 76"
ikeXy,medium,promotion,approved,true,true,true,true,true,true,"Approved medium Promotion puzzle with popularity 100, 2988 plays, and rating deviation 75"
iqIeM,hard,mate,approved,true,true,true,true,true,true,"Approved hard Mate puzzle with popularity 100, 1319 plays, and rating deviation 76"
iv7S2,easy,fork,approved,true,true,true,true,true,true,"Approved easy Fork puzzle with popularity 100, 4802 plays, and rating deviation 75"
ivsDo,hard,fork,approved,true,true,true,true,true,true,"Approved hard Fork puzzle with popularity 98, 3638 plays, and rating deviation 77"
iwlDu,hard,deflection,approved,true,true,true,true,true,true,"Approved hard Deflection puzzle with popularity 99, 2124 plays, and rating deviation 76"
iyjTQ,easy,sacrifice,approved,true,true,true,true,true,true,"Approved easy Sacrifice puzzle with popularity 100, 4510 plays, and rating deviation 77"
j28jV,easy,fork,approved,true,true,true,true,true,true,"Approved easy Fork puzzle with popularity 100, 5209 plays, and rating deviation 75"
jEqOl,easy,skewer,approved,true,true,true,true,true,true,"Approved easy Skewer puzzle with popularity 100, 3312 plays, and rating deviation 76"
jM04I,hard,mate,approved,true,true,true,true,true,true,"Approved hard Mate puzzle with popularity 98, 2492 plays, and rating deviation 78"
jUuO1,hard,mate,approved,true,true,true,true,true,true,"Approved hard Mate puzzle with popularity 100, 1053 plays, and rating deviation 75"
jbi4V,hard,sacrifice,approved,true,true,true,true,true,true,"Approved hard Sacrifice puzzle with popularity 98, 3037 plays, and rating deviation 77"
jjMxg,easy,pin,approved,true,true,true,true,true,true,"Approved easy Pin puzzle with popularity 100, 6192 plays, and rating deviation 76"
jpJG9,easy,fork,approved,true,true,true,true,true,true,"Approved easy Fork puzzle with popularity 100, 6836 plays, and rating deviation 76"
jqBCS,hard,sacrifice,approved,true,true,true,true,true,true,"Approved hard Sacrifice puzzle with popularity 99, 1144 plays, and rating deviation 78"
jwaIz,easy,mate,approved,true,true,true,true,true,true,"Approved easy Mate puzzle with popularity 100, 4454 plays, and rating deviation 75"
k001B,easy,deflection,approved,true,true,true,true,true,true,"Approved easy Deflection puzzle with popularity 100, 4248 plays, and rating deviation 75"
k7Ucb,hard,mate,approved,true,true,true,true,true,true,"Approved hard Mate puzzle with popularity 99, 1368 plays, and rating deviation 76"
k7fwC,easy,fork,approved,true,true,true,true,true,true,"Approved easy Fork puzzle with popularity 100, 5079 plays, and rating deviation 75"
k9qiZ,easy,sacrifice,approved,true,true,true,true,true,true,"Approved easy Sacrifice puzzle with popularity 100, 5374 plays, and rating deviation 75"
kKMlA,hard,deflection,approved,true,true,true,true,true,true,"Approved hard Deflection puzzle with popularity 99, 1043 plays, and rating deviation 75"
kKc8p,medium,promotion,approved,true,true,true,true,true,true,"Approved medium Promotion puzzle with popularity 100, 3242 plays, and rating deviation 77"
kM37p,hard,deflection,approved,true,true,true,true,true,true,"Approved hard Deflection puzzle with popularity 99, 1038 plays, and rating deviation 75"
kOKAL,easy,fork,approved,true,true,true,true,true,true,"Approved easy Fork puzzle with popularity 100, 5078 plays, and rating deviation 76"
kOlq8,easy,fork,approved,true,true,true,true,true,true,"Approved easy Fork puzzle with popularity 100, 4392 plays, and rating deviation 75"
kPDuf,easy,skewer,approved,true,true,true,true,true,true,"Approved easy Skewer puzzle with popularity 100, 5964 plays, and rating deviation 76"
kSVYG,easy,fork,approved,true,true,true,true,true,true,"Approved easy Fork puzzle with popularity 100, 4221 plays, and rating deviation 74"
kUro9,medium,advancedPawn,approved,true,true,true,true,true,true,"Approved medium Advanced pawn tactics puzzle with popularity 100, 3673 plays, and rating deviation 75"
kWLyX,easy,mate,approved,true,true,true,true,true,true,"Approved easy Mate puzzle with popularity 100, 7653 plays, and rating deviation 76"
ke9Fs,easy,mate,approved,true,true,true,true,true,true,"Approved easy Mate puzzle with popularity 100, 6975 plays, and rating deviation 76"
khlHi,hard,deflection,approved,true,true,true,true,true,true,"Approved hard Deflection puzzle with popularity 100, 1086 plays, and rating deviation 77"
kiErN,hard,advancedPawn,approved,true,true,true,true,true,true,"Approved hard Advanced pawn tactics puzzle with popularity 100, 1140 plays, and rating deviation 76"
kigK0,medium,sacrifice,approved,true,true,true,true,true,true,"Approved medium Sacrifice puzzle with popularity 100, 4045 plays, and rating deviation 74"
kl4Sp,medium,fork,approved,true,true,true,true,true,true,"Approved medium Fork puzzle with popularity 100, 3842 plays, and rating deviation 76"
klhOe,medium,advancedPawn,approved,true,true,true,true,true,true,"Approved medium Advanced pawn tactics puzzle with popularity 100, 3535 plays, and rating deviation 77"
kmOPk,medium,skewer,approved,true,true,true,true,true,true,"Approved medium Skewer puzzle with popularity 100, 3073 plays, and rating deviation 75"
kschz,easy,mate,approved,true,true,true,true,true,true,"Approved easy Mate puzzle with popularity 100, 5903 plays, and rating deviation 74"
kvoNj,hard,mate,approved,true,true,true,true,true,true,"Approved hard Mate puzzle with popularity 99, 1295 plays, and rating deviation 76"
kyFCV,hard,sacrifice,approved,true,true,true,true,true,true,"Approved hard Sacrifice puzzle with popularity 98, 2990 plays, and rating deviation 76"
l0bwA,easy,advancedPawn,approved,true,true,true,true,true,true,"Approved easy Advanced pawn tactics puzzle with popularity 100, 4755 plays, and rating deviation 75"
l8BGl,hard,deflection,approved,true,true,true,true,true,true,"Approved hard Deflection puzzle with popularity 100, 1135 plays, and rating deviation 76"
lBFqb,hard,sacrifice,approved,true,true,true,true,true,true,"Approved hard Sacrifice puzzle with popularity 98, 2252 plays, and rating deviation 78"
lIprX,medium,discoveredAttack,approved,true,true,true,true,true,true,"Approved medium Discovered attack puzzle with popularity 100, 5595 plays, and rating deviation 75"
lKqfA,medium,discoveredAttack,approved,true,true,true,true,true,true,"Approved medium Discovered attack puzzle with popularity 100, 3545 plays, and rating deviation 75"
lMKOP,easy,discoveredAttack,approved,true,true,true,true,true,true,"Approved easy Discovered attack puzzle with popularity 100, 4126 plays, and rating deviation 75"
lcQfz,medium,promotion,approved,true,true,true,true,true,true,"Approved medium Promotion puzzle with popularity 100, 3352 plays, and rating deviation 75"
ldek0,medium,mate,approved,true,true,true,true,true,true,"Approved medium Mate puzzle with popularity 100, 3892 plays, and rating deviation 76"
lheGu,hard,promotion,approved,true,true,true,true,true,true,"Approved hard Promotion puzzle with popularity 98, 3211 plays, and rating deviation 77"
lhhCZ,hard,discoveredAttack,approved,true,true,true,true,true,true,"Approved hard Discovered attack puzzle with popularity 100, 1074 plays, and rating deviation 77"
lr2E3,hard,sacrifice,approved,true,true,true,true,true,true,"Approved hard Sacrifice puzzle with popularity 99, 1957 plays, and rating deviation 76"
lrBO8,medium,deflection,approved,true,true,true,true,true,true,"Approved medium Deflection puzzle with popularity 100, 3841 plays, and rating deviation 76"
m65Mq,medium,skewer,approved,true,true,true,true,true,true,"Approved medium Skewer puzzle with popularity 100, 2668 plays, and rating deviation 76"
m8OJw,easy,skewer,approved,true,true,true,true,true,true,"Approved easy Skewer puzzle with popularity 100, 4470 plays, and rating deviation 75"
mAGJn,hard,sacrifice,approved,true,true,true,true,true,true,"Approved hard Sacrifice puzzle with popularity 100, 1024 plays, and rating deviation 75"
mIiwT,easy,discoveredAttack,approved,true,true,true,true,true,true,"Approved easy Discovered attack puzzle with popularity 100, 3990 plays, and rating deviation 75"
mQFao,medium,discoveredAttack,approved,true,true,true,true,true,true,"Approved medium Discovered attack puzzle with popularity 100, 3663 plays, and rating deviation 76"
mX4RJ,hard,pin,approved,true,true,true,true,true,true,"Approved hard Pin puzzle with popularity 99, 1142 plays, and rating deviation 75"
mYQci,easy,mate,approved,true,true,true,true,true,true,"Approved easy Mate puzzle with popularity 100, 4632 plays, and rating deviation 75"
mYT2n,easy,mate,approved,true,true,true,true,true,true,"Approved easy Mate puzzle with popularity 100, 4372 plays, and rating deviation 76"
mZYTl,hard,skewer,approved,true,true,true,true,true,true,"Approved hard Skewer puzzle with popularity 99, 1149 plays, and rating deviation 77"
maYE7,hard,mate,approved,true,true,true,true,true,true,"Approved hard Mate puzzle with popularity 98, 3747 plays, and rating deviation 76"
mdZBq,medium,fork,approved,true,true,true,true,true,true,"Approved medium Fork puzzle with popularity 100, 3620 plays, and rating deviation 76"
mmQ93,hard,promotion,approved,true,true,true,true,true,true,"Approved hard Promotion puzzle with popularity 100, 1023 plays, and rating deviation 78"
mpIue,easy,skewer,approved,true,true,true,true,true,true,"Approved easy Skewer puzzle with popularity 100, 3066 plays, and rating deviation 75"
mv1Io,hard,skewer,approved,true,true,true,true,true,true,"Approved hard Skewer puzzle with popularity 98, 1748 plays, and rating deviation 76"
n08au,hard,sacrifice,approved,true,true,true,true,true,true,"Approved hard Sacrifice puzzle with popularity 98, 2311 plays, and rating deviation 78"
n6SPc,hard,promotion,approved,true,true,true,true,true,true,"Approved hard Promotion puzzle with popularity 98, 1597 plays, and rating deviation 78"
nIRfW,easy,sacrifice,approved,true,true,true,true,true,true,"Approved easy Sacrifice puzzle with popularity 100, 4895 plays, and rating deviation 74"
nJktr,hard,discoveredAttack,approved,true,true,true,true,true,true,"Approved hard Discovered attack puzzle with popularity 99, 1158 plays, and rating deviation 76"
nPSC9,easy,sacrifice,approved,true,true,true,true,true,true,"Approved easy Sacrifice puzzle with popularity 100, 4055 plays, and rating deviation 74"
nXyPN,easy,fork,approved,true,true,true,true,true,true,"Approved easy Fork puzzle with popularity 100, 5377 plays, and rating deviation 75"
nbSFl,hard,promotion,approved,true,true,true,true,true,true,"Approved hard Promotion puzzle with popularity 98, 2373 plays, and rating deviation 78"
nctB8,hard,advancedPawn,approved,true,true,true,true,true,true,"Approved hard Advanced pawn tactics puzzle with popularity 99, 1043 plays, and rating deviation 76"
nn5pB,hard,sacrifice,approved,true,true,true,true,true,true,"Approved hard Sacrifice puzzle with popularity 98, 2690 plays, and rating deviation 76"
nr4gN,easy,mate,approved,true,true,true,true,true,true,"Approved easy Mate puzzle with popularity 100, 5127 plays, and rating deviation 76"
nryH7,hard,skewer,approved,true,true,true,true,true,true,"Approved hard Skewer puzzle with popularity 99, 1534 plays, and rating deviation 76"
nszuI,medium,deflection,approved,true,true,true,true,true,true,"Approved medium Deflection puzzle with popularity 100, 4624 plays, and rating deviation 76"
nt1J9,hard,fork,approved,true,true,true,true,true,true,"Approved hard Fork puzzle with popularity 100, 1379 plays, and rating deviation 75"
nzv4A,hard,discoveredAttack,approved,true,true,true,true,true,true,"Approved hard Discovered attack puzzle with popularity 99, 1020 plays, and rating deviation 77"
o2Vqv,medium,skewer,approved,true,true,true,true,true,true,"Approved medium Skewer puzzle with popularity 100, 3096 plays, and rating deviation 75"
o8Mwr,hard,mate,approved,true,true,true,true,true,true,"Approved hard Mate puzzle with popularity 99, 1461 plays, and rating deviation 75"
oAFik,easy,promotion,approved,true,true,true,true,true,true,"Approved easy Promotion puzzle with popularity 100, 3984 plays, and rating deviation 76"
oE20c,hard,discoveredAttack,approved,true,true,true,true,true,true,"Approved hard Discovered attack puzzle with popularity 99, 1127 plays, and rating deviation 76"
oJdbd,hard,deflection,approved,true,true,true,true,true,true,"Approved hard Deflection puzzle with popularity 99, 1180 plays, and rating deviation 77"
oP2xm,hard,mate,approved,true,true,true,true,true,true,"Approved hard Mate puzzle with popularity 99, 1616 plays, and rating deviation 76"
oTD4X,medium,skewer,approved,true,true,true,true,true,true,"Approved medium Skewer puzzle with popularity 100, 2802 plays, and rating deviation 75"
oTbIn,medium,sacrifice,approved,true,true,true,true,true,true,"Approved medium Sacrifice puzzle with popularity 100, 3663 plays, and rating deviation 74"
oXPjW,hard,skewer,approved,true,true,true,true,true,true,"Approved hard Skewer puzzle with popularity 100, 1141 plays, and rating deviation 76"
oe9aj,medium,advancedPawn,approved,true,true,true,true,true,true,"Approved medium Advanced pawn tactics puzzle with popularity 100, 6798 plays, and rating deviation 74"
ojvg9,medium,deflection,approved,true,true,true,true,true,true,"Approved medium Deflection puzzle with popularity 100, 3796 plays, and rating deviation 75"
opD4H,easy,sacrifice,approved,true,true,true,true,true,true,"Approved easy Sacrifice puzzle with popularity 100, 4619 plays, and rating deviation 75"
oveUV,hard,pin,approved,true,true,true,true,true,true,"Approved hard Pin puzzle with popularity 98, 2101 plays, and rating deviation 76"
owksL,hard,sacrifice,approved,true,true,true,true,true,true,"Approved hard Sacrifice puzzle with popularity 99, 1195 plays, and rating deviation 75"
p1rOD,hard,fork,approved,true,true,true,true,true,true,"Approved hard Fork puzzle with popularity 99, 1126 plays, and rating deviation 76"
p2eAy,easy,deflection,approved,true,true,true,true,true,true,"Approved easy Deflection puzzle with popularity 100, 15509 plays, and rating deviation 75"
p7HKz,hard,mate,approved,true,true,true,true,true,true,"Approved hard Mate puzzle with popularity 98, 2739 plays, and rating deviation 79"
p9LVs,easy,discoveredAttack,approved,true,true,true,true,true,true,"Approved easy Discovered attack puzzle with popularity 100, 8311 plays, and rating deviation 75"
pBU6h,medium,pin,approved,true,true,true,true,true,true,"Approved medium Pin puzzle with popularity 100, 4559 plays, and rating deviation 74"
pFMJj,hard,skewer,approved,true,true,true,true,true,true,"Approved hard Skewer puzzle with popularity 100, 1318 plays, and rating deviation 76"
pG62n,hard,sacrifice,approved,true,true,true,true,true,true,"Approved hard Sacrifice puzzle with popularity 99, 1369 plays, and rating deviation 78"
pMMj6,hard,discoveredAttack,approved,true,true,true,true,true,true,"Approved hard Discovered attack puzzle with popularity 98, 2150 plays, and rating deviation 77"
pMVbv,medium,fork,approved,true,true,true,true,true,true,"Approved medium Fork puzzle with popularity 100, 3310 plays, and rating deviation 75"
pPL1M,medium,deflection,approved,true,true,true,true,true,true,"Approved medium Deflection puzzle with popularity 100, 3864 plays, and rating deviation 75"
pPNkL,easy,deflection,approved,true,true,true,true,true,true,"Approved easy Deflection puzzle with popularity 100, 4283 plays, and rating deviation 77"
pQh3U,hard,sacrifice,approved,true,true,true,true,true,true,"Approved hard Sacrifice puzzle with popularity 99, 1199 plays, and rating deviation 77"
pRHnB,medium,pin,approved,true,true,true,true,true,true,"Approved medium Pin puzzle with popularity 100, 3829 plays, and rating deviation 75"
pRc0U,medium,skewer,approved,true,true,true,true,true,true,"Approved medium Skewer puzzle with popularity 100, 3230 plays, and rating deviation 75"
pZEFK,medium,mate,approved,true,true,true,true,true,true,"Approved medium Mate puzzle with popularity 100, 3460 plays, and rating deviation 75"
pfFRu,medium,fork,approved,true,true,true,true,true,true,"Approved medium Fork puzzle with popularity 100, 4177 plays, and rating deviation 74"
pjG9K,easy,advancedPawn,approved,true,true,true,true,true,true,"Approved easy Advanced pawn tactics puzzle with popularity 100, 7796 plays, and rating deviation 75"
pmkxP,easy,fork,approved,true,true,true,true,true,true,"Approved easy Fork puzzle with popularity 100, 7371 plays, and rating deviation 76"
prv0o,medium,sacrifice,approved,true,true,true,true,true,true,"Approved medium Sacrifice puzzle with popularity 100, 3287 plays, and rating deviation 76"
pwP5K,hard,promotion,approved,true,true,true,true,true,true,"Approved hard Promotion puzzle with popularity 99, 1709 plays, and rating deviation 75"
qDY4m,medium,deflection,approved,true,true,true,true,true,true,"Approved medium Deflection puzzle with popularity 100, 3450 plays, and rating deviation 76"
qYkiB,easy,fork,approved,true,true,true,true,true,true,"Approved easy Fork puzzle with popularity 100, 4243 plays, and rating deviation 75"
qahW4,easy,skewer,approved,true,true,true,true,true,true,"Approved easy Skewer puzzle with popularity 100, 2817 plays, and rating deviation 74"
qiGAb,medium,pin,approved,true,true,true,true,true,true,"Approved medium Pin puzzle with popularity 100, 5905 plays, and rating deviation 76"
qpbwE,hard,mate,approved,true,true,true,true,true,true,"Approved hard Mate puzzle with popularity 99, 1158 plays, and rating deviation 76"
qut5l,hard,deflection,approved,true,true,true,true,true,true,"Approved hard Deflection puzzle with popularity 99, 1061 plays, and rating deviation 76"
r3sbn,medium,mate,approved,true,true,true,true,true,true,"Approved medium Mate puzzle with popularity 100, 3362 plays, and rating deviation 76"
r4Jlw,medium,pin,approved,true,true,true,true,true,true,"Approved medium Pin puzzle with popularity 100, 4190 plays, and rating deviation 76"
r9bNX,easy,fork,approved,true,true,true,true,true,true,"Approved easy Fork puzzle with popularity 100, 4209 plays, and rating deviation 76"
rP5by,easy,fork,approved,true,true,true,true,true,true,"Approved easy Fork puzzle with popularity 100, 4333 plays, and rating deviation 76"
rR0l1,hard,fork,approved,true,true,true,true,true,true,"Approved hard Fork puzzle with popularity 98, 2066 plays, and rating deviation 75"
rRpT1,easy,fork,approved,true,true,true,true,true,true,"Approved easy Fork puzzle with popularity 100, 11819 plays, and rating deviation 76"
rYPEl,easy,skewer,approved,true,true,true,true,true,true,"Approved easy Skewer puzzle with popularity 100, 3935 plays, and rating deviation 76"
rcFTr,medium,pin,approved,true,true,true,true,true,true,"Approved medium Pin puzzle with popularity 100, 4321 plays, and rating deviation 75"
rdKQA,medium,pin,approved,true,true,true,true,true,true,"Approved medium Pin puzzle with popularity 100, 3690 plays, and rating deviation 76"
ri0TY,hard,pin,approved,true,true,true,true,true,true,"Approved hard Pin puzzle with popularity 99, 1048 plays, and rating deviation 76"
riKur,easy,mate,approved,true,true,true,true,true,true,"Approved easy Mate puzzle with popularity 100, 17395 plays, and rating deviation 78"
rlOce,easy,mate,approved,true,true,true,true,true,true,"Approved easy Mate puzzle with popularity 100, 4108 plays, and rating deviation 75"
rtpJx,medium,mate,approved,true,true,true,true,true,true,"Approved medium Mate puzzle with popularity 100, 4283 plays, and rating deviation 76"
ru7Tt,medium,fork,approved,true,true,true,true,true,true,"Approved medium Fork puzzle with popularity 100, 3863 plays, and rating deviation 74"
ruo1A,medium,sacrifice,approved,true,true,true,true,true,true,"Approved medium Sacrifice puzzle with popularity 100, 4047 plays, and rating deviation 75"
s0bvu,easy,mate,approved,true,true,true,true,true,true,"Approved easy Mate puzzle with popularity 100, 5600 plays, and rating deviation 76"
sDVq0,easy,mate,approved,true,true,true,true,true,true,"Approved easy Mate puzzle with popularity 100, 4964 plays, and rating deviation 76"
sKHMe,hard,mate,approved,true,true,true,true,true,true,"Approved hard Mate puzzle with popularity 99, 1106 plays, and rating deviation 76"
sLQiM,hard,sacrifice,approved,true,true,true,true,true,true,"Approved hard Sacrifice puzzle with popularity 100, 1013 plays, and rating deviation 75"
sS4Ij,hard,advancedPawn,approved,true,true,true,true,true,true,"Approved hard Advanced pawn tactics puzzle with popularity 99, 1186 plays, and rating deviation 77"
sU9Gs,medium,deflection,approved,true,true,true,true,true,true,"Approved medium Deflection puzzle with popularity 100, 5698 plays, and rating deviation 75"
sW6Uc,hard,pin,approved,true,true,true,true,true,true,"Approved hard Pin puzzle with popularity 98, 3787 plays, and rating deviation 74"
si5hi,easy,mate,approved,true,true,true,true,true,true,"Approved easy Mate puzzle with popularity 100, 4640 plays, and rating deviation 75"
sm7EE,easy,mate,approved,true,true,true,true,true,true,"Approved easy Mate puzzle with popularity 100, 9600 plays, and rating deviation 76"
smVU2,hard,sacrifice,approved,true,true,true,true,true,true,"Approved hard Sacrifice puzzle with popularity 99, 1482 plays, and rating deviation 75"
sp1S7,medium,pin,approved,true,true,true,true,true,true,"Approved medium Pin puzzle with popularity 100, 3323 plays, and rating deviation 74"
srqLt,medium,fork,approved,true,true,true,true,true,true,"Approved medium Fork puzzle with popularity 100, 3744 plays, and rating deviation 76"
suHfi,hard,sacrifice,approved,true,true,true,true,true,true,"Approved hard Sacrifice puzzle with popularity 100, 1111 plays, and rating deviation 79"
sxjOy,hard,mate,approved,true,true,true,true,true,true,"Approved hard Mate puzzle with popularity 100, 1673 plays, and rating deviation 77"
t0f0D,medium,fork,approved,true,true,true,true,true,true,"Approved medium Fork puzzle with popularity 100, 3810 plays, and rating deviation 76"
t2mmB,easy,deflection,approved,true,true,true,true,true,true,"Approved easy Deflection puzzle with popularity 100, 4420 plays, and rating deviation 75"
t3DPT,medium,fork,approved,true,true,true,true,true,true,"Approved medium Fork puzzle with popularity 100, 3498 plays, and rating deviation 76"
tFa4x,medium,mate,approved,true,true,true,true,true,true,"Approved medium Mate puzzle with popularity 100, 3854 plays, and rating deviation 76"
tHHSQ,easy,fork,approved,true,true,true,true,true,true,"Approved easy Fork puzzle with popularity 100, 4369 plays, and rating deviation 74"
tJWHT,medium,mate,approved,true,true,true,true,true,true,"Approved medium Mate puzzle with popularity 100, 3983 plays, and rating deviation 75"
tbW3e,medium,sacrifice,approved,true,true,true,true,true,true,"Approved medium Sacrifice puzzle with popularity 100, 3655 plays, and rating deviation 75"
tepX0,easy,mate,approved,true,true,true,true,true,true,"Approved easy Mate puzzle with popularity 100, 15738 plays, and rating deviation 76"
tgAAi,easy,mate,approved,true,true,true,true,true,true,"Approved easy Mate puzzle with popularity 100, 16864 plays, and rating deviation 77"
tiI1w,hard,discoveredAttack,approved,true,true,true,true,true,true,"Approved hard Discovered attack puzzle with popularity 100, 1121 plays, and rating deviation 77"
tjMv4,easy,mate,approved,true,true,true,true,true,true,"Approved easy Mate puzzle with popularity 100, 4765 plays, and rating deviation 77"
to7fO,hard,sacrifice,approved,true,true,true,true,true,true,"Approved hard Sacrifice puzzle with popularity 98, 2265 plays, and rating deviation 74"
ttvSr,medium,pin,approved,true,true,true,true,true,true,"Approved medium Pin puzzle with popularity 100, 5378 plays, and rating deviation 75"
tuouE,easy,discoveredAttack,approved,true,true,true,true,true,true,"Approved easy Discovered attack puzzle with popularity 100, 4242 plays, and rating deviation 76"
tyVKn,medium,mate,approved,true,true,true,true,true,true,"Approved medium Mate puzzle with popularity 100, 3837 plays, and rating deviation 74"
u4o0N,medium,sacrifice,approved,true,true,true,true,true,true,"Approved medium Sacrifice puzzle with popularity 100, 3538 plays, and rating deviation 77"
u5BkX,medium,skewer,approved,true,true,true,true,true,true,"Approved medium Skewer puzzle with popularity 100, 2907 plays, and rating deviation 75"
u5MAb,easy,discoveredAttack,approved,true,true,true,true,true,true,"Approved easy Discovered attack puzzle with popularity 100, 4417 plays, and rating deviation 75"
uNoSi,medium,fork,approved,true,true,true,true,true,true,"Approved medium Fork puzzle with popularity 100, 3523 plays, and rating deviation 77"
uWClY,hard,advancedPawn,approved,true,true,true,true,true,true,"Approved hard Advanced pawn tactics puzzle with popularity 99, 1193 plays, and rating deviation 74"
uXzhD,medium,sacrifice,approved,true,true,true,true,true,true,"Approved medium Sacrifice puzzle with popularity 100, 4318 plays, and rating deviation 77"
uci1s,medium,advancedPawn,approved,true,true,true,true,true,true,"Approved medium Advanced pawn tactics puzzle with popularity 100, 3900 plays, and rating deviation 74"
udngX,medium,advancedPawn,approved,true,true,true,true,true,true,"Approved medium Advanced pawn tactics puzzle with popularity 100, 3435 plays, and rating deviation 78"
ukqDb,medium,mate,approved,true,true,true,true,true,true,"Approved medium Mate puzzle with popularity 100, 5478 plays, and rating deviation 76"
ulfIa,hard,mate,approved,true,true,true,true,true,true,"Approved hard Mate puzzle with popularity 100, 1771 plays, and rating deviation 78"
unjzz,hard,sacrifice,approved,true,true,true,true,true,true,"Approved hard Sacrifice puzzle with popularity 100, 1016 plays, and rating deviation 75"
uoEgf,hard,mate,approved,true,true,true,true,true,true,"Approved hard Mate puzzle with popularity 99, 1431 plays, and rating deviation 76"
usLTL,easy,sacrifice,approved,true,true,true,true,true,true,"Approved easy Sacrifice puzzle with popularity 100, 4485 plays, and rating deviation 74"
v40QF,hard,mate,approved,true,true,true,true,true,true,"Approved hard Mate puzzle with popularity 100, 1011 plays, and rating deviation 75"
v9paR,medium,advancedPawn,approved,true,true,true,true,true,true,"Approved medium Advanced pawn tactics puzzle with popularity 100, 3713 plays, and rating deviation 76"
vAQtP,hard,promotion,approved,true,true,true,true,true,true,"Approved hard Promotion puzzle with popularity 100, 1577 plays, and rating deviation 77"
vIJra,medium,promotion,approved,true,true,true,true,true,true,"Approved medium Promotion puzzle with popularity 100, 3166 plays, and rating deviation 74"
vJ3yv,easy,mate,approved,true,true,true,true,true,true,"Approved easy Mate puzzle with popularity 100, 6230 plays, and rating deviation 76"
vKJXg,hard,fork,approved,true,true,true,true,true,true,"Approved hard Fork puzzle with popularity 100, 1101 plays, and rating deviation 77"
vPomE,medium,deflection,approved,true,true,true,true,true,true,"Approved medium Deflection puzzle with popularity 100, 4251 plays, and rating deviation 75"
vRuwO,easy,fork,approved,true,true,true,true,true,true,"Approved easy Fork puzzle with popularity 100, 4778 plays, and rating deviation 76"
vTp8l,medium,promotion,approved,true,true,true,true,true,true,"Approved medium Promotion puzzle with popularity 100, 3826 plays, and rating deviation 76"
vUtMf,hard,sacrifice,approved,true,true,true,true,true,true,"Approved hard Sacrifice puzzle with popularity 98, 2073 plays, and rating deviation 77"
vUvRm,hard,mate,approved,true,true,true,true,true,true,"Approved hard Mate puzzle with popularity 100, 1010 plays, and rating deviation 75"
vZ3H9,easy,pin,approved,true,true,true,true,true,true,"Approved easy Pin puzzle with popularity 100, 4429 plays, and rating deviation 74"
vi0tl,medium,mate,approved,true,true,true,true,true,true,"Approved medium Mate puzzle with popularity 100, 5647 plays, and rating deviation 77"
vmCUM,hard,sacrifice,approved,true,true,true,true,true,true,"Approved hard Sacrifice puzzle with popularity 99, 1361 plays, and rating deviation 80"
vqaR0,hard,fork,approved,true,true,true,true,true,true,"Approved hard Fork puzzle with popularity 99, 1042 plays, and rating deviation 75"
vrk7n,hard,promotion,approved,true,true,true,true,true,true,"Approved hard Promotion puzzle with popularity 99, 1181 plays, and rating deviation 75"
vt86W,medium,mate,approved,true,true,true,true,true,true,"Approved medium Mate puzzle with popularity 100, 3537 plays, and rating deviation 75"
vtEEk,hard,discoveredAttack,approved,true,true,true,true,true,true,"Approved hard Discovered attack puzzle with popularity 100, 1067 plays, and rating deviation 76"
vtGTA,easy,pin,approved,true,true,true,true,true,true,"Approved easy Pin puzzle with popularity 100, 5913 plays, and rating deviation 76"
vuGoB,easy,skewer,approved,true,true,true,true,true,true,"Approved easy Skewer puzzle with popularity 100, 3428 plays, and rating deviation 75"
vuRbw,hard,mate,approved,true,true,true,true,true,true,"Approved hard Mate puzzle with popularity 98, 2141 plays, and rating deviation 77"
vwHr6,medium,mate,approved,true,true,true,true,true,true,"Approved medium Mate puzzle with popularity 100, 3633 plays, and rating deviation 76"
vwYyj,medium,mate,approved,true,true,true,true,true,true,"Approved medium Mate puzzle with popularity 100, 4170 plays, and rating deviation 75"
w0mSX,medium,deflection,approved,true,true,true,true,true,true,"Approved medium Deflection puzzle with popularity 100, 4315 plays, and rating deviation 76"
w5aP2,hard,sacrifice,approved,true,true,true,true,true,true,"Approved hard Sacrifice puzzle with popularity 99, 1180 plays, and rating deviation 77"
w8R6w,medium,discoveredAttack,approved,true,true,true,true,true,true,"Approved medium Discovered attack puzzle with popularity 100, 3486 plays, and rating deviation 75"
w8wXR,easy,discoveredAttack,approved,true,true,true,true,true,true,"Approved easy Discovered attack puzzle with popularity 100, 4286 plays, and rating deviation 75"
wFB38,easy,mate,approved,true,true,true,true,true,true,"Approved easy Mate puzzle with popularity 100, 4282 plays, and rating deviation 75"
wM1bN,hard,deflection,approved,true,true,true,true,true,true,"Approved hard Deflection puzzle with popularity 99, 1092 plays, and rating deviation 80"
wNCnb,easy,pin,approved,true,true,true,true,true,true,"Approved easy Pin puzzle with popularity 100, 4182 plays, and rating deviation 75"
wQbo1,hard,fork,approved,true,true,true,true,true,true,"Approved hard Fork puzzle with popularity 99, 1008 plays, and rating deviation 76"
wUQQ1,medium,promotion,approved,true,true,true,true,true,true,"Approved medium Promotion puzzle with popularity 100, 3070 plays, and rating deviation 77"
wY4EQ,easy,mate,approved,true,true,true,true,true,true,"Approved easy Mate puzzle with popularity 100, 5434 plays, and rating deviation 76"
wZyoV,easy,sacrifice,approved,true,true,true,true,true,true,"Approved easy Sacrifice puzzle with popularity 100, 4022 plays, and rating deviation 76"
waehH,medium,sacrifice,approved,true,true,true,true,true,true,"Approved medium Sacrifice puzzle with popularity 100, 3267 plays, and rating deviation 77"
wk3Pm,hard,mate,approved,true,true,true,true,true,true,"Approved hard Mate puzzle with popularity 99, 2143 plays, and rating deviation 76"
wkAzW,hard,fork,approved,true,true,true,true,true,true,"Approved hard Fork puzzle with popularity 99, 1499 plays, and rating deviation 76"
ww0Vw,easy,fork,approved,true,true,true,true,true,true,"Approved easy Fork puzzle with popularity 100, 4227 plays, and rating deviation 76"
wxaPF,hard,deflection,approved,true,true,true,true,true,true,"Approved hard Deflection puzzle with popularity 99, 1437 plays, and rating deviation 76"
wyerh,medium,sacrifice,approved,true,true,true,true,true,true,"Approved medium Sacrifice puzzle with popularity 100, 3982 plays, and rating deviation 77"
x10gW,medium,promotion,approved,true,true,true,true,true,true,"Approved medium Promotion puzzle with popularity 100, 5037 plays, and rating deviation 76"
x1iQr,medium,skewer,approved,true,true,true,true,true,true,"Approved medium Skewer puzzle with popularity 100, 3505 plays, and rating deviation 77"
x4E2n,easy,mate,approved,true,true,true,true,true,true,"Approved easy Mate puzzle with popularity 100, 4665 plays, and rating deviation 74"
x6yRN,hard,skewer,approved,true,true,true,true,true,true,"Approved hard Skewer puzzle with popularity 97, 4130 plays, and rating deviation 75"
xARsf,hard,discoveredAttack,approved,true,true,true,true,true,true,"Approved hard Discovered attack puzzle with popularity 99, 1813 plays, and rating deviation 78"
xHxom,easy,fork,approved,true,true,true,true,true,true,"Approved easy Fork puzzle with popularity 100, 4421 plays, and rating deviation 75"
xJy68,easy,fork,approved,true,true,true,true,true,true,"Approved easy Fork puzzle with popularity 100, 5409 plays, and rating deviation 76"
xNrNh,easy,mate,approved,true,true,true,true,true,true,"Approved easy Mate puzzle with popularity 100, 4038 plays, and rating deviation 74"
xPH9E,hard,discoveredAttack,approved,true,true,true,true,true,true,"Approved hard Discovered attack puzzle with popularity 99, 2151 plays, and rating deviation 77"
xSOMa,easy,mate,approved,true,true,true,true,true,true,"Approved easy Mate puzzle with popularity 100, 5421 plays, and rating deviation 75"
xd5Iz,medium,fork,approved,true,true,true,true,true,true,"Approved medium Fork puzzle with popularity 100, 3552 plays, and rating deviation 75"
xequY,hard,sacrifice,approved,true,true,true,true,true,true,"Approved hard Sacrifice puzzle with popularity 99, 1109 plays, and rating deviation 75"
xgOc9,medium,mate,approved,true,true,true,true,true,true,"Approved medium Mate puzzle with popularity 100, 3993 plays, and rating deviation 76"
xm2k8,medium,pin,approved,true,true,true,true,true,true,"Approved medium Pin puzzle with popularity 100, 3793 plays, and rating deviation 76"
xm4kX,hard,deflection,approved,true,true,true,true,true,true,"Approved hard Deflection puzzle with popularity 99, 1473 plays, and rating deviation 76"
xmQv3,hard,mate,approved,true,true,true,true,true,true,"Approved hard Mate puzzle with popularity 99, 1497 plays, and rating deviation 76"
xmRGt,medium,fork,approved,true,true,true,true,true,true,"Approved medium Fork puzzle with popularity 100, 3470 plays, and rating deviation 75"
xoaVS,easy,sacrifice,approved,true,true,true,true,true,true,"Approved easy Sacrifice puzzle with popularity 100, 4423 plays, and rating deviation 76"
xraDd,hard,fork,approved,true,true,true,true,true,true,"Approved hard Fork puzzle with popularity 99, 1537 plays, and rating deviation 76"
xyEc9,medium,mate,approved,true,true,true,true,true,true,"Approved medium Mate puzzle with popularity 100, 4849 plays, and rating deviation 75"
xywzL,hard,sacrifice,approved,true,true,true,true,true,true,"Approved hard Sacrifice puzzle with popularity 99, 1644 plays, and rating deviation 75"
y16z9,easy,discoveredAttack,approved,true,true,true,true,true,true,"Approved easy Discovered attack puzzle with popularity 100, 7925 plays, and rating deviation 76"
y2Jhd,hard,sacrifice,approved,true,true,true,true,true,true,"Approved hard Sacrifice puzzle with popularity 98, 2027 plays, and rating deviation 74"
y2eLm,medium,fork,approved,true,true,true,true,true,true,"Approved medium Fork puzzle with popularity 100, 3451 plays, and rating deviation 77"
yA66j,medium,mate,approved,true,true,true,true,true,true,"Approved medium Mate puzzle with popularity 100, 5093 plays, and rating deviation 75"
yCdc1,easy,mate,approved,true,true,true,true,true,true,"Approved easy Mate puzzle with popularity 100, 6619 plays, and rating deviation 77"
yD3ZD,medium,sacrifice,approved,true,true,true,true,true,true,"Approved medium Sacrifice puzzle with popularity 100, 3395 plays, and rating deviation 75"
yMxLd,easy,skewer,approved,true,true,true,true,true,true,"Approved easy Skewer puzzle with popularity 100, 2913 plays, and rating deviation 79"
yOUIK,hard,fork,approved,true,true,true,true,true,true,"Approved hard Fork puzzle with popularity 100, 1073 plays, and rating deviation 77"
yRVNG,easy,deflection,approved,true,true,true,true,true,true,"Approved easy Deflection puzzle with popularity 100, 3772 plays, and rating deviation 75"
yY7Ep,medium,skewer,approved,true,true,true,true,true,true,"Approved medium Skewer puzzle with popularity 100, 2701 plays, and rating deviation 76"
yZd65,easy,fork,approved,true,true,true,true,true,true,"Approved easy Fork puzzle with popularity 100, 6307 plays, and rating deviation 76"
yfAHP,medium,deflection,approved,true,true,true,true,true,true,"Approved medium Deflection puzzle with popularity 100, 2985 plays, and rating deviation 76"
yreOT,hard,pin,approved,true,true,true,true,true,true,"Approved hard Pin puzzle with popularity 99, 1048 plays, and rating deviation 75"
yw4eE,medium,deflection,approved,true,true,true,true,true,true,"Approved medium Deflection puzzle with popularity 100, 6816 plays, and rating deviation 75"
yx3bY,hard,fork,approved,true,true,true,true,true,true,"Approved hard Fork puzzle with popularity 99, 1047 plays, and rating deviation 76"
yyS1X,easy,deflection,approved,true,true,true,true,true,true,"Approved easy Deflection puzzle with popularity 100, 5083 plays, and rating deviation 76"
z0vNO,hard,skewer,approved,true,true,true,true,true,true,"Approved hard Skewer puzzle with popularity 97, 4367 plays, and rating deviation 76"
zD3hq,hard,mate,approved,true,true,true,true,true,true,"Approved hard Mate puzzle with popularity 100, 1064 plays, and rating deviation 78"
zL3u9,hard,sacrifice,approved,true,true,true,true,true,true,"Approved hard Sacrifice puzzle with popularity 99, 1462 plays, and rating deviation 77"
zNEnV,easy,sacrifice,approved,true,true,true,true,true,true,"Approved easy Sacrifice puzzle with popularity 100, 4617 plays, and rating deviation 76"
zSXkG,medium,sacrifice,approved,true,true,true,true,true,true,"Approved medium Sacrifice puzzle with popularity 100, 4537 plays, and rating deviation 76"
zZXxv,easy,discoveredAttack,approved,true,true,true,true,true,true,"Approved easy Discovered attack puzzle with popularity 100, 5833 plays, and rating deviation 78"
zfk6e,easy,deflection,approved,true,true,true,true,true,true,"Approved easy Deflection puzzle with popularity 100, 4012 plays, and rating deviation 75"
zgZ62,hard,deflection,approved,true,true,true,true,true,true,"Approved hard Deflection puzzle with popularity 99, 1165 plays, and rating deviation 76"
zhXMw,medium,deflection,approved,true,true,true,true,true,true,"Approved medium Deflection puzzle with popularity 100, 3656 plays, and rating deviation 77"
zpfTo,easy,fork,approved,true,true,true,true,true,true,"Approved easy Fork puzzle with popularity 100, 8525 plays, and rating deviation 78"
